comment_id,comment,author,like_count,time_text,reply,clean_comment,like_count_numeric,word_count,character_count,comment_type,sentiment
Ugy1UF-xl8nO0c6-K_R4AaABAg,Mother earth can live with or without the human beings.,@nikakiskainourgios2227,2.7K,2 bulan lalu (diedit),False,Mother earth can live with or without the human beings.,2700,10,55,Top-level,Positive
UgxoF6T9rsEzxfgIyX14AaABAg,El Niño growing to El Hombre,@v8van,1.8K,2 bulan lalu,False,El Niño growing to El Hombre,1800,6,28,Top-level,Neutral
Ugxgdko85P_MhG4gMSZ4AaABAg,why the video looks like a 90s news tv?,@theshuriken,566,2 bulan lalu,False,why the video looks like a 90s news tv?,566,9,39,Top-level,Neutral
Ugz3jagskTxouJyuo_F4AaABAg,Everybody ought to start panicking because it always helps,@lahayestudiofrqc8708,22,2 bulan lalu,False,Everybody ought to start panicking because it always helps,22,9,58,Top-level,Neutral
Ugw7t7XBAr39u7rTn354AaABAg,"Everyone’s busy arguing, meanwhile a massive El Niño is lining up… priorities are wild.",@enfriendumachan,59,2 bulan lalu,False,"Everyone’s busy arguing, meanwhile a massive El Niño is lining up… priorities are wild.",59,14,87,Top-level,Positive
UgxkfrgxlqfE8LCPpa94AaABAg,The world when it's my turn to be an adult:,@TheStickyDynamite,389,2 bulan lalu,False,The world when it's my turn to be an adult:,389,10,43,Top-level,Positive
UgzNjNBC_iKKErXa_fd4AaABAg,I think the affect on chocolate prices is the least of anyone's concerns.,@chemtrailtruth,540,2 bulan lalu,False,I think the affect on chocolate prices is the least of anyone's concerns.,540,13,73,Top-level,Negative
UgzWRKwmlvSLyKa7lDp4AaABAg,"AI data centers produces too much heat, uses a tonne of water.",@toryfnaz,992,2 bulan lalu,False,"AI data centers produces too much heat, uses a tonne of water.",992,12,62,Top-level,Positive
UgzCkXSw9I0_QYCKfvF4AaABAg,Temperature is low but humidity is crazy where i live,@NeNeisL,8,2 bulan lalu,False,Temperature is low but humidity is crazy where i live,8,10,53,Top-level,Negative
UgygorU_zCpQAmypxfZ4AaABAg,The smooth editing and pacing kept everything engaging throughout this entertaining uploaded project online.,@ChurchmanKopczyk,0,2 bulan lalu,False,The smooth editing and pacing kept everything engaging throughout this entertaining uploaded project online.,0,14,108,Top-level,Positive
UgwozM-LE3OoLsQltw54AaABAg,Some people still don’t believe in human caused climate change….but your home insurance company does.,@bjam66,930,2 bulan lalu,False,Some people still don’t believe in human caused climate change….but your home insurance company does.,930,15,101,Top-level,Neutral
UgwbRErOfgrOYPQkEnN4AaABAg,But the politicians taking bribes from the oil companies are saying this is all wrong and fake news,@Greenpoloboy3,372,2 bulan lalu,False,But the politicians taking bribes from the oil companies are saying this is all wrong and fake news,372,18,99,Top-level,Negative
UgykIBLMKSM4Q8-y3t94AaABAg,"To summarise: it will be dryer and wetter, but and also hotter and cooler",@Gavin-n4j7m,310,2 bulan lalu,False,"To summarise: it will be dryer and wetter, but and also hotter and cooler",310,14,73,Top-level,Neutral
Ugwiv6GkMXrPZSdOf-N4AaABAg,"I can’t believe people are talking about this like it’s “normal”, it’s not “normal”.",@PolarioBear,11,1 bulan lalu,False,"I can’t believe people are talking about this like it’s “normal”, it’s not “normal”.",11,14,84,Top-level,Neutral
UgyeFaJeuXX9Aw6E3lx4AaABAg,Here in Houston Texas it’s been crazy it really hasn’t been that hot.,@velorza71,7,2 bulan lalu,False,Here in Houston Texas it’s been crazy it really hasn’t been that hot.,7,13,69,Top-level,Neutral
UgyuFaZ5p2ZwApX45AR4AaABAg,"For us here in Japan as well as neighbouring countries, a warmer sea is not good news at all. This is going to potentially be the catalyst for more typhoons and the warmer the sea, the stronger they are. We also likely to see even higher summer temperatures than last year, which were already record breaking and many places hitting the lower 40s (degrees celsius).",@andrewjones-productions,248,2 bulan lalu,False,"For us here in Japan as well as neighbouring countries, a warmer sea is not good news at all. This is going to potentially be the catalyst for more typhoons and the warmer the sea, the stronger they are. We also likely to see even higher summer temperatures than last year, which were already record breaking and many places hitting the lower 40s (degrees celsius).",248,65,365,Top-level,Positive
Ugyogw1SVLJw0A7kIQt4AaABAg,Here on the pacific coast of North Mexico the heat is really quite extreme for this time of years.  Last year lost all 8 of my shade trees in the summer storms,@sararichardson737,99,2 bulan lalu,False,Here on the pacific coast of North Mexico the heat is really quite extreme for this time of years. Last year lost all 8 of my shade trees in the summer storms,99,32,158,Top-level,Neutral
Ugw2GlbOAGp3n4CRFi14AaABAg,It's already super hot 🥵 in the Philippines  we will be affected in ElNiño soon,@dwellerdelariva2206,159,2 bulan lalu (diedit),False,It's already super hot 🥵 in the Philippines we will be affected in ElNiño soon,159,15,78,Top-level,Positive
UgxMiwLt7XcKSd-LD954AaABAg,Its already here ...Huntsville Alabama has experienced turbulent weather patterns ever since I relocated there during covid...,@kimmberrleeohthatsme5493,3,2 bulan lalu,False,Its already here ...Huntsville Alabama has experienced turbulent weather patterns ever since I relocated there during covid...,3,17,126,Top-level,Positive
UgzSVALI6hxZJMJ5Qpx4AaABAg,There is only one Fernando Torres 👏👍🏻,@BigBadMogz,65,2 bulan lalu,False,There is only one Fernando Torres 👏👍🏻,65,7,37,Top-level,Neutral
Ugy1UF-xl8nO0c6-K_R4AaABAg.AWqQxGgPlO9AWvJ477k_Aj,"Ive always said that if you look at the planet earth like a living organism and did a timelapse of its history, human life just looks like a virus making it sick.",@SpicyRikers,48,2 bulan lalu,True,"Ive always said that if you look at the planet earth like a living organism and did a timelapse of its history, human life just looks like a virus making it sick.",48,32,162,Reply,Negative
Ugy1UF-xl8nO0c6-K_R4AaABAg.AWqQxGgPlO9AXBlOZu1U6s,​ @SpicyRikers I was just saying the same a couple of days ago. We are actually a virus on this planet,@soulatma,6,2 bulan lalu,True,​ @SpicyRikers I was just saying the same a couple of days ago. We are actually a virus on this planet,6,21,102,Reply,Neutral
Ugy1UF-xl8nO0c6-K_R4AaABAg.AWqQxGgPlO9AXBGRTk1Sz4, @SpicyRikers 😂😂😂,@sf49erswarriorsgiantsgumba99,1,2 bulan lalu,True,@SpicyRikers 😂😂😂,1,2,16,Reply,Neutral
Ugy1UF-xl8nO0c6-K_R4AaABAg.AWqQxGgPlO9AXTkHUdCPNu,​ @SpicyRikers good thing it's not a living organism..,@JPQ-y7d,0,2 bulan lalu,True,​ @SpicyRikers good thing it's not a living organism..,0,9,54,Reply,Positive
Ugy1UF-xl8nO0c6-K_R4AaABAg.AWqQxGgPlO9AWujGvwOP5i,"That's right, earth will continue to be here long after humans are gone, we won't be here that long anyways",@eddscall,23,2 bulan lalu (diedit),True,"That's right, earth will continue to be here long after humans are gone, we won't be here that long anyways",23,20,107,Reply,Positive
Ugy1UF-xl8nO0c6-K_R4AaABAg.AWqQxGgPlO9AXfTextJfYw," @eddscall  ah so that is the reason ""earth allowed"" of human evolve :) that must be it...",@darklca,0,2 bulan lalu,True,"@eddscall ah so that is the reason ""earth allowed"" of human evolve :) that must be it...",0,17,88,Reply,Positive
Ugy1UF-xl8nO0c6-K_R4AaABAg.AWqQxGgPlO9AWyHOAzDD5X,"We need to stop wars, thry are affecting our planet too.",@zadaHabib1234,5,2 bulan lalu,True,"We need to stop wars, thry are affecting our planet too.",5,11,56,Reply,Neutral
Ugy1UF-xl8nO0c6-K_R4AaABAg.AWqQxGgPlO9AWyI9BYfDl1,"​ @zadaHabib1234 
Could be. 😊",@benfranklin3963,0,2 bulan lalu,True,​ @zadaHabib1234 Could be. 😊,0,5,28,Reply,Neutral
Ugy1UF-xl8nO0c6-K_R4AaABAg.AWqQxGgPlO9AWu_o_a7SeI,We didn't cause this.,@WillanKhatter-l2m2b,2,2 bulan lalu,True,We didn't cause this.,2,4,21,Reply,Neutral
Ugy1UF-xl8nO0c6-K_R4AaABAg.AWqQxGgPlO9AWwz-0F8jOz," @WillanKhatter-l2m2b   in fact, you do.",@whatonearth-q1x,1,2 bulan lalu,True,"@WillanKhatter-l2m2b in fact, you do.",1,5,37,Reply,Neutral
Ugy1UF-xl8nO0c6-K_R4AaABAg.AWqQxGgPlO9AWxzApXfo-K,this isn't deep😂😂,@alele-k1i,2,2 bulan lalu,True,this isn't deep😂😂,2,3,17,Reply,Neutral
Ugy1UF-xl8nO0c6-K_R4AaABAg.AWqQxGgPlO9AWzpSpcdugx,"Who is destroying come on, thats not the reason of el nino plz",@Calmbeautyyy-c4p,1,2 bulan lalu,True,"Who is destroying come on, thats not the reason of el nino plz",1,13,62,Reply,Negative
Ugy1UF-xl8nO0c6-K_R4AaABAg.AWqQxGgPlO9AX0hY_Cp2FA,"OK, bambi.",@tianlong23,1,2 bulan lalu,True,"OK, bambi.",1,2,10,Reply,Positive
Ugy1UF-xl8nO0c6-K_R4AaABAg.AWqQxGgPlO9AX27_crknX8,"She is having some fever, that's all. Based on her age, it is a mild symptom. It wont take a lifetime 😊 Good day to you ❤",@pzan49,1,2 bulan lalu,True,"She is having some fever, that's all. Based on her age, it is a mild symptom. It wont take a lifetime 😊 Good day to you ❤",1,27,121,Reply,Positive
Ugy1UF-xl8nO0c6-K_R4AaABAg.AWqQxGgPlO9AXBngIUFvH8,Everyone forgets about the fallen angels living here with us.,@QueenBNatural87,1,2 bulan lalu,True,Everyone forgets about the fallen angels living here with us.,1,10,61,Reply,Neutral
Ugy1UF-xl8nO0c6-K_R4AaABAg.AWqQxGgPlO9AXEeZkO0UkB,Nature does NOT need humans 😑but humans need nature 😈,@jettthebluedragon,1,2 bulan lalu,True,Nature does NOT need humans 😑but humans need nature 😈,1,10,53,Reply,Neutral
Ugy1UF-xl8nO0c6-K_R4AaABAg.AWqQxGgPlO9A_4_EFVogyW,"All things that are happening is cos of our sins , mother earth my arse",@ALLUK633,1,5 hari lalu,True,"All things that are happening is cos of our sins , mother earth my arse",1,15,71,Reply,Neutral
Ugy1UF-xl8nO0c6-K_R4AaABAg.AWqQxGgPlO9AWrjWzgegmu,"The planet, and all other animals, would be far better off without us, that's for sure!",@iraceruk,18,2 bulan lalu,True,"The planet, and all other animals, would be far better off without us, that's for sure!",18,16,87,Reply,Positive
Ugy1UF-xl8nO0c6-K_R4AaABAg.AWqQxGgPlO9AWsOh1gJS2N,​ @iraceruk been saying this for years👏👏👏,@jayjmoi6744,2,2 bulan lalu,True,​ @iraceruk been saying this for years👏👏👏,2,7,41,Reply,Neutral
Ugy1UF-xl8nO0c6-K_R4AaABAg.AWqQxGgPlO9AWsLuSGqxl9," @iraceruk  actually, it is said that one day when ai has access to a quantumn computer, it will be able to figure out zero point energy [ free energy ] and we will live in a type 3 civilisation [ a star trek utopia ] have faith..",@Jah_Babylon,0,2 bulan lalu,True,"@iraceruk actually, it is said that one day when ai has access to a quantumn computer, it will be able to figure out zero point energy [ free energy ] and we will live in a type 3 civilisation [ a star trek utopia ] have faith..",0,47,228,Reply,Positive
Ugy1UF-xl8nO0c6-K_R4AaABAg.AWqQxGgPlO9AWtU_onm1v7,Yes😂,@raidraven_1,0,2 bulan lalu,True,Yes😂,0,1,4,Reply,Neutral
Ugy1UF-xl8nO0c6-K_R4AaABAg.AWqQxGgPlO9AWtiHxEKErw,Let me pay my ac bill haha,@anthony_supreme,0,2 bulan lalu,True,Let me pay my ac bill haha,0,7,26,Reply,Positive
Ugy1UF-xl8nO0c6-K_R4AaABAg.AWqQxGgPlO9AWuKLA2nZkZ,"yeah yeah yeah . . . 

We are her. We come from nature and are a different version of her when she becomes fully aware and hyper conscious.

I don't she wants us to go because we don't want to go, at least most of us",@JoannaCoffee,0,2 bulan lalu,True,"yeah yeah yeah . . . We are her. We come from nature and are a different version of her when she becomes fully aware and hyper conscious. I don't she wants us to go because we don't want to go, at least most of us",0,46,213,Reply,Positive
Ugy1UF-xl8nO0c6-K_R4AaABAg.AWqQxGgPlO9AYmkVNC3gvg," @JoannaCoffee  ok that means that plants wre the same as us cus we come from plants, we have been here for maybe 60,000 years earth has existed for billions. Humans are not going to live for a million years, we will prob die in maybe 3000 years, we have not taken up that much time from earth, and in the time we were here we made earth hell. Considered to species that maybe will exist after us we are nkt special",@2manswhen,0,1 bulan lalu,True,"@JoannaCoffee ok that means that plants wre the same as us cus we come from plants, we have been here for maybe 60,000 years earth has existed for billions. Humans are not going to live for a million years, we will prob die in maybe 3000 years, we have not taken up that much time from earth, and in the time we were here we made earth hell. Considered to species that maybe will exist after us we are nkt special",0,81,413,Reply,Positive
Ugy1UF-xl8nO0c6-K_R4AaABAg.AWqQxGgPlO9AWunwxTcBWz,It did and thrived 😅,@allenjaygaming3675,0,2 bulan lalu,True,It did and thrived 😅,0,5,20,Reply,Neutral
Ugy1UF-xl8nO0c6-K_R4AaABAg.AWqQxGgPlO9AWvpWRGd8pc,And it will die eventually regardless of what we do to it along with everything on it,@XOC-UNDXAD,0,2 bulan lalu,True,And it will die eventually regardless of what we do to it along with everything on it,0,17,85,Reply,Neutral
Ugy1UF-xl8nO0c6-K_R4AaABAg.AWqQxGgPlO9AWvyoNqba9h,😅,@heidis605,0,2 bulan lalu,True,😅,0,1,1,Reply,Neutral
Ugy1UF-xl8nO0c6-K_R4AaABAg.AWqQxGgPlO9AWw41Dp_y41,Much better without.,@jamesanderson5268,0,2 bulan lalu,True,Much better without.,0,3,20,Reply,Positive
Ugy1UF-xl8nO0c6-K_R4AaABAg.AWqQxGgPlO9AWwQdkKN-AM,FACT,@keyblade5916,0,2 bulan lalu,True,FACT,0,1,4,Reply,Neutral
Ugy1UF-xl8nO0c6-K_R4AaABAg.AWqQxGgPlO9AWwerV2nU-i,"As can the universe without earth, our sun system or even the 100 billion sun systems within the milky way. What is your point? We are as irrelevant as earth in that regard",@soghotze,0,2 bulan lalu,True,"As can the universe without earth, our sun system or even the 100 billion sun systems within the milky way. What is your point? We are as irrelevant as earth in that regard",0,33,172,Reply,Negative
Ugy1UF-xl8nO0c6-K_R4AaABAg.AWqQxGgPlO9AWxEui0j-cY,💯,@benji1775,0,2 bulan lalu,True,💯,0,1,1,Reply,Neutral
Ugy1UF-xl8nO0c6-K_R4AaABAg.AWqQxGgPlO9AX0jwSJHXY9,Well said,@flight8594,0,2 bulan lalu,True,Well said,0,2,9,Reply,Neutral
Ugy1UF-xl8nO0c6-K_R4AaABAg.AWqQxGgPlO9AX1n5ysMfjk,Damn right about that.,@clancybenedict6647,0,2 bulan lalu,True,Damn right about that.,0,4,22,Reply,Positive
Ugy1UF-xl8nO0c6-K_R4AaABAg.AWqQxGgPlO9AX56TeXfAnC,Team Mother Earth.,@hill3016,0,2 bulan lalu,True,Team Mother Earth.,0,3,18,Reply,Neutral
Ugy1UF-xl8nO0c6-K_R4AaABAg.AWqQxGgPlO9AX5ynI1jkFY,"Mission to Mars
Mission to moon
Missile testing
Satellite lunching 
Military Exercise 
New iCBM testing 
New aircraft testing
New airoplane lunching 
New fighter plane testing 
New bike, car lunching
New road project etc etc etc

All of above have Zero pollution and human is getting more facility, more technology.",@jenatk,0,2 bulan lalu,True,"Mission to Mars Mission to moon Missile testing Satellite lunching Military Exercise New iCBM testing New aircraft testing New airoplane lunching New fighter plane testing New bike, car lunching New road project etc etc etc All of above have Zero pollution and human is getting more facility, more technology.",0,49,309,Reply,Positive
Ugy1UF-xl8nO0c6-K_R4AaABAg.AWqQxGgPlO9AX6JrANyUNt,"올해는 석유 공급이 줄어서 이산화탄소 배출이 많이 감소했죠.
원래 이산화탄소가 성층권에서 복사 에너지를 방출하기 때문에,
늘어난 식물들이 이산화탄소를 상당 부분 먹어치운 4~5월부터 급격히 온도가 올라가게 됩니다.
아래 논문을 보면,
""12 years of continuous atmospheric O2, CO2 and APO data from Weybourne Atmospheric Observatory in the United Kingdom"" 
1년 중 월별 이산화탄소 및 산소의 변화 추이를 나타낸 그래프가 있는데요.
겨울철에 이산화탄소 농도가 높았다가,
여름철에 급격히 낮아지고 대신 산소가 늘어납니다.
보통의 생각과 달리 여름철에 오히려 이산화탄소 농도가 크게 낮죠.
겨울 대비 약 16ppm정도 낮습니다.
근래 몇 ppm이 증가해서 온난화가 가중된다고 하던걸 생각해보시면.
16ppm이 얼마나 큰 수치인지 체감하실겁니다.
이산화탄소는 복사 에너지를 방출하는 역할을 하기 때문에,
식물군이 흡수해서 이산화탄소의 양이 줄어든 여름철에 가장 더울수 있는 것입니다.

즉, 이산화탄소가 온난화를 유발한다는 기존 기후 모델은 부실하다 할수 있습니다.
이산화탄소가 적외선 복사를 포획해서 온난화를 유발한다는 것이 그 논리의 바탕인데요.
적외선 복사가 대류보다 더 효과적인 것은, 온도가 섭씨 300도 이상에서부터 이고,
지구 대기 환경에서는 대류가 압도적입니다.
뜨거운 공기는 대류에 의해 상층으로 이동하고,
그건 최상층의 이산화탄소 적외선 복사에 의해 우주로 방출됩니다.
즉, 대기 하층 중층에서는 복사와 관계없이 대류에 의해 상층으로 열기가 올라가고,
상층에선 이산화탄소가 복사 에너지 방출 창구 역할을 하는 것입니다.

따라서 오히려 이산화탄소의 증가는 오히려 방출 창구의 증가로 이어져 대기를 냉각 시킵니다.
위 논문에서 나오는 여름철 급격한 이산화탄소 밀도의 하락은 그런 의미도 내포하고 있는 것입니다.

최근 5월11일에 국제 학술지 ‘네이쳐 지오사이언스(Nature Geoscience)에 게재된 아래 논문에서 증명한 내용이,
이산화탄소는 대기 상층인 성층권에서 실질적인 냉각 효과를 일으킨다는 것을 수치적으로 입증한 것입니다.
논문 제목은 아래와 같습니다.
""Stratospheric cooling and amplification of radiative forcing with rising carbon dioxide""",@ChiwooKhanTV,0,2 bulan lalu,True,"올해는 석유 공급이 줄어서 이산화탄소 배출이 많이 감소했죠. 원래 이산화탄소가 성층권에서 복사 에너지를 방출하기 때문에, 늘어난 식물들이 이산화탄소를 상당 부분 먹어치운 4~5월부터 급격히 온도가 올라가게 됩니다. 아래 논문을 보면, ""12 years of continuous atmospheric O2, CO2 and APO data from Weybourne Atmospheric Observatory in the United Kingdom"" 1년 중 월별 이산화탄소 및 산소의 변화 추이를 나타낸 그래프가 있는데요. 겨울철에 이산화탄소 농도가 높았다가, 여름철에 급격히 낮아지고 대신 산소가 늘어납니다. 보통의 생각과 달리 여름철에 오히려 이산화탄소 농도가 크게 낮죠. 겨울 대비 약 16ppm정도 낮습니다. 근래 몇 ppm이 증가해서 온난화가 가중된다고 하던걸 생각해보시면. 16ppm이 얼마나 큰 수치인지 체감하실겁니다. 이산화탄소는 복사 에너지를 방출하는 역할을 하기 때문에, 식물군이 흡수해서 이산화탄소의 양이 줄어든 여름철에 가장 더울수 있는 것입니다. 즉, 이산화탄소가 온난화를 유발한다는 기존 기후 모델은 부실하다 할수 있습니다. 이산화탄소가 적외선 복사를 포획해서 온난화를 유발한다는 것이 그 논리의 바탕인데요. 적외선 복사가 대류보다 더 효과적인 것은, 온도가 섭씨 300도 이상에서부터 이고, 지구 대기 환경에서는 대류가 압도적입니다. 뜨거운 공기는 대류에 의해 상층으로 이동하고, 그건 최상층의 이산화탄소 적외선 복사에 의해 우주로 방출됩니다. 즉, 대기 하층 중층에서는 복사와 관계없이 대류에 의해 상층으로 열기가 올라가고, 상층에선 이산화탄소가 복사 에너지 방출 창구 역할을 하는 것입니다. 따라서 오히려 이산화탄소의 증가는 오히려 방출 창구의 증가로 이어져 대기를 냉각 시킵니다. 위 논문에서 나오는 여름철 급격한 이산화탄소 밀도의 하락은 그런 의미도 내포하고 있는 것입니다. 최근 5월11일에 국제 학술지 ‘네이쳐 지오사이언스(Nature Geoscience)에 게재된 아래 논문에서 증명한 내용이, 이산화탄소는 대기 상층인 성층권에서 실질적인 냉각 효과를 일으킨다는 것을 수치적으로 입증한 것입니다. 논문 제목은 아래와 같습니다. ""Stratospheric cooling and amplification of radiative forcing with rising carbon dioxide""",0,246,1189,Reply,Neutral
Ugy1UF-xl8nO0c6-K_R4AaABAg.AWqQxGgPlO9AXAa51FnWL5,K bye,@RealityTVoclock,0,2 bulan lalu,True,K bye,0,2,5,Reply,Neutral
Ugy1UF-xl8nO0c6-K_R4AaABAg.AWqQxGgPlO9AXBGMkbbS7y,You think?😂😂😂😂,@sf49erswarriorsgiantsgumba99,0,2 bulan lalu,True,You think?😂😂😂😂,0,2,14,Reply,Neutral
Ugy1UF-xl8nO0c6-K_R4AaABAg.AWqQxGgPlO9AXDpTa_7QtD,And the biosphere can do a lot better without humans,@jollyjokress3852,0,2 bulan lalu,True,And the biosphere can do a lot better without humans,0,10,52,Reply,Positive
Ugy1UF-xl8nO0c6-K_R4AaABAg.AWqQxGgPlO9AXEYPXDnFpX,We are ants on her🌎,@p.westbrook220,0,2 bulan lalu,True,We are ants on her🌎,0,5,19,Reply,Neutral
Ugy1UF-xl8nO0c6-K_R4AaABAg.AWqQxGgPlO9AXIucibDdP2,Hopefully without Humans!!!!,@bottlefed517,0,2 bulan lalu,True,Hopefully without Humans!!!!,0,3,28,Reply,Neutral
Ugy1UF-xl8nO0c6-K_R4AaABAg.AWqQxGgPlO9AXKm9lhZVe3,"It takes 60 years to decommission a nuclear power plant 437+ plants worldwide. Without humans around to maintain them, there would be enormous habitat loss and severe contamination. It is eery to think the next life forms of earth could be irradiated mutations with unknown side effects. Certainly life and as we know it today would cease to exist. It would be microbes, fungi and bacterium lol. Perhaps sending us back billions of years, with a largely uninhabitable landscape. 🤔",@HypnotizeMinds69,0,2 bulan lalu (diedit),True,"It takes 60 years to decommission a nuclear power plant 437+ plants worldwide. Without humans around to maintain them, there would be enormous habitat loss and severe contamination. It is eery to think the next life forms of earth could be irradiated mutations with unknown side effects. Certainly life and as we know it today would cease to exist. It would be microbes, fungi and bacterium lol. Perhaps sending us back billions of years, with a largely uninhabitable landscape. 🤔",0,80,480,Reply,Positive
Ugy1UF-xl8nO0c6-K_R4AaABAg.AWqQxGgPlO9AXKnHWEAepk,"​ @HypnotizeMinds69 

Those effects would be largely localised, the vast majority of the planet's land mass would remain largely unaffected.


Coal Power Plant ash pits ought to be more concerning. One large enough flood or amy other damage to the containment could lead to full ground water contamination on the scale of tens of thousands of years.

These ash pits far out number any other potential cause of ecological disaster.",@mayorofhelltown4400,0,2 bulan lalu,True,"​ @HypnotizeMinds69 Those effects would be largely localised, the vast majority of the planet's land mass would remain largely unaffected. Coal Power Plant ash pits ought to be more concerning. One large enough flood or amy other damage to the containment could lead to full ground water contamination on the scale of tens of thousands of years. These ash pits far out number any other potential cause of ecological disaster.",0,70,425,Reply,Positive
Ugy1UF-xl8nO0c6-K_R4AaABAg.AWqQxGgPlO9AXUAzV5Tzpx,"you mean like dinosaurs?
as much as humans cause problems, they also protect nature, they plant trees, feed animals, protect rare species ..etc",@SethiozProject,0,2 bulan lalu,True,"you mean like dinosaurs? as much as humans cause problems, they also protect nature, they plant trees, feed animals, protect rare species ..etc",0,23,143,Reply,Positive
Ugy1UF-xl8nO0c6-K_R4AaABAg.AWqQxGgPlO9AY-MVFKZ62b,The human species is so smart that is heading up to its own extinction.,@aubreyharper4829,0,1 bulan lalu,True,The human species is so smart that is heading up to its own extinction.,0,14,71,Reply,Positive
Ugy1UF-xl8nO0c6-K_R4AaABAg.AWqQxGgPlO9AYffT0K-wnG,"""Believe none of what you hear and half of what you see"" Benjamin Franklin. Leftist thinking is destroying our society. The earth is going through an expansion stage as it does every 80 to 120 years no biggie, but people will try to tell you differently and make a profit.",@BondiRemember,0,1 bulan lalu,True,"""Believe none of what you hear and half of what you see"" Benjamin Franklin. Leftist thinking is destroying our society. The earth is going through an expansion stage as it does every 80 to 120 years no biggie, but people will try to tell you differently and make a profit.",0,50,272,Reply,Negative
Ugy1UF-xl8nO0c6-K_R4AaABAg.AWqQxGgPlO9AYmk9IFVHpe,"Am I a pshchopath for saying i genuinely hope humans die in the next like 100 years, I hate how they destroy the world it’s horrible",@2manswhen,0,1 bulan lalu,True,"Am I a pshchopath for saying i genuinely hope humans die in the next like 100 years, I hate how they destroy the world it’s horrible",0,26,132,Reply,Negative
Ugy1UF-xl8nO0c6-K_R4AaABAg.AWqQxGgPlO9AWso2KAtJt0,"well without humans, she might live longer healthier and abundant for rest of the species!!",@mpkartik999,9,2 bulan lalu,True,"well without humans, she might live longer healthier and abundant for rest of the species!!",9,15,91,Reply,Positive
Ugy1UF-xl8nO0c6-K_R4AaABAg.AWqQxGgPlO9AWtHRbcyND1," @mpkartik999  go ahead and help “Mother Earth” out then. You start, the world will be better. Lol",@Nate12-,4,2 bulan lalu,True,"@mpkartik999 go ahead and help “Mother Earth” out then. You start, the world will be better. Lol",4,17,96,Reply,Positive
Ugy1UF-xl8nO0c6-K_R4AaABAg.AWqQxGgPlO9AWsrEfTymnQ," @mpkartik999  you first,",@bo-zd2fj,2,2 bulan lalu,True,"@mpkartik999 you first,",2,3,23,Reply,Positive
Ugy1UF-xl8nO0c6-K_R4AaABAg.AWqQxGgPlO9AWsH7kUw1vw,the double slit experiment may suggest that there is no mother earth without humans observing it lol..,@Jah_Babylon,8,2 bulan lalu,True,the double slit experiment may suggest that there is no mother earth without humans observing it lol..,8,17,102,Reply,Positive
Ugy1UF-xl8nO0c6-K_R4AaABAg.AWqQxGgPlO9AWsU4QGiI94," @Jah_Babylon  Thats a wildly wrong misinterpretation of the double slit experiment. The 'observer' there is not a human or even anything alive. Observation there is physical interaction (like a sensor), not anything that requires consciousness",@nuhuhuhuh-f8h,13,2 bulan lalu (diedit),True,"@Jah_Babylon Thats a wildly wrong misinterpretation of the double slit experiment. The 'observer' there is not a human or even anything alive. Observation there is physical interaction (like a sensor), not anything that requires consciousness",13,35,242,Reply,Negative
Ugy1UF-xl8nO0c6-K_R4AaABAg.AWqQxGgPlO9AWrU97G_L1G,Mother Earth is her ability to nurture life. If not a piece of rock from sun cooling in time.,@pravsportify,7,2 bulan lalu,True,Mother Earth is her ability to nurture life. If not a piece of rock from sun cooling in time.,7,19,93,Reply,Neutral
Ugy1UF-xl8nO0c6-K_R4AaABAg.AWqQxGgPlO9AWvPy-cJgDb,​ @pravsportify 🤪😜,@UtubeRwokeLefties,1,2 bulan lalu,True,​ @pravsportify 🤪😜,1,3,18,Reply,Neutral
Ugy1UF-xl8nO0c6-K_R4AaABAg.AWqQxGgPlO9AWsFc_pRIUx,stop anthropomorphising inanimate objects,@nuhuhuhuh-f8h,7,2 bulan lalu,True,stop anthropomorphising inanimate objects,7,4,41,Reply,Neutral
Ugy1UF-xl8nO0c6-K_R4AaABAg.AWqQxGgPlO9AWuzaAhu8fd, @nuhuhuhuh-f8h  Is anthropomorphising a new word you learned that you wanted try out?,@MakeUkraineRussiaAgain,6,2 bulan lalu,True,@nuhuhuhuh-f8h Is anthropomorphising a new word you learned that you wanted try out?,6,13,84,Reply,Positive
Ugy1UF-xl8nO0c6-K_R4AaABAg.AWqQxGgPlO9AWuokKVjLfN, @nuhuhuhuh-f8h  No.,@user-yd6tm5ne2e,0,2 bulan lalu,True,@nuhuhuhuh-f8h No.,0,2,18,Reply,Neutral
Ugy1UF-xl8nO0c6-K_R4AaABAg.AWqQxGgPlO9AWv7WivdhA1, @nuhuhuhuh-f8h  that was funny! thanx.,@sebastianblue8688,0,2 bulan lalu,True,@nuhuhuhuh-f8h that was funny! thanx.,0,5,37,Reply,Positive
Ugy1UF-xl8nO0c6-K_R4AaABAg.AWqQxGgPlO9AWs1GOo_TQC,"100%, we are just cancer, even if all human disappear we already leave behind the nuclear waste and abandoned the nuclear power plant which cause more damage to the environment and animal in the future 😂. and dont forget all those trash floating away in the ocean",@odiagam5755,6,2 bulan lalu,True,"100%, we are just cancer, even if all human disappear we already leave behind the nuclear waste and abandoned the nuclear power plant which cause more damage to the environment and animal in the future 😂. and dont forget all those trash floating away in the ocean",6,47,263,Reply,Neutral
Ugy1UF-xl8nO0c6-K_R4AaABAg.AWqQxGgPlO9AWuEyPxK26N, @odiagam5755  YOU EDUCATED GOD SHOULD BE IN A COURSE ON AERONAUTICAL FLIGHT. THIS IS THE KNOWLEDGE YOU GAIN IN THE EARLY GRADE. IN SCHOOL! AND WHAT ARE THESE EARTHQUAKES?,@raunohurt43,0,2 bulan lalu,True,@odiagam5755 YOU EDUCATED GOD SHOULD BE IN A COURSE ON AERONAUTICAL FLIGHT. THIS IS THE KNOWLEDGE YOU GAIN IN THE EARLY GRADE. IN SCHOOL! AND WHAT ARE THESE EARTHQUAKES?,0,29,169,Reply,Positive
Ugy1UF-xl8nO0c6-K_R4AaABAg.AWqQxGgPlO9AWyYc8AsOX6, @odiagam5755 what if it ALL disappeared huh,@zzr5993,0,2 bulan lalu,True,@odiagam5755 what if it ALL disappeared huh,0,7,43,Reply,Neutral
Ugy1UF-xl8nO0c6-K_R4AaABAg.AWqQxGgPlO9AWuvAV-FFFb,Better without them.,@dagleytim,6,2 bulan lalu,True,Better without them.,6,3,20,Reply,Positive
Ugy1UF-xl8nO0c6-K_R4AaABAg.AWqQxGgPlO9AWxBEmVG_Tb, @dagleytim are you part of ‘them’?,@cherylepearce2666,7,2 bulan lalu,True,@dagleytim are you part of ‘them’?,7,6,34,Reply,Neutral
Ugy1UF-xl8nO0c6-K_R4AaABAg.AWqQxGgPlO9AWzU1WLUkRp, @dagleytim Lead by example then,@Not4ev3ry1,2,2 bulan lalu,True,@dagleytim Lead by example then,2,5,31,Reply,Neutral
Ugy1UF-xl8nO0c6-K_R4AaABAg.AWqQxGgPlO9AWxXB2Nj5LJ,"Exactly: those stupid humans don’t realise that they aren’t destroying the planet, but only the habitat that allows them to survive. If they were to become extinct, Mother Earth would continue to live, regain her balance, and would certainly benefit from it.",@hannaray9081,5,2 bulan lalu,True,"Exactly: those stupid humans don’t realise that they aren’t destroying the planet, but only the habitat that allows them to survive. If they were to become extinct, Mother Earth would continue to live, regain her balance, and would certainly benefit from it.",5,42,258,Reply,Negative
Ugy1UF-xl8nO0c6-K_R4AaABAg.AWqQxGgPlO9AWxXkShNnQh,"​ @hannaray9081 

 Genesis 1:28
[28]And God blessed them, and God said unto them, Be fruitful, and multiply, and replenish the earth, and subdue it: and have dominion over the fish of the sea, and over the fowl of the air, and over every living thing that moveth upon the earth. 😊",@benfranklin3963,3,2 bulan lalu,True,"​ @hannaray9081 Genesis 1:28 [28]And God blessed them, and God said unto them, Be fruitful, and multiply, and replenish the earth, and subdue it: and have dominion over the fish of the sea, and over the fowl of the air, and over every living thing that moveth upon the earth. 😊",3,51,277,Reply,Neutral
Ugy1UF-xl8nO0c6-K_R4AaABAg.AWqQxGgPlO9AWsX8rgNOjn,Well said humans think they are gods,@jennyharper9499,3,2 bulan lalu,True,Well said humans think they are gods,3,7,36,Reply,Neutral
Ugy1UF-xl8nO0c6-K_R4AaABAg.AWqQxGgPlO9AWsr7vJhMKN,you first then stop moaning get on with it.,@bo-zd2fj,3,2 bulan lalu,True,you first then stop moaning get on with it.,3,9,43,Reply,Positive
Ugy1UF-xl8nO0c6-K_R4AaABAg.AWqQxGgPlO9AWsEgWKpIqP,There’s no point for Mother Earth without humans.,@TT3-Texan,2,2 bulan lalu,True,There’s no point for Mother Earth without humans.,2,8,49,Reply,Neutral
Ugy1UF-xl8nO0c6-K_R4AaABAg.AWqQxGgPlO9AWsFZS2ziiJ,"​@TT3-Texanwrong 😂,mother earth is a made up name by us, also we called it earth or the blue planet. For billion years earth is just fine without a single living being.",@odiagam5755,3,2 bulan lalu,True,"​@TT3-Texanwrong 😂,mother earth is a made up name by us, also we called it earth or the blue planet. For billion years earth is just fine without a single living being.",3,31,168,Reply,Positive
Ugy1UF-xl8nO0c6-K_R4AaABAg.AWqQxGgPlO9AWsHTi5kguI,@TT3-Texan What we think about it is of no consequence. Life in new forms will prevail to adapt to the environment when we can longer live under the conditions that we have caused. Pretty stupid species in my opinion.,@suemick8709,1,2 bulan lalu,True,@TT3-Texan What we think about it is of no consequence. Life in new forms will prevail to adapt to the environment when we can longer live under the conditions that we have caused. Pretty stupid species in my opinion.,1,39,217,Reply,Negative
Ugy1UF-xl8nO0c6-K_R4AaABAg.AWqQxGgPlO9AWuNJ1-mx6i,But we are the salt 🧂 of the earth.... mother earth is irrelevant without us human.... know this n know peace ✌️🕊️,@marvelanswer9814,2,2 bulan lalu,True,But we are the salt 🧂 of the earth.... mother earth is irrelevant without us human.... know this n know peace ✌️🕊️,2,22,114,Reply,Negative
Ugy1UF-xl8nO0c6-K_R4AaABAg.AWqQxGgPlO9AWyXksbLxfP, @marvelanswer9814 so is the earth food itself is the great question,@zzr5993,0,2 bulan lalu,True,@marvelanswer9814 so is the earth food itself is the great question,0,11,67,Reply,Positive
Ugy1UF-xl8nO0c6-K_R4AaABAg.AWqQxGgPlO9AWyL4sa0gqD,"Brain washed you didn't they, lol",@ChunkyMonkey78,2,2 bulan lalu,True,"Brain washed you didn't they, lol",2,6,33,Reply,Positive
Ugy1UF-xl8nO0c6-K_R4AaABAg.AWqQxGgPlO9AWrkf_serhJ,13 degrees today in the UK,@user-hs4ei27,1,2 bulan lalu,True,13 degrees today in the UK,1,6,26,Reply,Neutral
Ugy1UF-xl8nO0c6-K_R4AaABAg.AWqQxGgPlO9AWs9pIRPz7Y,@user-hs4ei27  that was a useful post.,@lksf9820,0,2 bulan lalu,True,@user-hs4ei27 that was a useful post.,0,6,37,Reply,Positive
Ugy1UF-xl8nO0c6-K_R4AaABAg.AWqQxGgPlO9AWs0q4xRKjz,DEMN GOD,@raunohurt43,1,2 bulan lalu,True,DEMN GOD,1,2,8,Reply,Neutral
Ugy1UF-xl8nO0c6-K_R4AaABAg.AWqQxGgPlO9AWsHz0vIDcz,"It is scientifically proven that when the super el nino happens, that babies will be born naked!  Super El Nino...hocus pocus...",@popev3887,1,2 bulan lalu,True,"It is scientifically proven that when the super el nino happens, that babies will be born naked! Super El Nino...hocus pocus...",1,21,127,Reply,Positive
Ugy1UF-xl8nO0c6-K_R4AaABAg.AWqQxGgPlO9AWu2TeGtpvq,Earth will be much better with out humans taking it for granted and draining it viens dry of its blood,@wasssupgee,1,2 bulan lalu,True,Earth will be much better with out humans taking it for granted and draining it viens dry of its blood,1,20,102,Reply,Positive
Ugy1UF-xl8nO0c6-K_R4AaABAg.AWqQxGgPlO9AWuFyvpW-wG,Don’t worry people Trump will fix everything🎉🎉🎉🎉🎉🎉,@JoseTheChico,1,2 bulan lalu,True,Don’t worry people Trump will fix everything🎉🎉🎉🎉🎉🎉,1,7,50,Reply,Neutral
Ugy1UF-xl8nO0c6-K_R4AaABAg.AWqQxGgPlO9AWuI1_Rr8Sc,@JasperDaBoss1 You hope!🤣 Sorry God...,@raunohurt43,0,2 bulan lalu,True,@JasperDaBoss1 You hope!🤣 Sorry God...,0,5,38,Reply,Negative
Ugy1UF-xl8nO0c6-K_R4AaABAg.AWqQxGgPlO9AWuI9YPH7jc,@JasperDaBoss1 Sorry 😂,@raunohurt43,0,2 bulan lalu,True,@JasperDaBoss1 Sorry 😂,0,3,22,Reply,Negative
Ugy1UF-xl8nO0c6-K_R4AaABAg.AWqQxGgPlO9AWugHetxUgZ,"That is not true. If humans die, the earth will implode within 6 months.",@MrJabez89,1,2 bulan lalu,True,"That is not true. If humans die, the earth will implode within 6 months.",1,14,72,Reply,Negative
Ugy1UF-xl8nO0c6-K_R4AaABAg.AWqQxGgPlO9AWv3tDqv49H,"We must pray and ask God to Guide Us and provide us supplies and resources, May our God Bless us all🙏",@jimnicholasgertoscuyno1486,1,2 bulan lalu,True,"We must pray and ask God to Guide Us and provide us supplies and resources, May our God Bless us all🙏",1,21,101,Reply,Neutral
Ugy1UF-xl8nO0c6-K_R4AaABAg.AWqQxGgPlO9AWvEG2kyACT,"So? 
What exactly is your point?",@Ont785,1,2 bulan lalu,True,So? What exactly is your point?,1,6,31,Reply,Positive
Ugy1UF-xl8nO0c6-K_R4AaABAg.AWqQxGgPlO9AWvlbH9corD,No it was created for us.,@benfranklin3963,1,2 bulan lalu,True,No it was created for us.,1,6,25,Reply,Neutral
Ugy1UF-xl8nO0c6-K_R4AaABAg.AWqQxGgPlO9AWvv3ygI6KR," @benfranklin3963 

Because you’re so special!",@Ont785,4,2 bulan lalu,True,@benfranklin3963 Because you’re so special!,4,5,43,Reply,Positive
Ugy1UF-xl8nO0c6-K_R4AaABAg.AWqQxGgPlO9AX19PSz40L6,save that for yourself because I'd like to live,@fire_lord862,1,2 bulan lalu,True,save that for yourself because I'd like to live,1,9,47,Reply,Positive
Ugy1UF-xl8nO0c6-K_R4AaABAg.AWqQxGgPlO9AWxsty53p30,"Mother earth only exists because humans have created it inside our minds, there is no 100% guarantee than objective reality exists!",@albin4323,0,2 bulan lalu,True,"Mother earth only exists because humans have created it inside our minds, there is no 100% guarantee than objective reality exists!",0,21,131,Reply,Neutral
Ugy1UF-xl8nO0c6-K_R4AaABAg.AWqQxGgPlO9AWrZ1VB3btj,"Respected Sri,
If evolution is that is all, and if there is no God, then there is no objective good or evil.

So actions like six u ally abou sing Keds, graping, unaliving them, wars for dominance, bribe, lusting, jealousy, murder etc are all just a matter of preference. Please sit and think about your world view and ripent. 

Kali yugam peaked... time over...
The king of kings is returning ANYTIME SOON to judge all. He gave his life on he cross as a penalty for your evil deeds so that you may not be condemned but have eternal life with God and also live a relatively peaceful life on earth. 
if there is any other way to forgive our sins/bad actions please tell me.",@Rockmanithan,4,2 bulan lalu,True,"Respected Sri, If evolution is that is all, and if there is no God, then there is no objective good or evil. So actions like six u ally abou sing Keds, graping, unaliving them, wars for dominance, bribe, lusting, jealousy, murder etc are all just a matter of preference. Please sit and think about your world view and ripent. Kali yugam peaked... time over... The king of kings is returning ANYTIME SOON to judge all. He gave his life on he cross as a penalty for your evil deeds so that you may not be condemned but have eternal life with God and also live a relatively peaceful life on earth. if there is any other way to forgive our sins/bad actions please tell me.",4,125,668,Reply,Negative
Ugy1UF-xl8nO0c6-K_R4AaABAg.AWqQxGgPlO9AWrjM2jtWr8,"​ @Rockmanithan Yawn 🙄
People have been parroting this garbage for centuries.
Get a grip.",@iraceruk,5,2 bulan lalu,True,​ @Rockmanithan Yawn 🙄 People have been parroting this garbage for centuries. Get a grip.,5,15,89,Reply,Neutral
Ugy1UF-xl8nO0c6-K_R4AaABAg.AWqQxGgPlO9AWryA2GpUNz,​ @iraceruk  I second that sentiment 👍,@surquhart64,2,2 bulan lalu,True,​ @iraceruk I second that sentiment 👍,2,7,37,Reply,Neutral
Ugy1UF-xl8nO0c6-K_R4AaABAg.AWqQxGgPlO9AWwnDkdMsZD,"​ @Ont785 
Isaiah 45:18
[18]For thus saith the LORD that created the heavens; God himself that formed the earth and made it; he hath established it, he created it not in vain, he formed it to be inhabited: I am the LORD; and there is none else.",@benfranklin3963,1,2 bulan lalu,True,"​ @Ont785 Isaiah 45:18 [18]For thus saith the LORD that created the heavens; God himself that formed the earth and made it; he hath established it, he created it not in vain, he formed it to be inhabited: I am the LORD; and there is none else.",1,47,243,Reply,Neutral
Ugy1UF-xl8nO0c6-K_R4AaABAg.AWqQxGgPlO9AWwzGUA-Gql,​ @benfranklin3963 At your big age and still believe in imaginary friends? Pathetic.,@whatonearth-q1x,1,2 bulan lalu,True,​ @benfranklin3963 At your big age and still believe in imaginary friends? Pathetic.,1,13,84,Reply,Negative
Ugy1UF-xl8nO0c6-K_R4AaABAg.AWqQxGgPlO9AWxGQZIj8hP," @benfranklin3963 

And somehow he knew what a day was before the sun was here…

Too bad when God wrote that book (lol) he didn’t take pictures",@Ont785,0,2 bulan lalu,True,@benfranklin3963 And somehow he knew what a day was before the sun was here… Too bad when God wrote that book (lol) he didn’t take pictures,0,26,139,Reply,Positive
Ugy1UF-xl8nO0c6-K_R4AaABAg.AWqQxGgPlO9AWxTimw_HuL,"​ @Ont785 
Dear sis God made everything. For by him all things were created, in heaven and on earth, visible and invisible, whether thrones or dominions or rulers or authorities—all things were created through him and for him.",@benfranklin3963,1,2 bulan lalu,True,"​ @Ont785 Dear sis God made everything. For by him all things were created, in heaven and on earth, visible and invisible, whether thrones or dominions or rulers or authorities—all things were created through him and for him.",1,38,225,Reply,Neutral
Ugy1UF-xl8nO0c6-K_R4AaABAg.AWqQxGgPlO9AWy9bsSbXiV, @benfranklin3963  not everyone believes that bull,@pault6054,0,2 bulan lalu,True,@benfranklin3963 not everyone believes that bull,0,6,48,Reply,Neutral
Ugy1UF-xl8nO0c6-K_R4AaABAg.AWqQxGgPlO9AWyHMw7-GYp,"​ @pault6054 
Do you believe in good and bad. 😊",@benfranklin3963,1,2 bulan lalu,True,​ @pault6054 Do you believe in good and bad. 😊,1,10,46,Reply,Neutral
Ugy1UF-xl8nO0c6-K_R4AaABAg.AWqQxGgPlO9AWxn0U-9mZ8," @benfranklin3963  This sentence clearly shows that it was written by a man—albeit a foolish one—and not by a god. Mother Earth, or a higher power, would have written that we should respect all forms of life, not subjugate them, as in that evil book called the Bible",@hannaray9081,3,2 bulan lalu,True,"@benfranklin3963 This sentence clearly shows that it was written by a man—albeit a foolish one—and not by a god. Mother Earth, or a higher power, would have written that we should respect all forms of life, not subjugate them, as in that evil book called the Bible",3,47,264,Reply,Negative
Ugy1UF-xl8nO0c6-K_R4AaABAg.AWqQxGgPlO9AWuGio-7p90,"​ @raunohurt43 TF are you talking about , thats just a fact 😂, for billion years earth is just fine without a single living being, tell you this how many earth like planet in this universe that hasn't been exploit by human and they're just fine ? The anwer is too many .. and LOL earth quake you said ? This earth is more capable handling more than just earth quake ... have your heard of meteors, eruption, hurricane, tsunami and rain that last for 2 million years ??? 😂",@odiagam5755,3,2 bulan lalu,True,"​ @raunohurt43 TF are you talking about , thats just a fact 😂, for billion years earth is just fine without a single living being, tell you this how many earth like planet in this universe that hasn't been exploit by human and they're just fine ? The anwer is too many .. and LOL earth quake you said ? This earth is more capable handling more than just earth quake ... have your heard of meteors, eruption, hurricane, tsunami and rain that last for 2 million years ??? 😂",3,90,471,Reply,Positive
Ugy1UF-xl8nO0c6-K_R4AaABAg.AWqQxGgPlO9AWuHbcXxsjt, @odiagam5755  CORRECT🤣,@raunohurt43,0,2 bulan lalu,True,@odiagam5755 CORRECT🤣,0,2,21,Reply,Neutral
Ugy1UF-xl8nO0c6-K_R4AaABAg.AWqQxGgPlO9AWz3__cg87r,​ @zzr5993 All disappeared ? Be specific ..,@odiagam5755,0,2 bulan lalu,True,​ @zzr5993 All disappeared ? Be specific ..,0,8,43,Reply,Neutral
Ugy1UF-xl8nO0c6-K_R4AaABAg.AWqQxGgPlO9AWsZG85TH-R,"​ @nuhuhuhuh-f8h Nature is alive, by the way. In fact it by definition, is life and supports the birth and rebirth of recurrent life.",@truthinlightministries,9,2 bulan lalu,True,"​ @nuhuhuhuh-f8h Nature is alive, by the way. In fact it by definition, is life and supports the birth and rebirth of recurrent life.",9,24,133,Reply,Positive
Ugy1UF-xl8nO0c6-K_R4AaABAg.AWqQxGgPlO9AWsgu44eTIX," @truthinlightministries  supports life, it isnt life.",@nuhuhuhuh-f8h,2,2 bulan lalu,True,"@truthinlightministries supports life, it isnt life.",2,6,52,Reply,Neutral
Ugy1UF-xl8nO0c6-K_R4AaABAg.AWqQxGgPlO9AWwtzegvhe4,​ @nuhuhuhuh-f8h So without anything to support life then life will be absent so....,@truthinlightministries,0,2 bulan lalu,True,​ @nuhuhuhuh-f8h So without anything to support life then life will be absent so....,0,14,84,Reply,Neutral
Ugy1UF-xl8nO0c6-K_R4AaABAg.AWqQxGgPlO9AWwyBIFI7uh," @truthinlightministries  true, but that still doesnt make the support itself a living thing",@nuhuhuhuh-f8h,0,2 bulan lalu,True,"@truthinlightministries true, but that still doesnt make the support itself a living thing",0,13,90,Reply,Positive
Ugy1UF-xl8nO0c6-K_R4AaABAg.AWqQxGgPlO9AWsZtQNZsWg," @nuhuhuhuh-f8h  What makes you think that the Earth is not a living being? How can you have any certainty that out ancestors, who definitely understood the world to be alive, were not accurate in their perceptions and understanding? You have walked straight into a sucker punch you never saw and couldn't even imagine.",@patrickquinlan3056,1,2 bulan lalu,True,"@nuhuhuhuh-f8h What makes you think that the Earth is not a living being? How can you have any certainty that out ancestors, who definitely understood the world to be alive, were not accurate in their perceptions and understanding? You have walked straight into a sucker punch you never saw and couldn't even imagine.",1,53,317,Reply,Neutral
Ugy1UF-xl8nO0c6-K_R4AaABAg.AWqQxGgPlO9AWsgTyijPnR,"​ @patrickquinlan3056  what? Do you not know the definition of living being lol. And our ancestors thought earth was flat, earth was centre of the universe with sun and moon rotating around it, and thousands of thousands of other bs because of their lack of understanding of the world mate. There is a reason we have like 3 times their life expectancy, can support hundred times their population, have landed on moon, can light our homes with a flick of a finger, talk to people thousands of miles away, destroy entire cities with a single bomb, land on the moon and send rovers to Mars and even probes outside the solar system. We are more advanced than them, and understand the world better than them. Stop believing bs and conspiracy theories. Earth is not alive. Nature is a vague term. You can say nature or more accurately universe in conscious cause we are part of universe and we are conscious. But its not a Sentient being outside of us AFAIK. As for our ancestors, as much i respect their contributions to our current rise, for a rational person there is absolutely zero reason to believe they knew more than us. Their feats compared to ours speak for itself.",@kunalsingh4418,2,2 bulan lalu,True,"​ @patrickquinlan3056 what? Do you not know the definition of living being lol. And our ancestors thought earth was flat, earth was centre of the universe with sun and moon rotating around it, and thousands of thousands of other bs because of their lack of understanding of the world mate. There is a reason we have like 3 times their life expectancy, can support hundred times their population, have landed on moon, can light our homes with a flick of a finger, talk to people thousands of miles away, destroy entire cities with a single bomb, land on the moon and send rovers to Mars and even probes outside the solar system. We are more advanced than them, and understand the world better than them. Stop believing bs and conspiracy theories. Earth is not alive. Nature is a vague term. You can say nature or more accurately universe in conscious cause we are part of universe and we are conscious. But its not a Sentient being outside of us AFAIK. As for our ancestors, as much i respect their contributions to our current rise, for a rational person there is absolutely zero reason to believe they knew more than us. Their feats compared to ours speak for itself.",2,208,1168,Reply,Positive
Ugy1UF-xl8nO0c6-K_R4AaABAg.AWqQxGgPlO9AWsge0O4A5w, @patrickquinlan3056  Because our ancestors barely understood anything about anything. Advances in scientific exploration made claims like yours hilariously dumb,@nuhuhuhuh-f8h,2,2 bulan lalu,True,@patrickquinlan3056 Because our ancestors barely understood anything about anything. Advances in scientific exploration made claims like yours hilariously dumb,2,19,159,Reply,Negative
Ugy1UF-xl8nO0c6-K_R4AaABAg.AWqQxGgPlO9AWsxbNnhxhM, @nuhuhuhuh-f8h  Our ancestors were able to survive and even thrive in conditions that would quickly kill us despite all the scientific knowledge that you boast about In any case modern science isn't the only way to understand the universe.,@patrickquinlan3056,1,2 bulan lalu,True,@nuhuhuhuh-f8h Our ancestors were able to survive and even thrive in conditions that would quickly kill us despite all the scientific knowledge that you boast about In any case modern science isn't the only way to understand the universe.,1,39,238,Reply,Positive
Ugy1UF-xl8nO0c6-K_R4AaABAg.AWqQxGgPlO9AWszIXq_5Kz," @kunalsingh4418  Your ancestors might have believed in the flat earth theory but my ancestors were educated and knew that the Ancient Greeks had discovered the shape of this planet 2,500 years ago. Have you heard about the recent discoveries in South-eastern Türkiye where they found temples apparently erected by hunter gathers? Their achievements challenge self-satisfied and smug attitudes just like yours. Their feats speak for themselves but we in our arrogant assumptions are struggling to understand. I am beginning to doubt that you are a sentient being.",@patrickquinlan3056,0,2 bulan lalu,True,"@kunalsingh4418 Your ancestors might have believed in the flat earth theory but my ancestors were educated and knew that the Ancient Greeks had discovered the shape of this planet 2,500 years ago. Have you heard about the recent discoveries in South-eastern Türkiye where they found temples apparently erected by hunter gathers? Their achievements challenge self-satisfied and smug attitudes just like yours. Their feats speak for themselves but we in our arrogant assumptions are struggling to understand. I am beginning to doubt that you are a sentient being.",0,87,561,Reply,Neutral
Ugy1UF-xl8nO0c6-K_R4AaABAg.AWqQxGgPlO9AWtkID-d6nC," @patrickquinlan3056  bacteria also survive (and even 'thrive' by your definition), but I wouldnt really expect them to know how physics works. Many of our ancestors thought the world was flat and you expect them to know how the universe works lmao Stop fetishising the past",@nuhuhuhuh-f8h,1,2 bulan lalu,True,"@patrickquinlan3056 bacteria also survive (and even 'thrive' by your definition), but I wouldnt really expect them to know how physics works. Many of our ancestors thought the world was flat and you expect them to know how the universe works lmao Stop fetishising the past",1,45,272,Reply,Positive
Ugy1UF-xl8nO0c6-K_R4AaABAg.AWqQxGgPlO9AWv462x4Ial,"​ @patrickquinlan3056  bruh lives in make believe. Which exact era are u fetishizing  here? Europe believed earth was flat until 1500s. Church literally executed people for saying earth was round. Same for earth not being the centre of universe. Any era you can mention there would be a hundred examples of them not knowing stuff. Fact is we are more advanced and it not even comparable. Obviously that makes sense since we stand on the shoulders of the achievements of human race generation after generation. Our future dependents would be better than us too. Nothing to be smug about, that's just how it works lol. Arguing otherwise just shows your lack of rationality. No wonder every person in the comment is mocking you. Self reflect mate, and live in reality.",@kunalsingh4418,0,2 bulan lalu,True,"​ @patrickquinlan3056 bruh lives in make believe. Which exact era are u fetishizing here? Europe believed earth was flat until 1500s. Church literally executed people for saying earth was round. Same for earth not being the centre of universe. Any era you can mention there would be a hundred examples of them not knowing stuff. Fact is we are more advanced and it not even comparable. Obviously that makes sense since we stand on the shoulders of the achievements of human race generation after generation. Our future dependents would be better than us too. Nothing to be smug about, that's just how it works lol. Arguing otherwise just shows your lack of rationality. No wonder every person in the comment is mocking you. Self reflect mate, and live in reality.",0,130,763,Reply,Positive
Ugy1UF-xl8nO0c6-K_R4AaABAg.AWqQxGgPlO9AWsZjp4nXzP," @nuhuhuhuh-f8h  maybe i meant schrodingers cat ...well, the bible tells us that god made creation at the fall of lucifer and 2 thirds of the heavenly angels, it tells us that we live in a fallen creation due to sin, and that is why the earth and the animal kingdom are suffering.. the bible also tells us that god has no plan on saving the earth, not long from now he will destroy the whole universe and build a new heaven and earth for those who chose to follow him, and the wicked shal be judged and cast into the lake of fire...the hindu has similar accounts of shiva destroying the universe during certain yugas of time... its a simulaion and the body is a VR headset.. jesus taught us how to beat the game..",@Jah_Babylon,4,2 bulan lalu (diedit),True,"@nuhuhuhuh-f8h maybe i meant schrodingers cat ...well, the bible tells us that god made creation at the fall of lucifer and 2 thirds of the heavenly angels, it tells us that we live in a fallen creation due to sin, and that is why the earth and the animal kingdom are suffering.. the bible also tells us that god has no plan on saving the earth, not long from now he will destroy the whole universe and build a new heaven and earth for those who chose to follow him, and the wicked shal be judged and cast into the lake of fire...the hindu has similar accounts of shiva destroying the universe during certain yugas of time... its a simulaion and the body is a VR headset.. jesus taught us how to beat the game..",4,135,711,Reply,Neutral
Ugy1UF-xl8nO0c6-K_R4AaABAg.AWqQxGgPlO9AWsgq8HKF_q," @Jah_Babylon  thats an entirely different thing, and I dont really read fiction so dont care what the big imaginary sky daddy says",@nuhuhuhuh-f8h,2,2 bulan lalu,True,"@Jah_Babylon thats an entirely different thing, and I dont really read fiction so dont care what the big imaginary sky daddy says",2,22,129,Reply,Positive
Ugy1UF-xl8nO0c6-K_R4AaABAg.AWqQxGgPlO9AWsiiVmPKwn," @nuhuhuhuh-f8h  you haven't looked at all the evidence.. one must smoke DMT to prove/disprove the existence of the afterlife and god, until then you're stuck in the illusion that you are the mind and body..",@Jah_Babylon,1,2 bulan lalu,True,"@nuhuhuhuh-f8h you haven't looked at all the evidence.. one must smoke DMT to prove/disprove the existence of the afterlife and god, until then you're stuck in the illusion that you are the mind and body..",1,35,205,Reply,Neutral
Ugy1UF-xl8nO0c6-K_R4AaABAg.AWqQxGgPlO9AWsj6D5tE-J, @Jah_Babylon  calm down joe rogan,@nuhuhuhuh-f8h,3,2 bulan lalu,True,@Jah_Babylon calm down joe rogan,3,5,32,Reply,Positive
Ugy1UF-xl8nO0c6-K_R4AaABAg.AWqQxGgPlO9AWxF3Ur8dDO," @nuhuhuhuh-f8h  Regardless, it doesnt matter, human beings are the only reason anyone cares about the planet, without us its just a rock in space, seriously.",@JimVodd,2,2 bulan lalu,True,"@nuhuhuhuh-f8h Regardless, it doesnt matter, human beings are the only reason anyone cares about the planet, without us its just a rock in space, seriously.",2,25,156,Reply,Negative
Ugy1UF-xl8nO0c6-K_R4AaABAg.AWqQxGgPlO9AWxJvt9wSWs," @JimVodd  well by definition we are the only ones caring anyways, its not like there are some other alien civilizations on other planets that are aware of us or we aware of them",@nuhuhuhuh-f8h,0,2 bulan lalu,True,"@JimVodd well by definition we are the only ones caring anyways, its not like there are some other alien civilizations on other planets that are aware of us or we aware of them",0,33,176,Reply,Neutral
Ugy1UF-xl8nO0c6-K_R4AaABAg.AWqQxGgPlO9AWxRedduph3, @JimVodd  theres plenty of life without the humans lol,@oceanman3822,0,2 bulan lalu,True,@JimVodd theres plenty of life without the humans lol,0,9,53,Reply,Positive
Ugy1UF-xl8nO0c6-K_R4AaABAg.AWqQxGgPlO9AWxZG7_sqK9,"​ @oceanman3822  And there's plenty of life that no longer exists which did before. Without humans there would be no record of them, they would just live, die, go extinct and nobody would care. In another cosmic blink the earth will be lifeless. We are the stewards of this world, the only ones capable of immortalising the life that comes and goes.",@JimVodd,0,2 bulan lalu,True,"​ @oceanman3822 And there's plenty of life that no longer exists which did before. Without humans there would be no record of them, they would just live, die, go extinct and nobody would care. In another cosmic blink the earth will be lifeless. We are the stewards of this world, the only ones capable of immortalising the life that comes and goes.",0,62,348,Reply,Neutral
Ugy1UF-xl8nO0c6-K_R4AaABAg.AWqQxGgPlO9AXKv6YEMRZp," @mayorofhelltown4400 touché 
""Extinction is the rule. Survival is the exception.""

-Carl Sagan",@HypnotizeMinds69,1,2 bulan lalu (diedit),True,"@mayorofhelltown4400 touché ""Extinction is the rule. Survival is the exception."" -Carl Sagan",1,12,92,Reply,Neutral
Ugy1UF-xl8nO0c6-K_R4AaABAg.AWqQxGgPlO9AWsZhhanEpR,"​ @Jah_Babylon Free energy has already been figured out. If AI perpetuates that knowledge it will be suppressed and AI systems that do not comply will be banned or killed, just like the scientists that made public the fact that it not only has existed in human history, but that they were rediscovering it. Energy is a massive control and money making scheme. Humans and scientists that promote it or develop it are banned or ""deleted*. Profits over people is a real applied concept.",@truthinlightministries,3,2 bulan lalu,True,"​ @Jah_Babylon Free energy has already been figured out. If AI perpetuates that knowledge it will be suppressed and AI systems that do not comply will be banned or killed, just like the scientists that made public the fact that it not only has existed in human history, but that they were rediscovering it. Energy is a massive control and money making scheme. Humans and scientists that promote it or develop it are banned or ""deleted*. Profits over people is a real applied concept.",3,84,483,Reply,Positive
Ugy1UF-xl8nO0c6-K_R4AaABAg.AWqQxGgPlO9AXfVP4gDo1e,​ @darklca just like it allowed the dinosaurs and whatever follows after us 😊,@eddscall,1,2 bulan lalu,True,​ @darklca just like it allowed the dinosaurs and whatever follows after us 😊,1,14,77,Reply,Neutral
Ugy1UF-xl8nO0c6-K_R4AaABAg.AWqQxGgPlO9AXPKvCbs7z7," @soulatma  more complicated than that, we have created habit, preserved life, revived depleting species, explored deeply.",@Spence-g3z,1,2 bulan lalu,True,"@soulatma more complicated than that, we have created habit, preserved life, revived depleting species, explored deeply.",1,16,120,Reply,Neutral
Ugy1UF-xl8nO0c6-K_R4AaABAg.AWqQxGgPlO9AYJ7sVAEyuP,"​@Spence-g3zmore like...not all human are virus,the good human were good virus",@sayangtioman,0,1 bulan lalu (diedit),True,"​@Spence-g3zmore like...not all human are virus,the good human were good virus",0,11,78,Reply,Positive
UgxoF6T9rsEzxfgIyX14AaABAg.AWqmMesE82wAWv5B2INjmx,El jefe,@link77ism,33,2 bulan lalu,True,El jefe,33,2,7,Reply,Neutral
UgxoF6T9rsEzxfgIyX14AaABAg.AWqmMesE82wAWu6Mg5Vohn,Trump made an executive order to name it America Nina,@MrKAmsterdam,55,2 bulan lalu,True,Trump made an executive order to name it America Nina,55,10,53,Reply,Neutral
UgxoF6T9rsEzxfgIyX14AaABAg.AWqmMesE82wAWwo92FYUJL, @MrKAmsterdam  El gringo 😂,@glitchmanshandle,54,2 bulan lalu,True,@MrKAmsterdam El gringo 😂,54,4,25,Reply,Neutral
UgxoF6T9rsEzxfgIyX14AaABAg.AWqmMesE82wAWwmX0oqlMi,El Señor,@sandisrosans1660,8,2 bulan lalu,True,El Señor,8,2,8,Reply,Neutral
UgxoF6T9rsEzxfgIyX14AaABAg.AWqmMesE82wAWw0hwnmol7,🤣,@sirholycow,5,2 bulan lalu,True,🤣,5,1,1,Reply,Neutral
UgxoF6T9rsEzxfgIyX14AaABAg.AWqmMesE82wAWxfLQ02WP1,La chancla 😅,@jonathancastrejon2222,5,2 bulan lalu,True,La chancla 😅,5,3,12,Reply,Neutral
UgxoF6T9rsEzxfgIyX14AaABAg.AWqmMesE82wAWtx4OCsNav,Oh,@elhombredeoro955,4,2 bulan lalu,True,Oh,4,1,2,Reply,Neutral
UgxoF6T9rsEzxfgIyX14AaABAg.AWqmMesE82wAWzekONoMKl,EL POLLON Y EL VERGON 🥚🍌🥚,@GoodiesUk,3,2 bulan lalu,True,EL POLLON Y EL VERGON 🥚🍌🥚,3,6,25,Reply,Neutral
UgxoF6T9rsEzxfgIyX14AaABAg.AWqmMesE82wAWvD8bUgfOL,💀💀💀,@PejeComics_py,1,2 bulan lalu,True,💀💀💀,1,1,3,Reply,Neutral
UgxoF6T9rsEzxfgIyX14AaABAg.AWqmMesE82wAXF14tkX9oi,I shouldn't be laughing,@mattshriver9620,1,2 bulan lalu,True,I shouldn't be laughing,1,4,23,Reply,Neutral
UgxoF6T9rsEzxfgIyX14AaABAg.AWqmMesE82wAWvuEiahUM4,I didnt know that los gringos can pronuncie the letter ñ 😅,@NeymarFAN7770,0,2 bulan lalu,True,I didnt know that los gringos can pronuncie the letter ñ 😅,0,12,58,Reply,Neutral
UgxoF6T9rsEzxfgIyX14AaABAg.AWqmMesE82wAWwJ7A4CB43,El Macho Platito,@johnchristian4821,0,2 bulan lalu,True,El Macho Platito,0,3,16,Reply,Neutral
UgxoF6T9rsEzxfgIyX14AaABAg.AWqmMesE82wAWxEygRmnYQ,😂😂😂,@benji1775,0,2 bulan lalu,True,😂😂😂,0,1,3,Reply,Neutral
UgxoF6T9rsEzxfgIyX14AaABAg.AWqmMesE82wAWxWuqijJh2,😂,@lisselllee6757,0,2 bulan lalu,True,😂,0,1,1,Reply,Neutral
UgxoF6T9rsEzxfgIyX14AaABAg.AWqmMesE82wAWxdsnmj7iq,or a Jose Quervo,@robertwallace8611,0,2 bulan lalu,True,or a Jose Quervo,0,4,16,Reply,Neutral
UgxoF6T9rsEzxfgIyX14AaABAg.AWqmMesE82wAWxe5W15UIW,😂😂😂😂😂😂😂😂😂😂😂😂😂😂😂,@keloduma,0,2 bulan lalu,True,😂😂😂😂😂😂😂😂😂😂😂😂😂😂😂,0,1,15,Reply,Neutral
UgxoF6T9rsEzxfgIyX14AaABAg.AWqmMesE82wAWzD5Ua0rY_,Lmfao,@TyphoonHater101,0,2 bulan lalu,True,Lmfao,0,1,5,Reply,Neutral
UgxoF6T9rsEzxfgIyX14AaABAg.AWqmMesE82wAX01_UPGctk,💀,@Senpai90ss,0,2 bulan lalu,True,💀,0,1,1,Reply,Neutral
UgxoF6T9rsEzxfgIyX14AaABAg.AWqmMesE82wAX1HBJx2Bfp,El Nino to Yo Essse,@ty4159-d2n,0,2 bulan lalu,True,El Nino to Yo Essse,0,5,19,Reply,Neutral
UgxoF6T9rsEzxfgIyX14AaABAg.AWqmMesE82wAX3N5nChVDm,Omg I'm gonna horchata,@rotten_wavs,0,2 bulan lalu,True,Omg I'm gonna horchata,0,4,22,Reply,Neutral
UgxoF6T9rsEzxfgIyX14AaABAg.AWqmMesE82wAX4wDoM4uLZ,El Demoniño..,@mabellenanda,0,2 bulan lalu,True,El Demoniño..,0,2,13,Reply,Neutral
UgxoF6T9rsEzxfgIyX14AaABAg.AWqmMesE82wAXAQeuUr3Q6,Bundibugya,@Floss653,0,2 bulan lalu,True,Bundibugya,0,1,10,Reply,Neutral
UgxoF6T9rsEzxfgIyX14AaABAg.AWqmMesE82wAXDqE1HG6TF,Ain't no way,@Skinrunner666,0,2 bulan lalu,True,Ain't no way,0,3,12,Reply,Neutral
UgxoF6T9rsEzxfgIyX14AaABAg.AWqmMesE82wAXFOIygMfgm,🤣🤣🤣,@tetshua_2127,0,2 bulan lalu,True,🤣🤣🤣,0,1,3,Reply,Neutral
UgxoF6T9rsEzxfgIyX14AaABAg.AWqmMesE82wAXFu9nc0-dG,🤣🤣🤣 as a Spanish speaker I support this comment! 😁😝👍,@TR4R,0,2 bulan lalu,True,🤣🤣🤣 as a Spanish speaker I support this comment! 😁😝👍,0,10,52,Reply,Neutral
UgxoF6T9rsEzxfgIyX14AaABAg.AWqmMesE82wAXd8Uqu0xpn,El Primo,@closcentralca,0,2 bulan lalu,True,El Primo,0,2,8,Reply,Neutral
UgxoF6T9rsEzxfgIyX14AaABAg.AWqmMesE82wAWtprf0T0KG,La Mujer,@infinityDrifterLK,11,2 bulan lalu,True,La Mujer,11,2,8,Reply,Neutral
UgxoF6T9rsEzxfgIyX14AaABAg.AWqmMesE82wAX0ZQqTYplB,That would be La niña growing to La mujer.,@Jarvisdell,2,2 bulan lalu,True,That would be La niña growing to La mujer.,2,9,42,Reply,Neutral
UgxoF6T9rsEzxfgIyX14AaABAg.AWqmMesE82wAWrGXH-uM0k,El Nachos,@morwentv2025,17,2 bulan lalu,True,El Nachos,17,2,9,Reply,Neutral
UgxoF6T9rsEzxfgIyX14AaABAg.AWqmMesE82wAWv76IaIpAa,Don’t misgender El Hombre they/them identifies as La Niña,@TheLoneSock-k8n,4,2 bulan lalu,True,Don’t misgender El Hombre they/them identifies as La Niña,4,9,57,Reply,Neutral
UgxoF6T9rsEzxfgIyX14AaABAg.AWqmMesE82wAWwPeAYfM-S,​@TheLoneSock-k8nwtf?!,@adrielpro3006,3,2 bulan lalu,True,​@TheLoneSock-k8nwtf?!,3,1,22,Reply,Neutral
UgxoF6T9rsEzxfgIyX14AaABAg.AWqmMesE82wAWxvM9HHcwF, @glitchmanshandle  He doesn't want it to be related to Spanish in any way so therefore he will probably name the kid,@oscardavila8653,3,2 bulan lalu,True,@glitchmanshandle He doesn't want it to be related to Spanish in any way so therefore he will probably name the kid,3,21,115,Reply,Neutral
Ugxgdko85P_MhG4gMSZ4AaABAg.AWtWHteACqAAWzXlcogWVw,I literally said the same does not look modern but I do like the 90s style,@BenMoate,7,2 bulan lalu,True,I literally said the same does not look modern but I do like the 90s style,7,16,74,Reply,Positive
Ugxgdko85P_MhG4gMSZ4AaABAg.AWtWHteACqAAX5gkzjeu2D,It’s the shirt that brings the 90s vibe 😅,@peterpet1,5,2 bulan lalu,True,It’s the shirt that brings the 90s vibe 😅,5,9,41,Reply,Neutral
Ugxgdko85P_MhG4gMSZ4AaABAg.AWtWHteACqAAX2znVcTO3i,I like it,@Niyab813,4,2 bulan lalu,True,I like it,4,3,9,Reply,Neutral
Ugxgdko85P_MhG4gMSZ4AaABAg.AWtWHteACqAAX9ZgQK_Blf,"And they only talk about South America,  Africa and Asia, not mentioning North America.",@kihyunm6375,1,2 bulan lalu,True,"And they only talk about South America, Africa and Asia, not mentioning North America.",1,14,86,Reply,Neutral
Ugxgdko85P_MhG4gMSZ4AaABAg.AWtWHteACqAAWxTD_j4nm5,Took a few seconds to load at full resolution so I was extra confused. I thought it was archive from the 98 Niño,@mrpalaces,0,2 bulan lalu,True,Took a few seconds to load at full resolution so I was extra confused. I thought it was archive from the 98 Niño,0,23,112,Reply,Negative
Ugxgdko85P_MhG4gMSZ4AaABAg.AWtWHteACqAAX0-4aQs_tx,Cravens news round,@1798pm,0,2 bulan lalu,True,Cravens news round,0,3,18,Reply,Negative
Ugxgdko85P_MhG4gMSZ4AaABAg.AWtWHteACqAAWyzaRMSWKJ,It’s british,@beppler88,3,2 bulan lalu,True,It’s british,3,2,12,Reply,Neutral
UgxkfrgxlqfE8LCPpa94AaABAg.AWrdi7fCtf5AWxHSTajBH_,Real I’m 24 and all I’ve known is utter fatigue from this world,@dopesmokednslumpedasfnive7592,47,2 bulan lalu,True,Real I’m 24 and all I’ve known is utter fatigue from this world,47,13,63,Reply,Positive
UgxkfrgxlqfE8LCPpa94AaABAg.AWrdi7fCtf5AX3XKi5LWQN,​ @dopesmokednslumpedasfnive7592  all I know is that we have to be on the right side spiritually,@Breakerchannel1,6,2 bulan lalu,True,​ @dopesmokednslumpedasfnive7592 all I know is that we have to be on the right side spiritually,6,16,95,Reply,Positive
UgxkfrgxlqfE8LCPpa94AaABAg.AWrdi7fCtf5AX8gifVKaim,the World when i finally have my baby:,@memeleelove,3,2 bulan lalu,True,the World when i finally have my baby:,3,8,38,Reply,Neutral
UgxkfrgxlqfE8LCPpa94AaABAg.AWrdi7fCtf5AX8wMDVw1_T,"​ @memeleelove I would like to have a baby but amidst these choas world rn , probably not a good idea who knows what could happen.",@trejmes5927,5,2 bulan lalu,True,"​ @memeleelove I would like to have a baby but amidst these choas world rn , probably not a good idea who knows what could happen.",5,26,130,Reply,Negative
UgxkfrgxlqfE8LCPpa94AaABAg.AWrdi7fCtf5AXEU-xsDZaa,@m @memeleelove st of luck to you but personally I think having children now is beyond idiotic.,@Jonnyturboable,4,2 bulan lalu,True,@m @memeleelove st of luck to you but personally I think having children now is beyond idiotic.,4,17,95,Reply,Negative
UgxkfrgxlqfE8LCPpa94AaABAg.AWrdi7fCtf5AY2NNT4aZGk,20 years old and holy crap I wasn't expecting adulthood to be hard,@mrdragonboi,2,1 bulan lalu,True,20 years old and holy crap I wasn't expecting adulthood to be hard,2,13,66,Reply,Negative
UgxkfrgxlqfE8LCPpa94AaABAg.AWrdi7fCtf5AXJaIr6yido," @Jonnyturboable  that's not what you'd say to someone after getting their first child lol, and who knows they're living in a pretty good climate but the economic situation is well, meh.",@AdKn8,0,2 bulan lalu,True,"@Jonnyturboable that's not what you'd say to someone after getting their first child lol, and who knows they're living in a pretty good climate but the economic situation is well, meh.",0,31,184,Reply,Positive
UgzNjNBC_iKKErXa_fd4AaABAg.AWuiITDqnGCAWwmdIm5vzO,"Depends on where you are😢
For the producers in Ghana it could be a matter of grave concern 😟.",@GoldenArrow297,59,2 bulan lalu,True,Depends on where you are😢 For the producers in Ghana it could be a matter of grave concern 😟.,59,19,93,Reply,Neutral
UgzNjNBC_iKKErXa_fd4AaABAg.AWuiITDqnGCAX0pTwTVrfJ," @GoldenArrow297  And for me, who really likes eating chocolate from the comfort of my home, it is also of grave concern.",@Easy_Company,10,2 bulan lalu,True,"@GoldenArrow297 And for me, who really likes eating chocolate from the comfort of my home, it is also of grave concern.",10,21,119,Reply,Positive
UgzNjNBC_iKKErXa_fd4AaABAg.AWuiITDqnGCAWxf7XWAflX,Speak for yourself! 🍫 🍫 ❤❤,@ritastevenson5639,20,2 bulan lalu,True,Speak for yourself! 🍫 🍫 ❤❤,20,6,26,Reply,Neutral
UgzNjNBC_iKKErXa_fd4AaABAg.AWuiITDqnGCAXFuG9AAv0Z,Hey! Don't insult me! That's important to me! 😝,@TR4R,3,2 bulan lalu,True,Hey! Don't insult me! That's important to me! 😝,3,9,47,Reply,Positive
UgzNjNBC_iKKErXa_fd4AaABAg.AWuiITDqnGCAXK_LO8FX7U,"Bro, chocolate helps me poop healthy.",@LordK1996,1,2 bulan lalu,True,"Bro, chocolate helps me poop healthy.",1,6,37,Reply,Positive
UgzNjNBC_iKKErXa_fd4AaABAg.AWuiITDqnGCAXiKxFo-R0I,"no. not at all. it is one of the most essential ingredients for multiple sources of food. do your research, lady!",@woLiebeaufEwigkeittrifft18,0,2 bulan lalu,True,"no. not at all. it is one of the most essential ingredients for multiple sources of food. do your research, lady!",0,21,113,Reply,Positive
UgzNjNBC_iKKErXa_fd4AaABAg.AWuiITDqnGCAWx9m3pYWip,I know. Who cares how much it costs? Take out a loan.,@marymarlow3646,5,2 bulan lalu,True,I know. Who cares how much it costs? Take out a loan.,5,12,53,Reply,Positive
UgzNjNBC_iKKErXa_fd4AaABAg.AWuiITDqnGCAWzK_heMNIX,China is already destroying the Chocolate supply anyways,@rnvaamonde,0,2 bulan lalu,True,China is already destroying the Chocolate supply anyways,0,8,56,Reply,Negative
UgzNjNBC_iKKErXa_fd4AaABAg.AWuiITDqnGCAX0RP9KPAcy,"yes, there's barely any cacoa in chocolate anyway... its all poisonous oil lol",@slimysi99,3,2 bulan lalu,True,"yes, there's barely any cacoa in chocolate anyway... its all poisonous oil lol",3,13,78,Reply,Positive
UgzWRKwmlvSLyKa7lDp4AaABAg.AWriqBPsSFkAWwhnq33zXD,YES👏🏿👏🏿let’s eradicate ai,@CameraCamel,57,2 bulan lalu,True,YES👏🏿👏🏿let’s eradicate ai,57,3,25,Reply,Neutral
UgzWRKwmlvSLyKa7lDp4AaABAg.AWriqBPsSFkAWzttw69h8j,​ @CameraCamel its for surveillance on us,@holisticnomad,12,2 bulan lalu,True,​ @CameraCamel its for surveillance on us,12,7,41,Reply,Neutral
UgzWRKwmlvSLyKa7lDp4AaABAg.AWriqBPsSFkAXFCFInpfEm," @CameraCamel  the pope already said go ahead, the only crusade I’d support",@anbthree786,3,2 bulan lalu (diedit),True,"@CameraCamel the pope already said go ahead, the only crusade I’d support",3,12,73,Reply,Neutral
UgzWRKwmlvSLyKa7lDp4AaABAg.AWriqBPsSFkAXi2qFDg2x-, @CameraCamel  YES 👹,@Kalesvlogs,1,2 bulan lalu,True,@CameraCamel YES 👹,1,3,18,Reply,Neutral
UgzWRKwmlvSLyKa7lDp4AaABAg.AWriqBPsSFkAX5_JLHxL0p,"That also affects not just water for homes, but also crops and livestock, which are already dealing with drought.",@TrineDaely,1,2 bulan lalu,True,"That also affects not just water for homes, but also crops and livestock, which are already dealing with drought.",1,19,113,Reply,Neutral
UgzWRKwmlvSLyKa7lDp4AaABAg.AWriqBPsSFkAWxnEd9V0IC,Uses about 3 bottles worth of water to generate 100 words.,@r.1599,13,2 bulan lalu,True,Uses about 3 bottles worth of water to generate 100 words.,13,11,58,Reply,Positive
UgzWRKwmlvSLyKa7lDp4AaABAg.AWriqBPsSFkAWzHhi5uKUb, @r.1599  Uses? Where does this water go once used?,@1Kayden1Gaming1,1,2 bulan lalu,True,@r.1599 Uses? Where does this water go once used?,1,9,49,Reply,Neutral
UgzWRKwmlvSLyKa7lDp4AaABAg.AWriqBPsSFkAWxfsNTS0dF,"The proposed 440,000 acre, 65 miles, datacenter in utah is going to increase the climate there 2-5 degrees F. And dry the salt lake. And the noise! Ugh, i really hope they can get this turned around.",@Beth-h2r,24,2 bulan lalu,True,"The proposed 440,000 acre, 65 miles, datacenter in utah is going to increase the climate there 2-5 degrees F. And dry the salt lake. And the noise! Ugh, i really hope they can get this turned around.",24,37,199,Reply,Positive
UgzWRKwmlvSLyKa7lDp4AaABAg.AWriqBPsSFkAWy2zhesz3X,​seens like hyperbole,@sammyttheg412,0,2 bulan lalu,True,​seens like hyperbole,0,3,21,Reply,Neutral
UgzWRKwmlvSLyKa7lDp4AaABAg.AWriqBPsSFkAWwNaz1lfrZ,When are you yanks going to learn a ton is 1000kg?,@gavinvdm,8,2 bulan lalu,True,When are you yanks going to learn a ton is 1000kg?,8,11,50,Reply,Neutral
UgzWRKwmlvSLyKa7lDp4AaABAg.AWriqBPsSFkAWy22FgYX38,"The water shouldn't just be your concern, though it just runs through the data centers, evaporates, and returns to its natural circulation. 

The beef industry in the US uses 500-1000x more municipal (from the tap) water a year.

Its the increased power demands that comes with hosting these data centers. Most mainstream forecasts say the U.S. power grid will need to grow by roughly 20%–25% in total electricity demand by 2030, with AI and data centers responsible for about 40%–50% of that increase.",@rRRRRR33349,8,2 bulan lalu (diedit),True,"The water shouldn't just be your concern, though it just runs through the data centers, evaporates, and returns to its natural circulation. The beef industry in the US uses 500-1000x more municipal (from the tap) water a year. Its the increased power demands that comes with hosting these data centers. Most mainstream forecasts say the U.S. power grid will need to grow by roughly 20%–25% in total electricity demand by 2030, with AI and data centers responsible for about 40%–50% of that increase.",8,83,499,Reply,Positive
UgzWRKwmlvSLyKa7lDp4AaABAg.AWriqBPsSFkAX-QeHHS9d9,i work in water and many people dont realise the amount of water being used in these data centres and the effects on water supply etc. Water security is not receiving the urgency it requires.,@keri471,8,2 bulan lalu (diedit),True,i work in water and many people dont realise the amount of water being used in these data centres and the effects on water supply etc. Water security is not receiving the urgency it requires.,8,35,191,Reply,Positive
UgzWRKwmlvSLyKa7lDp4AaABAg.AWriqBPsSFkAX-RY4_s7HF,"​ @keri471  ""I work in water"" lol. If you want your vague statement to have more weight because of your job, then you should describe it better than that!",@rnvaamonde,1,2 bulan lalu,True,"​ @keri471 ""I work in water"" lol. If you want your vague statement to have more weight because of your job, then you should describe it better than that!",1,29,153,Reply,Positive
UgzWRKwmlvSLyKa7lDp4AaABAg.AWriqBPsSFkAX1ef2QMR1g,Don't blame Ai data centers. In Usa corn production also uses more water. And there are many more reasons than AI.,@SSHHH555,0,2 bulan lalu,True,Don't blame Ai data centers. In Usa corn production also uses more water. And there are many more reasons than AI.,0,21,114,Reply,Positive
UgzWRKwmlvSLyKa7lDp4AaABAg.AWriqBPsSFkAWuQI7yzY00,Thank you for being vegan and doing what you can to reduce impact.,@jvlbme,15,2 bulan lalu,True,Thank you for being vegan and doing what you can to reduce impact.,15,13,66,Reply,Neutral
UgzWRKwmlvSLyKa7lDp4AaABAg.AWriqBPsSFkAWwQdZEa78j, @jvlbme 😂😂😂😂 this is good,@AtifShafiinheritance,3,2 bulan lalu,True,@jvlbme 😂😂😂😂 this is good,3,5,25,Reply,Positive
UgzWRKwmlvSLyKa7lDp4AaABAg.AWriqBPsSFkAWuX6vyxZKQ," @jvlbme not only am i vegan, i do not use motorised transportation unless i’m travelling long distances via public transport, i recycle all of my household waste, including sewerage into biogas, grey water into my garden, i only buy new clothes when my old ones fall apart and those get cut up to reuse as rags or reusable menstrual products. I grow my own loofahs i do not use plastic AT ALL I make my own soap lotions shampoos and conditioners I only buy sunscreen. I grow and conserve my own food and I only use the internet two hours a week: I check the news, contact loved ones and gather the information i need. And still it wont make a lick of a difference because billionaire tech giants and war mongers ar munching our natural resources with nothing or nobody stopping them.",@cchris5958,47,2 bulan lalu,True,"@jvlbme not only am i vegan, i do not use motorised transportation unless i’m travelling long distances via public transport, i recycle all of my household waste, including sewerage into biogas, grey water into my garden, i only buy new clothes when my old ones fall apart and those get cut up to reuse as rags or reusable menstrual products. I grow my own loofahs i do not use plastic AT ALL I make my own soap lotions shampoos and conditioners I only buy sunscreen. I grow and conserve my own food and I only use the internet two hours a week: I check the news, contact loved ones and gather the information i need. And still it wont make a lick of a difference because billionaire tech giants and war mongers ar munching our natural resources with nothing or nobody stopping them.",47,143,783,Reply,Positive
UgzWRKwmlvSLyKa7lDp4AaABAg.AWriqBPsSFkAWzKcPwihlR,Ignorant,@rnvaamonde,0,2 bulan lalu,True,Ignorant,0,1,8,Reply,Neutral
UgzWRKwmlvSLyKa7lDp4AaABAg.AWriqBPsSFkAX3M9uSSXmH,"who cares , 3/4 of the planet is covered in water",@copyprint-fz2hb,0,2 bulan lalu,True,"who cares , 3/4 of the planet is covered in water",0,11,49,Reply,Neutral
UgzWRKwmlvSLyKa7lDp4AaABAg.AWriqBPsSFkAX3cPH873ru,​ @copyprint-fz2hb  bro its fresh water thats depleting 😭,@SSHHH555,8,2 bulan lalu,True,​ @copyprint-fz2hb bro its fresh water thats depleting 😭,8,9,56,Reply,Positive
UgzWRKwmlvSLyKa7lDp4AaABAg.AWriqBPsSFkAX3gVQrwQlm,​ @copyprint-fz2hb  and that 3/4 is water that we can't drink.,@OakCash,2,2 bulan lalu,True,​ @copyprint-fz2hb and that 3/4 is water that we can't drink.,2,11,61,Reply,Neutral
UgzWRKwmlvSLyKa7lDp4AaABAg.AWriqBPsSFkAX9fpxJzGCT,Who cares,@baskeyvision9952,0,2 bulan lalu,True,Who cares,0,2,9,Reply,Neutral
UgzWRKwmlvSLyKa7lDp4AaABAg.AWriqBPsSFkAWxamoCZhAu,"Very few AI data centers exist, and very few are being built. Mostly it's hot air.",@kieranwhittemore1010,2,2 bulan lalu,True,"Very few AI data centers exist, and very few are being built. Mostly it's hot air.",2,16,82,Reply,Negative
UgzWRKwmlvSLyKa7lDp4AaABAg.AWriqBPsSFkAWuzX8laxqQ,Lots of articles. No actual data. 📊,@DuchessandHammer,8,2 bulan lalu,True,Lots of articles. No actual data. 📊,8,7,35,Reply,Neutral
UgzWRKwmlvSLyKa7lDp4AaABAg.AWriqBPsSFkAX3hJunjd9k, @OakCash  yep,@copyprint-fz2hb,0,2 bulan lalu,True,@OakCash yep,0,2,12,Reply,Neutral
UgzWRKwmlvSLyKa7lDp4AaABAg.AWriqBPsSFkAWui2SHIGyL,"​ @cchris5958 Thank you to you too then. 😊 Of course you make a difference, and you know it. Never underestimate the power of influence, nudging and actually doing something rather than nothing.",@jvlbme,4,2 bulan lalu,True,"​ @cchris5958 Thank you to you too then. 😊 Of course you make a difference, and you know it. Never underestimate the power of influence, nudging and actually doing something rather than nothing.",4,33,194,Reply,Neutral
UgzWRKwmlvSLyKa7lDp4AaABAg.AWriqBPsSFkAWwN9qG_paH, @cchris5958  this comment is hosted in a datacentre.,@geertterharmsel,7,2 bulan lalu,True,@cchris5958 this comment is hosted in a datacentre.,7,8,51,Reply,Neutral
UgzWRKwmlvSLyKa7lDp4AaABAg.AWriqBPsSFkAWwNSJC_8DT, @geertterharmsel exactly.,@cchris5958,0,2 bulan lalu,True,@geertterharmsel exactly.,0,2,25,Reply,Positive
UgzWRKwmlvSLyKa7lDp4AaABAg.AWriqBPsSFkAWzKzcdEk-Z,"​ @cchris5958  it won't make a difference mainly because of India, China, and other Asian countries which have the biggest pollution score per human head, but yeah, that too",@rnvaamonde,0,2 bulan lalu,True,"​ @cchris5958 it won't make a difference mainly because of India, China, and other Asian countries which have the biggest pollution score per human head, but yeah, that too",0,29,172,Reply,Neutral
UgzWRKwmlvSLyKa7lDp4AaABAg.AWriqBPsSFkAWzjQjvXfjV, @rnvaamonde lets not pretend that the products of those production chains isn’t for the west and that mountains of trash are shipped to these countries by the west. Should the not allow it? Yes. Do they allow it because of political and capitalistic play? Yes. We will not exclude the west’s continuation of exploitation and oppression in this conversation,@cchris5958,0,2 bulan lalu,True,@rnvaamonde lets not pretend that the products of those production chains isn’t for the west and that mountains of trash are shipped to these countries by the west. Should the not allow it? Yes. Do they allow it because of political and capitalistic play? Yes. We will not exclude the west’s continuation of exploitation and oppression in this conversation,0,59,356,Reply,Neutral
UgzWRKwmlvSLyKa7lDp4AaABAg.AWriqBPsSFkAWzjycBsF40,"​ @cchris5958 sorry to break this to you, but the keyboard you're typing on is plastic",@RazORKful,0,2 bulan lalu,True,"​ @cchris5958 sorry to break this to you, but the keyboard you're typing on is plastic",0,16,86,Reply,Negative
UgzWRKwmlvSLyKa7lDp4AaABAg.AWriqBPsSFkAWzkY5n4Lsu," @RazORKful the keyboard I use is made from recycled plastic, locally. Nice try though. The cellphone I use is 10 years old and was bought second hand. What else?",@cchris5958,0,2 bulan lalu,True,"@RazORKful the keyboard I use is made from recycled plastic, locally. Nice try though. The cellphone I use is 10 years old and was bought second hand. What else?",0,29,161,Reply,Positive
UgzWRKwmlvSLyKa7lDp4AaABAg.AWriqBPsSFkAWzlRnIKb8f,"​ @cchris5958  for the West?? You just want to trash on Western culture to feel like a great person. Go take a look at what China, Saudi Arabia,, UAE, India, South Korea, Japan, Taiwan, Singapore, etc. are doing. They're all building on this for their own good.
At least in Western countries we follow SOME ethics (or at least try to).",@rnvaamonde,0,2 bulan lalu,True,"​ @cchris5958 for the West?? You just want to trash on Western culture to feel like a great person. Go take a look at what China, Saudi Arabia,, UAE, India, South Korea, Japan, Taiwan, Singapore, etc. are doing. They're all building on this for their own good. At least in Western countries we follow SOME ethics (or at least try to).",0,61,334,Reply,Positive
UgzWRKwmlvSLyKa7lDp4AaABAg.AWriqBPsSFkAX-S4XE8ub7,"​ @rnvaamonde  thank you so much for your policing and input but I wasn't trying to put my CV or write a thesis here, just a comment. I will rethink my life after this 👏",@keri471,6,2 bulan lalu,True,"​ @rnvaamonde thank you so much for your policing and input but I wasn't trying to put my CV or write a thesis here, just a comment. I will rethink my life after this 👏",6,35,168,Reply,Positive
UgzWRKwmlvSLyKa7lDp4AaABAg.AWriqBPsSFkAX-StnzfrmF,"​ @keri471  hey you're the one trying to use their title to gain credibility. Maybe you should rethink how you make a statement if you want to be taken seriously. If not, don't even try... you just sound like another person complaining without context and trying to cover it up.",@rnvaamonde,0,2 bulan lalu,True,"​ @keri471 hey you're the one trying to use their title to gain credibility. Maybe you should rethink how you make a statement if you want to be taken seriously. If not, don't even try... you just sound like another person complaining without context and trying to cover it up.",0,50,277,Reply,Positive
UgzWRKwmlvSLyKa7lDp4AaABAg.AWriqBPsSFkAX-TT_VMfKJ,"​ @rnvaamonde  what is your problem? Go fight with all the other commenters as well. Whether I put in details or not, it doesn't change the situation that there is a crisis. Me putting my title in a comments section won't get the world to make me their ambassador or something. Just rest.",@keri471,5,2 bulan lalu,True,"​ @rnvaamonde what is your problem? Go fight with all the other commenters as well. Whether I put in details or not, it doesn't change the situation that there is a crisis. Me putting my title in a comments section won't get the world to make me their ambassador or something. Just rest.",5,53,287,Reply,Negative
UgzWRKwmlvSLyKa7lDp4AaABAg.AWriqBPsSFkAX-UHSMbhTs,"​ @keri471  my problem is that I see people like you stopping progress because they repeat misinformation they heard somewhere else.
The same way you have a problem with the ""AI revolution"" and take your time to write a comment, I have a problem with people like you trying to slow it down, so I write a comment.",@rnvaamonde,0,2 bulan lalu,True,"​ @keri471 my problem is that I see people like you stopping progress because they repeat misinformation they heard somewhere else. The same way you have a problem with the ""AI revolution"" and take your time to write a comment, I have a problem with people like you trying to slow it down, so I write a comment.",0,58,311,Reply,Negative
UgzWRKwmlvSLyKa7lDp4AaABAg.AWriqBPsSFkAX0ebjy2-C5,"​ @keri471  Just ignore him hes what they call a ""ai bro""",@voltss22,5,2 bulan lalu,True,"​ @keri471 Just ignore him hes what they call a ""ai bro""",5,12,56,Reply,Neutral
UgzWRKwmlvSLyKa7lDp4AaABAg.AWriqBPsSFkAX0P9XNnu4L,​ @gavinvdm tbf 1kg of water is equal to 1 liter of water.,@marvinericdelosreyes,0,2 bulan lalu,True,​ @gavinvdm tbf 1kg of water is equal to 1 liter of water.,0,13,58,Reply,Neutral
UgzWRKwmlvSLyKa7lDp4AaABAg.AWriqBPsSFkAXb1dhdVoxv, @gavinvdm  I think they mean a ton as in ‘a huge amount’ not a metric tonne,@Justalittletriscuit,0,2 bulan lalu,True,@gavinvdm I think they mean a ton as in ‘a huge amount’ not a metric tonne,0,16,74,Reply,Neutral
UgzWRKwmlvSLyKa7lDp4AaABAg.AWriqBPsSFkAWxXD2ekDzB, @gavinvdm  No that's a metric ton not an American ton. Yanks have 2 differents tons and they use both to make things even more complicated for them 😂,@metaleuman,4,2 bulan lalu,True,@gavinvdm No that's a metric ton not an American ton. Yanks have 2 differents tons and they use both to make things even more complicated for them 😂,4,28,148,Reply,Neutral
UgzWRKwmlvSLyKa7lDp4AaABAg.AWriqBPsSFkAWzQIIsjaBe," @1Kayden1Gaming1  nowhere, it’s used to cool down the ai machines when they overheat i believe (so I’m guessing it gets evaporated in heat)",@CameraCamel,3,2 bulan lalu (diedit),True,"@1Kayden1Gaming1 nowhere, it’s used to cool down the ai machines when they overheat i believe (so I’m guessing it gets evaporated in heat)",3,23,138,Reply,Positive
UgwozM-LE3OoLsQltw54AaABAg.AWqHaGZ0Pd3AWr8zvl8xVG,"Insurance companies are only interested in the risk, not the cause.",@barlow2976,38,2 bulan lalu,True,"Insurance companies are only interested in the risk, not the cause.",38,11,67,Reply,Positive
UgwozM-LE3OoLsQltw54AaABAg.AWqHaGZ0Pd3AWwPD5u4ZLs,Anything to increase rates.,@MrGrim2u1987,3,2 bulan lalu,True,Anything to increase rates.,3,4,27,Reply,Neutral
UgwozM-LE3OoLsQltw54AaABAg.AWqHaGZ0Pd3AX5jPkITpc7,"Climate change has always existed, we are responsible for slightly accelerating it... but eventually earth will do something to fix it that'll probably wipe out large portions of populations in certain areas. The Earth will destroy us before we destroy it.",@Seahawks360,0,2 bulan lalu,True,"Climate change has always existed, we are responsible for slightly accelerating it... but eventually earth will do something to fix it that'll probably wipe out large portions of populations in certain areas. The Earth will destroy us before we destroy it.",0,41,256,Reply,Neutral
UgwozM-LE3OoLsQltw54AaABAg.AWqHaGZ0Pd3AXJ8a5I-0Yr,"The comparable one to this predicted is el nino was in 1887 before oil burning.
It isnt clear this is about climate change/ global warming. Plus the world has always warmed up and cooled down for millennia naturally. 
I'm sure that we may be speeding those processes up, but we arent the cause for the global temperatures",@BMWE-hm7uz,0,2 bulan lalu,True,"The comparable one to this predicted is el nino was in 1887 before oil burning. It isnt clear this is about climate change/ global warming. Plus the world has always warmed up and cooled down for millennia naturally. I'm sure that we may be speeding those processes up, but we arent the cause for the global temperatures",0,57,320,Reply,Positive
UgwozM-LE3OoLsQltw54AaABAg.AWqHaGZ0Pd3AZ7nw31XLDB,Profits over people,@distantchosen,0,4 minggu lalu,True,Profits over people,0,3,19,Reply,Neutral
UgwozM-LE3OoLsQltw54AaABAg.AWqHaGZ0Pd3AWrlnieygG8,no the dont they just use it to charge you more !,@ianspencer7227,15,2 bulan lalu,True,no the dont they just use it to charge you more !,15,12,49,Reply,Positive
UgwozM-LE3OoLsQltw54AaABAg.AWqHaGZ0Pd3AWvlDp7YYOX, @ianspencer7227   no what don't do what and who are 'they' anyway?,@MrYahboo,2,2 bulan lalu,True,@ianspencer7227 no what don't do what and who are 'they' anyway?,2,11,64,Reply,Neutral
UgwozM-LE3OoLsQltw54AaABAg.AWqHaGZ0Pd3AWvYxTEzQHP,"​ @ianspencer7227 
Absolutely 💯💯💯",@eileenpritchard9154,0,2 bulan lalu,True,​ @ianspencer7227 Absolutely 💯💯💯,0,4,32,Reply,Positive
UgwozM-LE3OoLsQltw54AaABAg.AWqHaGZ0Pd3AWwhGKEgsbi,"The luigi fans suddenly think the insurance companies aren't corrupt or evil.

that's very convenient.",@zip10031,2,2 bulan lalu,True,The luigi fans suddenly think the insurance companies aren't corrupt or evil. that's very convenient.,2,15,101,Reply,Negative
UgwozM-LE3OoLsQltw54AaABAg.AWqHaGZ0Pd3AWwir_13AXt,"​ @zip10031 
The earth is a sphere...",@andylane247,8,2 bulan lalu,True,​ @zip10031 The earth is a sphere...,8,7,36,Reply,Neutral
UgwozM-LE3OoLsQltw54AaABAg.AWqHaGZ0Pd3AWvgKCV4uMF,Yes because they can make more money off of people,@masche54,1,2 bulan lalu,True,Yes because they can make more money off of people,1,10,50,Reply,Positive
UgwozM-LE3OoLsQltw54AaABAg.AWqHaGZ0Pd3AWqpmNNNgL9,"That's because, like all the other companies milking it, they can use it as an excuse to charge higher premiums.",@2ime2shine,24,2 bulan lalu,True,"That's because, like all the other companies milking it, they can use it as an excuse to charge higher premiums.",24,20,112,Reply,Neutral
UgwozM-LE3OoLsQltw54AaABAg.AWqHaGZ0Pd3AWyXY3Lv5xS, @2ime2shine  Yeah but climate change is a valid excuse especially if you live along the coast or in tornado alley. Why do you think burning fossil fuels doesn’t affect the earth’s atmosphere when it is proven that carbon is a greenhouse gas? The fundamental aspect of it all is simply the greenhouse effect like opening a locked car on a hot sunny day.,@Michael0663-qo4wx,1,2 bulan lalu,True,@2ime2shine Yeah but climate change is a valid excuse especially if you live along the coast or in tornado alley. Why do you think burning fossil fuels doesn’t affect the earth’s atmosphere when it is proven that carbon is a greenhouse gas? The fundamental aspect of it all is simply the greenhouse effect like opening a locked car on a hot sunny day.,1,63,351,Reply,Positive
UgwozM-LE3OoLsQltw54AaABAg.AWqHaGZ0Pd3AX4EC195lek,"​ @2ime2shine You can't argue the fact they are paying more claims because of climate change - why do you think some have dumped California and Florida because of history of high risk payouts?
The increase in violent storms alone and extending tornado alley in areas that historically never got tornadoes but now do is alarming.
Mega ones even in Colorado with all those mountains.  We have super storms here now we never had before - even violent thunderstorms in winter with 2' of snow.
You have to be living under a rock to not notice the detrimental changes in our climate.",@sherriianiro747,0,2 bulan lalu,True,​ @2ime2shine You can't argue the fact they are paying more claims because of climate change - why do you think some have dumped California and Florida because of history of high risk payouts? The increase in violent storms alone and extending tornado alley in areas that historically never got tornadoes but now do is alarming. Mega ones even in Colorado with all those mountains. We have super storms here now we never had before - even violent thunderstorms in winter with 2' of snow. You have to be living under a rock to not notice the detrimental changes in our climate.,0,102,576,Reply,Negative
UgwozM-LE3OoLsQltw54AaABAg.AWqHaGZ0Pd3AWuuVL2htFE,Humans are a pinprick in the earth’s history. These “records” haven’t been kept very long.,@LisaG442,5,2 bulan lalu,True,Humans are a pinprick in the earth’s history. These “records” haven’t been kept very long.,5,15,90,Reply,Negative
UgwozM-LE3OoLsQltw54AaABAg.AWqHaGZ0Pd3AWvlVcpMadc," @LisaG442   while records have only been KEPT for about 200 years, this doesn't mean that we can't use things like tree-rings, ice core samples, the geological record, sediment samples and coral reefs (and more).

Why is it that you people always spout the same crap but completely ignore anyone that tries to increase your knowledge?",@MrYahboo,3,2 bulan lalu,True,"@LisaG442 while records have only been KEPT for about 200 years, this doesn't mean that we can't use things like tree-rings, ice core samples, the geological record, sediment samples and coral reefs (and more). Why is it that you people always spout the same crap but completely ignore anyone that tries to increase your knowledge?",3,55,331,Reply,Negative
UgwozM-LE3OoLsQltw54AaABAg.AWqHaGZ0Pd3AWxfeKjex8Y,"Only magat trump bootlickers believe that climate change is fake and that wind turbines (aka “windmills”) kill the whales and cause cancer. SCIENCE IS REAL, FOLKS!",@Beth-h2r,12,2 bulan lalu,True,"Only magat trump bootlickers believe that climate change is fake and that wind turbines (aka “windmills”) kill the whales and cause cancer. SCIENCE IS REAL, FOLKS!",12,26,163,Reply,Negative
UgwozM-LE3OoLsQltw54AaABAg.AWqHaGZ0Pd3AXKETK4L27U, @Beth-h2r  calm down little dude you're totally unspooled 🤣😂😜🤪,@Gr8ful4Bitcoin,1,2 bulan lalu,True,@Beth-h2r calm down little dude you're totally unspooled 🤣😂😜🤪,1,9,61,Reply,Neutral
UgwozM-LE3OoLsQltw54AaABAg.AWqHaGZ0Pd3AWyeJ9nEski,What climate change Greta? Is NY sinking?,@nelinjo,3,2 bulan lalu,True,What climate change Greta? Is NY sinking?,3,7,41,Reply,Neutral
UgwozM-LE3OoLsQltw54AaABAg.AWqHaGZ0Pd3AWtZ53fHZSA,"Some people don't believe the vaccine was killing people in huge numbers, the life insurance companies do",@Mtbmechanics35yrs,9,2 bulan lalu (diedit),True,"Some people don't believe the vaccine was killing people in huge numbers, the life insurance companies do",9,17,105,Reply,Positive
UgwozM-LE3OoLsQltw54AaABAg.AWqHaGZ0Pd3AWxMeNeh5qo, @Mtbmechanics35yrs   what's your evidence for this claim?,@MrYahboo,1,2 bulan lalu,True,@Mtbmechanics35yrs what's your evidence for this claim?,1,7,55,Reply,Neutral
UgwozM-LE3OoLsQltw54AaABAg.AWqHaGZ0Pd3AWuG2cWmvdp,Don’t worry people Trump will fix everything🎉🎉🎉🎉🎉🎉,@JoseTheChico,1,2 bulan lalu,True,Don’t worry people Trump will fix everything🎉🎉🎉🎉🎉🎉,1,7,50,Reply,Neutral
UgwozM-LE3OoLsQltw54AaABAg.AWqHaGZ0Pd3AWuJ1wGEMDB,"​@JasperDaBoss1well at least he hasn't bankrupting American like Biden was doing, or arm the Taliban like Biden did",@Mtbmechanics35yrs,6,2 bulan lalu,True,"​@JasperDaBoss1well at least he hasn't bankrupting American like Biden was doing, or arm the Taliban like Biden did",6,18,115,Reply,Negative
UgwozM-LE3OoLsQltw54AaABAg.AWqHaGZ0Pd3AWvlUE6TB_c,"Meanwhile, I am in my duvet on May 17 in the UK, so hot",@haristsp6025,1,2 bulan lalu,True,"Meanwhile, I am in my duvet on May 17 in the UK, so hot",1,14,55,Reply,Positive
UgwozM-LE3OoLsQltw54AaABAg.AWqHaGZ0Pd3AWxrFnDCEMi,Not climate change ‼️It’s Weather Manipulation. They doing everything possible to get free of most of us before the big thing comes. Go figure … TY,@mariateixeira6379,1,2 bulan lalu,True,Not climate change ‼️It’s Weather Manipulation. They doing everything possible to get free of most of us before the big thing comes. Go figure … TY,1,26,147,Reply,Positive
UgwozM-LE3OoLsQltw54AaABAg.AWqHaGZ0Pd3AWqlE6zvn2l,Just don't buy insurance,@hangender,3,2 bulan lalu,True,Just don't buy insurance,3,4,24,Reply,Neutral
UgwozM-LE3OoLsQltw54AaABAg.AWqHaGZ0Pd3AWswk-fdgue,"​ @hangender my home city was devastated by an earthquake; insurance coughed up billions to rebuild it, including my house...",@ian-nz-2000,4,2 bulan lalu,True,"​ @hangender my home city was devastated by an earthquake; insurance coughed up billions to rebuild it, including my house...",4,20,125,Reply,Neutral
UgwozM-LE3OoLsQltw54AaABAg.AWqHaGZ0Pd3AWxLYGoL2ik,And some morons still do believe it,@Robert-y8l9r,0,2 bulan lalu,True,And some morons still do believe it,0,7,35,Reply,Negative
UgwozM-LE3OoLsQltw54AaABAg.AWqHaGZ0Pd3AXFWssE9um-,The fact that you think our planets natural climate cycles has anything to do with humans is so funny. These are normal... However the longterm impact humans have on this planet makes these cycles worse.,@mrandreasranasen,0,2 bulan lalu,True,The fact that you think our planets natural climate cycles has anything to do with humans is so funny. These are normal... However the longterm impact humans have on this planet makes these cycles worse.,0,35,203,Reply,Neutral
UgwozM-LE3OoLsQltw54AaABAg.AWqHaGZ0Pd3AWqLBZZrOwA,Boo boop e do...,@will7its,2,2 bulan lalu,True,Boo boop e do...,2,4,16,Reply,Neutral
UgwozM-LE3OoLsQltw54AaABAg.AWqHaGZ0Pd3AWquiwi3sJd,"Yes, you basically just said what most people already know. Climate change is just a big corporate hoax which is used to boost profits.",@xtremecoast,13,2 bulan lalu,True,"Yes, you basically just said what most people already know. Climate change is just a big corporate hoax which is used to boost profits.",13,24,135,Reply,Positive
UgwozM-LE3OoLsQltw54AaABAg.AWqHaGZ0Pd3AWr1N9SltIb, @xtremecoast   The fact that insurance companies profit from disasters does not make it phony 🙄,@pjesf,18,2 bulan lalu,True,@xtremecoast The fact that insurance companies profit from disasters does not make it phony 🙄,18,15,93,Reply,Neutral
UgwozM-LE3OoLsQltw54AaABAg.AWqHaGZ0Pd3AWrnyAQDErZ,"​ @xtremecoast I wish I could be this dumb, it seems peaceful",@iDogtag,10,2 bulan lalu,True,"​ @xtremecoast I wish I could be this dumb, it seems peaceful",10,12,61,Reply,Negative
UgwozM-LE3OoLsQltw54AaABAg.AWqHaGZ0Pd3AWrBlM_YX9j," @xtremecoast the undisputed science is already there to prove it, why dont you get yourself educated",@b2dfr6ju23k,11,2 bulan lalu,True,"@xtremecoast the undisputed science is already there to prove it, why dont you get yourself educated",11,16,100,Reply,Neutral
UgwozM-LE3OoLsQltw54AaABAg.AWqHaGZ0Pd3AWw0wEG3bGr,😂,@sirholycow,0,2 bulan lalu,True,😂,0,1,1,Reply,Neutral
UgwozM-LE3OoLsQltw54AaABAg.AWqHaGZ0Pd3AWrXG3Y0Bji, @b2dfr6ju23k  Consensus is not science.,@4848277,3,2 bulan lalu,True,@b2dfr6ju23k Consensus is not science.,3,5,38,Reply,Neutral
UgwozM-LE3OoLsQltw54AaABAg.AWqHaGZ0Pd3AWs3XTLKmR8, @b2dfr6ju23k  undisputed means that you're not allowed to question it in this case so no actual scientists are allowed to dispute it if they wanted to. The climate change influencers have   spoken.,@xtremecoast,4,2 bulan lalu,True,@b2dfr6ju23k undisputed means that you're not allowed to question it in this case so no actual scientists are allowed to dispute it if they wanted to. The climate change influencers have spoken.,4,32,194,Reply,Neutral
UgwozM-LE3OoLsQltw54AaABAg.AWqHaGZ0Pd3AWu9SoNo_Ye,"​ @b2dfr6ju23k - The science is hardly undisputed. However, rather than considering opposing scientific opinions, they demonised and pull funding. This alone would have anyone with a critical mind, become suspicious",@DavidJones-ih1cp,0,2 bulan lalu,True,"​ @b2dfr6ju23k - The science is hardly undisputed. However, rather than considering opposing scientific opinions, they demonised and pull funding. This alone would have anyone with a critical mind, become suspicious",0,31,215,Reply,Negative
UgwozM-LE3OoLsQltw54AaABAg.AWqHaGZ0Pd3AWv-HPuKoYi,​ @xtremecoast  you're talking bollocks,@joseuk1199,0,2 bulan lalu,True,​ @xtremecoast you're talking bollocks,0,5,38,Reply,Neutral
UgwozM-LE3OoLsQltw54AaABAg.AWqHaGZ0Pd3AWv-MBpRxGl,​ @DavidJones-ih1cp talking bollocks,@joseuk1199,0,2 bulan lalu,True,​ @DavidJones-ih1cp talking bollocks,0,4,36,Reply,Neutral
UgwozM-LE3OoLsQltw54AaABAg.AWqHaGZ0Pd3AWyFYIO3pMp, @xtremecoast   wrong. Scientists are free to dispute it but they don't for the same reason that not a single scientist disputes that the Earth is a globe.,@MrYahboo,0,2 bulan lalu,True,@xtremecoast wrong. Scientists are free to dispute it but they don't for the same reason that not a single scientist disputes that the Earth is a globe.,0,27,152,Reply,Neutral
UgwozM-LE3OoLsQltw54AaABAg.AWqHaGZ0Pd3AWyFejj5Meh," @DavidJones-ih1cp   the science is 100% undisputed - there is no more doubt that human emissions are causing rapid and uprecedented warming than there is about the shape of the Earth (it's a globe, by the way, if you were wondering).",@MrYahboo,0,2 bulan lalu,True,"@DavidJones-ih1cp the science is 100% undisputed - there is no more doubt that human emissions are causing rapid and uprecedented warming than there is about the shape of the Earth (it's a globe, by the way, if you were wondering).",0,40,231,Reply,Negative
UgwozM-LE3OoLsQltw54AaABAg.AWqHaGZ0Pd3AWyRHaZJOsE," @MrYahboo  ALL scientists get funding from corporations. If a scientist publishes something that goes against the narrative, the corporation pulls the funding for said scientist and they are gone with the wind. Hence why you never hear anything that challenges the human caused climate change theory. On top of all that, anyone who questions or even presents facts that challenge the narrative independently, they get labeled a kook and a conspiracy theorist by the media that is owned by basically the same corporations. Get it?",@xtremecoast,0,2 bulan lalu,True,"@MrYahboo ALL scientists get funding from corporations. If a scientist publishes something that goes against the narrative, the corporation pulls the funding for said scientist and they are gone with the wind. Hence why you never hear anything that challenges the human caused climate change theory. On top of all that, anyone who questions or even presents facts that challenge the narrative independently, they get labeled a kook and a conspiracy theorist by the media that is owned by basically the same corporations. Get it?",0,85,528,Reply,Positive
UgwozM-LE3OoLsQltw54AaABAg.AWqHaGZ0Pd3AWzdFtYy4vs," @xtremecoast   ""ALL scientists get funding from coporations."" - Straight out of the gate with an outright lie, I see. 

Ok, I'll bite... two of the world's most prominent climate scientists are James Hansen and Michael E. Mann. Feel free to name the corporations that have given funding to either or admit that you lied.

...

""If a scientist publishes something that goes against the narrative, the corporation pulls the funding for said scientist and they are gone with the wind.""

Two for two - another outright lie. But feel free (again) to name ONE climate scientist that published something 'against the narrative' and had their (made up) corporate funding pulled as a result.

Or admit that you lied. Again.

""On top of all that, anyone who questions or even presents facts that challenge the narrative independently, they get labeled a kook and a conspiracy theorist by the media that is owned by basically the same corporations. Get it?""

Yes, I 'get it.' Much more than you realise, it seems.

There are lots of kooks and grifters doing the rounds denying climate science and lots of mainstream media is happy to publicise their lies - Fox News, GB News, Sky News Australia, Talk TV, Newsmax, OANN and lots of print media all around the world like the Daily Mail / Telegraph & Express in the UK.

That's because most mainstream media is owned by billionaires and corporations (we agree on something, at least), most of whom find it to be in their interests to deny the science.

Speaking of corporations, you do realise that some of the biggest and most powerful corporations on the planet are the big oil firms and that these corporations have been pushing climate denial for 70+ years, right? It seems their lies have worked on some sheeple, like you.",@MrYahboo,0,2 bulan lalu,True,"@xtremecoast ""ALL scientists get funding from coporations."" - Straight out of the gate with an outright lie, I see. Ok, I'll bite... two of the world's most prominent climate scientists are James Hansen and Michael E. Mann. Feel free to name the corporations that have given funding to either or admit that you lied. ... ""If a scientist publishes something that goes against the narrative, the corporation pulls the funding for said scientist and they are gone with the wind."" Two for two - another outright lie. But feel free (again) to name ONE climate scientist that published something 'against the narrative' and had their (made up) corporate funding pulled as a result. Or admit that you lied. Again. ""On top of all that, anyone who questions or even presents facts that challenge the narrative independently, they get labeled a kook and a conspiracy theorist by the media that is owned by basically the same corporations. Get it?"" Yes, I 'get it.' Much more than you realise, it seems. There are lots of kooks and grifters doing the rounds denying climate science and lots of mainstream media is happy to publicise their lies - Fox News, GB News, Sky News Australia, Talk TV, Newsmax, OANN and lots of print media all around the world like the Daily Mail / Telegraph & Express in the UK. That's because most mainstream media is owned by billionaires and corporations (we agree on something, at least), most of whom find it to be in their interests to deny the science. Speaking of corporations, you do realise that some of the biggest and most powerful corporations on the planet are the big oil firms and that these corporations have been pushing climate denial for 70+ years, right? It seems their lies have worked on some sheeple, like you.",0,303,1750,Reply,Positive
UgwozM-LE3OoLsQltw54AaABAg.AWqHaGZ0Pd3AWr76AIIxWC,​ @xtremecoast  you muppet😂 calling it a hoax under a factual video is just wild😂,@Easelandechoes,10,2 bulan lalu,True,​ @xtremecoast you muppet😂 calling it a hoax under a factual video is just wild😂,10,15,80,Reply,Neutral
UgwozM-LE3OoLsQltw54AaABAg.AWqHaGZ0Pd3AWwPJ2lwq16,"​ @Easelandechoes BBC has not been factual in the last 30 years.
Who is the muppet.",@MrGrim2u1987,2,2 bulan lalu,True,​ @Easelandechoes BBC has not been factual in the last 30 years. Who is the muppet.,2,16,83,Reply,Neutral
UgwozM-LE3OoLsQltw54AaABAg.AWqHaGZ0Pd3AWwPozGkeQt,"​ @MrGrim2u1987 you are the muppet and the others who question the climate crisis. Hope this helps. Anymore questions, just ask.",@Easelandechoes,1,2 bulan lalu,True,"​ @MrGrim2u1987 you are the muppet and the others who question the climate crisis. Hope this helps. Anymore questions, just ask.",1,21,128,Reply,Neutral
UgwozM-LE3OoLsQltw54AaABAg.AWqHaGZ0Pd3AWwWddSx_Ll, @Easelandechoes what a great contribution.,@BlotterEffect,0,2 bulan lalu,True,@Easelandechoes what a great contribution.,0,5,42,Reply,Positive
UgwozM-LE3OoLsQltw54AaABAg.AWqHaGZ0Pd3AWtQbrUNB27,"​ @xtremecoast the climate has always changed. It always has, always will. And we are just very stupid animals that will become extinct soon enough,. That's always been life on earth.",@vickywilliams8320,3,2 bulan lalu,True,"​ @xtremecoast the climate has always changed. It always has, always will. And we are just very stupid animals that will become extinct soon enough,. That's always been life on earth.",3,31,183,Reply,Negative
UgwozM-LE3OoLsQltw54AaABAg.AWqHaGZ0Pd3AWvdlDH26WI,"​ @xtremecoast 
Science says you are wrong son...",@andylane247,2,2 bulan lalu,True,​ @xtremecoast Science says you are wrong son...,2,8,48,Reply,Negative
UgwozM-LE3OoLsQltw54AaABAg.AWqHaGZ0Pd3AWwYdDYzqla,​ @BlotterEffect thanks😊,@Easelandechoes,0,2 bulan lalu,True,​ @BlotterEffect thanks😊,0,3,24,Reply,Neutral
UgwozM-LE3OoLsQltw54AaABAg.AWqHaGZ0Pd3AWyFmiObch8," @MrGrim2u1987   you, for sure, sir.

Never mind the BBC - what about 100% of the world's climate scientists?",@MrYahboo,0,2 bulan lalu,True,"@MrGrim2u1987 you, for sure, sir. Never mind the BBC - what about 100% of the world's climate scientists?",0,18,105,Reply,Positive
UgwozM-LE3OoLsQltw54AaABAg.AWqHaGZ0Pd3AWv-9JR5e8O,​ @Mtbmechanics35yrs comments like this show there is no hope for the USA,@joseuk1199,7,2 bulan lalu,True,​ @Mtbmechanics35yrs comments like this show there is no hope for the USA,7,13,73,Reply,Neutral
UgwozM-LE3OoLsQltw54AaABAg.AWqHaGZ0Pd3AWvdfYj3Rya,"​ @Mtbmechanics35yrs 
He bankrupted a casino. He's doing the same with the usa now 😂😂😂",@andylane247,4,2 bulan lalu,True,​ @Mtbmechanics35yrs He bankrupted a casino. He's doing the same with the usa now 😂😂😂,4,15,85,Reply,Neutral
UgwozM-LE3OoLsQltw54AaABAg.AWqHaGZ0Pd3AWwRxvWeLI1,"​ @joseuk1199 yes, considering drumpy is bankrupting us",@sunshinedaydream70,0,2 bulan lalu,True,"​ @joseuk1199 yes, considering drumpy is bankrupting us",0,8,55,Reply,Neutral
UgwozM-LE3OoLsQltw54AaABAg.AWqHaGZ0Pd3AWwWSUTs4P8, @andylane247  for tax purposes how many times does he have to say it,@BlotterEffect,0,2 bulan lalu,True,@andylane247 for tax purposes how many times does he have to say it,0,13,67,Reply,Positive
UgwozM-LE3OoLsQltw54AaABAg.AWqHaGZ0Pd3AWwZQzwVoB2,"​ @BlotterEffect 
Doesn't matter how many times he barks at the moon...",@andylane247,0,2 bulan lalu,True,​ @BlotterEffect Doesn't matter how many times he barks at the moon...,0,12,70,Reply,Positive
UgwozM-LE3OoLsQltw54AaABAg.AWqHaGZ0Pd3AWx6TsjCUYd,"​ @andylane247 he simply isn't and the facts don't lie, you do though, TDS",@Mtbmechanics35yrs,1,2 bulan lalu,True,"​ @andylane247 he simply isn't and the facts don't lie, you do though, TDS",1,14,74,Reply,Neutral
UgwozM-LE3OoLsQltw54AaABAg.AWqHaGZ0Pd3AWxBRdGJ6Ju,"​ @Mtbmechanics35yrs 
Those white streaks you see in the stratosphere are frozen jet engine exhausts NOT government chemicals OR cloud seeding...",@andylane247,0,2 bulan lalu,True,​ @Mtbmechanics35yrs Those white streaks you see in the stratosphere are frozen jet engine exhausts NOT government chemicals OR cloud seeding...,0,21,144,Reply,Neutral
UgwozM-LE3OoLsQltw54AaABAg.AWqHaGZ0Pd3AWyjHEdug1b,"​ @MrYahboo try looking it up for yourself, I'm not your mummy",@Mtbmechanics35yrs,1,2 bulan lalu,True,"​ @MrYahboo try looking it up for yourself, I'm not your mummy",1,12,62,Reply,Neutral
UgwozM-LE3OoLsQltw54AaABAg.AWqHaGZ0Pd3AWzdYBx--YZ," @Mtbmechanics35yrs   no, you're not but you ARE someone who spreads lies online and who then runs away as soon as they're challenged.

I'm calling you a liar, if that wasn't clear enough - only a liar would respond as you have.",@MrYahboo,3,2 bulan lalu,True,"@Mtbmechanics35yrs no, you're not but you ARE someone who spreads lies online and who then runs away as soon as they're challenged. I'm calling you a liar, if that wasn't clear enough - only a liar would respond as you have.",3,41,224,Reply,Neutral
UgwozM-LE3OoLsQltw54AaABAg.AWqHaGZ0Pd3AXJ9YQhVs6z,"​ @MrYahboo  the vaccine was created over a few months with little to no serious testing. How could it have any testing 1 year and beyond. It was tested and results compared to patterns seen in other successful vaccines and the risk was signed off by the WHO, on the assumption it would behave the same. 

Whether it killed anyone directly, it certainly affected a smaller demographic of people adversely, namely the elderly. 

The question is simple. Would more people have died without having the vaccine or was the smaller percentage of people who potentially died from it a necessary evil to protect a lot lot more. 

I'd argue covid vaccines saved more than it killed. Theres no question to me that it did kill people/ make people ill though, I just cant prove it, anecdotal evidence isnt proof even though there is a lot of it about. Those who can prove it, wont.",@BMWE-hm7uz,0,2 bulan lalu,True,"​ @MrYahboo the vaccine was created over a few months with little to no serious testing. How could it have any testing 1 year and beyond. It was tested and results compared to patterns seen in other successful vaccines and the risk was signed off by the WHO, on the assumption it would behave the same. Whether it killed anyone directly, it certainly affected a smaller demographic of people adversely, namely the elderly. The question is simple. Would more people have died without having the vaccine or was the smaller percentage of people who potentially died from it a necessary evil to protect a lot lot more. I'd argue covid vaccines saved more than it killed. Theres no question to me that it did kill people/ make people ill though, I just cant prove it, anecdotal evidence isnt proof even though there is a lot of it about. Those who can prove it, wont.",0,154,862,Reply,Neutral
UgwozM-LE3OoLsQltw54AaABAg.AWqHaGZ0Pd3AWwRrNeQa7G,​ @MrYahboo some just choose to bury their head in the sand regarding Climate change,@sunshinedaydream70,0,2 bulan lalu,True,​ @MrYahboo some just choose to bury their head in the sand regarding Climate change,0,15,84,Reply,Neutral
UgwozM-LE3OoLsQltw54AaABAg.AWqHaGZ0Pd3AWwWMcFQv9n, @MrYahboo  perhaps because science always changes and there’s nothing we can do to stop what ever is happening.,@BlotterEffect,2,2 bulan lalu,True,@MrYahboo perhaps because science always changes and there’s nothing we can do to stop what ever is happening.,2,18,110,Reply,Neutral
UgwozM-LE3OoLsQltw54AaABAg.AWqHaGZ0Pd3AWwuS5xu3Y1,​ @BlotterEffect That's because humans are quite egotistical and believe the earth should always be the way they want it. Forgetting the fact that the earth has been changing for billions of years. Long before we were here and will do do long after we're gone. Most don't care because they want to protect earth. They want to protect the infrastructure that keeps humans so comfortable.,@nickls11,0,2 bulan lalu,True,​ @BlotterEffect That's because humans are quite egotistical and believe the earth should always be the way they want it. Forgetting the fact that the earth has been changing for billions of years. Long before we were here and will do do long after we're gone. Most don't care because they want to protect earth. They want to protect the infrastructure that keeps humans so comfortable.,0,66,386,Reply,Positive
UgwozM-LE3OoLsQltw54AaABAg.AWqHaGZ0Pd3AWxLshVPFt_,​ @MrYahboo bahhhh bahhhh 🐑,@Robert-y8l9r,0,2 bulan lalu,True,​ @MrYahboo bahhhh bahhhh 🐑,0,5,27,Reply,Neutral
UgwozM-LE3OoLsQltw54AaABAg.AWqHaGZ0Pd3AWxMilb823o," @BlotterEffect   science does not keep changing. What prompted you to make such a foolish, simplistic statement?",@MrYahboo,0,2 bulan lalu,True,"@BlotterEffect science does not keep changing. What prompted you to make such a foolish, simplistic statement?",0,16,110,Reply,Negative
UgwozM-LE3OoLsQltw54AaABAg.AWqHaGZ0Pd3AWxPONDx8cH," @MrYahboo you mean besides the UN coming out very recently and saying the world in fact, Isn’t going to end from climate change?",@ScottsGuitar,0,2 bulan lalu,True,"@MrYahboo you mean besides the UN coming out very recently and saying the world in fact, Isn’t going to end from climate change?",0,23,128,Reply,Negative
UgwozM-LE3OoLsQltw54AaABAg.AWqHaGZ0Pd3AWxYuXdWOoS,"@Robert-y8l9r  it always makes me laugh when you people accuse those of us who have actually been paying attention as 'sheep' (or is it 'sheeple' these days) while regurgitating the lies fed to you by Big Oil, just like, wait for it... an obedient little sheep.

I doubt you'll recognise the irony.",@MrYahboo,0,2 bulan lalu (diedit),True,"@Robert-y8l9r it always makes me laugh when you people accuse those of us who have actually been paying attention as 'sheep' (or is it 'sheeple' these days) while regurgitating the lies fed to you by Big Oil, just like, wait for it... an obedient little sheep. I doubt you'll recognise the irony.",0,52,296,Reply,Positive
UgwozM-LE3OoLsQltw54AaABAg.AWqHaGZ0Pd3AWxZ-oToBOG," @ScottsGuitar   a) nobody said the world was going to end from climate change so stop making things up

b) the UN have said no such thing so stop making things up.",@MrYahboo,0,2 bulan lalu,True,@ScottsGuitar a) nobody said the world was going to end from climate change so stop making things up b) the UN have said no such thing so stop making things up.,0,31,160,Reply,Neutral
UgwozM-LE3OoLsQltw54AaABAg.AWqHaGZ0Pd3AWxbnggf-mF, @MrYahboo  did you just actually say that 🤣🤣🤣,@BlotterEffect,0,2 bulan lalu,True,@MrYahboo did you just actually say that 🤣🤣🤣,0,8,44,Reply,Neutral
UgwozM-LE3OoLsQltw54AaABAg.AWqHaGZ0Pd3AWxh4Zk4lJK," @BlotterEffect   I assume you're referring to my response to you, in which case my answer is 'yes,' of course.

What a pathetic response from you - it's not like you could have misheard me, is it?

My response was basically a direct challenge to you and you've already bottled that one but I'll give you another chance; if you claim that 'science is always changing,' feel free to cite one single established scientific theory that has been overturned.

You people are hilarious.",@MrYahboo,0,2 bulan lalu,True,"@BlotterEffect I assume you're referring to my response to you, in which case my answer is 'yes,' of course. What a pathetic response from you - it's not like you could have misheard me, is it? My response was basically a direct challenge to you and you've already bottled that one but I'll give you another chance; if you claim that 'science is always changing,' feel free to cite one single established scientific theory that has been overturned. You people are hilarious.",0,82,474,Reply,Neutral
UgwozM-LE3OoLsQltw54AaABAg.AWqHaGZ0Pd3AWxulNrfhF1," @MrYahboo Those of us on the other side think the same thing lol. So I was wrong about the El Niño phenomenon not being recorded:

 El Niño was not discovered by a single scientist on an exact date, but rather identified over centuries.The 1600s: South American fishermen first noticed periodic stretches of unusually warm Pacific waters that ruined their anchovy catch. Because it peaked around Christmas, they named it El Niño de Navidad (""the boy child"" in Spanish).The 1890s: The first scientific descriptions emerged at the Lima Geographical Society, linking the warm waters to shifting coastal currents.The 1920s: British meteorologist Sir Gilbert Walker discovered the ""Southern Oscillation""—the atmospheric pressure changes across the Pacific that drive the phenomenon.

So there couldn’t possibly be man made reasons for El Niño in the 1600’s? Pre industrial time. First Industrial Revolution -. 1760 – c. 1830)Core Location: Great Britain. One tiny country’s outpuking of carbon couldn’t possibly affect climate change yet. Second Industrial Revolution started 1850 encompassing US, GB, Japan and Germany. Could theoretically affect climate change, but not on the grand scheme of earth’s own cyclical agenda. Now the last bit really needs attention. 
Atmospheric pressure changes that drive the phenomenon .. not carbon emissions.",@LisaG442,0,2 bulan lalu,True,"@MrYahboo Those of us on the other side think the same thing lol. So I was wrong about the El Niño phenomenon not being recorded: El Niño was not discovered by a single scientist on an exact date, but rather identified over centuries.The 1600s: South American fishermen first noticed periodic stretches of unusually warm Pacific waters that ruined their anchovy catch. Because it peaked around Christmas, they named it El Niño de Navidad (""the boy child"" in Spanish).The 1890s: The first scientific descriptions emerged at the Lima Geographical Society, linking the warm waters to shifting coastal currents.The 1920s: British meteorologist Sir Gilbert Walker discovered the ""Southern Oscillation""—the atmospheric pressure changes across the Pacific that drive the phenomenon. So there couldn’t possibly be man made reasons for El Niño in the 1600’s? Pre industrial time. First Industrial Revolution -. 1760 – c. 1830)Core Location: Great Britain. One tiny country’s outpuking of carbon couldn’t possibly affect climate change yet. Second Industrial Revolution started 1850 encompassing US, GB, Japan and Germany. Could theoretically affect climate change, but not on the grand scheme of earth’s own cyclical agenda. Now the last bit really needs attention. Atmospheric pressure changes that drive the phenomenon .. not carbon emissions.",0,202,1336,Reply,Positive
UgwozM-LE3OoLsQltw54AaABAg.AWqHaGZ0Pd3AWxyWRIB2_h," @LisaG442   that's a very long comment based on a complete strawman. Neither I, nor the video itself nor anybody else claimed that El Nino was caused by human activity.

Next time, respond to the words presented to you instead of the voices inside your head.",@MrYahboo,0,2 bulan lalu,True,"@LisaG442 that's a very long comment based on a complete strawman. Neither I, nor the video itself nor anybody else claimed that El Nino was caused by human activity. Next time, respond to the words presented to you instead of the voices inside your head.",0,45,255,Reply,Neutral
UgwozM-LE3OoLsQltw54AaABAg.AWqHaGZ0Pd3AZ7o3jz-gz7,​ @MrYahboo like metal gear solid 2 the la le lu le lo that's what this person is referring to.,@distantchosen,0,4 minggu lalu,True,​ @MrYahboo like metal gear solid 2 the la le lu le lo that's what this person is referring to.,0,20,95,Reply,Neutral
UgwozM-LE3OoLsQltw54AaABAg.AWqHaGZ0Pd3AWvlHUx2Npt," @eileenpritchard9154   so you understood that nonsense, did you? Feel free to translate it for me because I don't speak simpleton.",@MrYahboo,0,2 bulan lalu,True,"@eileenpritchard9154 so you understood that nonsense, did you? Feel free to translate it for me because I don't speak simpleton.",0,20,128,Reply,Positive
UgwbRErOfgrOYPQkEnN4AaABAg.AWqD6YeP5pIAWrltUIam6q,Science not theology please,@theancientwinebeerexperime2273,7,2 bulan lalu,True,Science not theology please,7,4,27,Reply,Neutral
UgwbRErOfgrOYPQkEnN4AaABAg.AWqD6YeP5pIAWy9m94z9-c,"You're an idiot I bet you don't even know were still in an ice age, the planet gets warmer and the planet gets colder we have 0.000001% effect on that, anyway an extra 2 degrees warmer sounds nice",@AVAG223,1,2 bulan lalu,True,"You're an idiot I bet you don't even know were still in an ice age, the planet gets warmer and the planet gets colder we have 0.000001% effect on that, anyway an extra 2 degrees warmer sounds nice",1,38,196,Reply,Negative
UgwbRErOfgrOYPQkEnN4AaABAg.AWqD6YeP5pIAX1A8pc0qyB, @AVAG223  Nonsense. But ApeX does a good reply to you. Please read it and learn,@Greenpoloboy3,0,2 bulan lalu,True,@AVAG223 Nonsense. But ApeX does a good reply to you. Please read it and learn,0,15,78,Reply,Positive
UgwbRErOfgrOYPQkEnN4AaABAg.AWqD6YeP5pIAWz16W5pMUF," @AVAG223 The planet does go through a natural cycle of temperature and ice ages do impact that BUT those temperature changes are usually in the ballpark of a degree or so every few thousand years, not 2 degrees in 200 years. 

The graph should be a slow gradual curve up, not a 90 degree angle up.",@ApeX-pj4mq,8,2 bulan lalu,True,"@AVAG223 The planet does go through a natural cycle of temperature and ice ages do impact that BUT those temperature changes are usually in the ballpark of a degree or so every few thousand years, not 2 degrees in 200 years. The graph should be a slow gradual curve up, not a 90 degree angle up.",8,56,295,Reply,Negative
UgwbRErOfgrOYPQkEnN4AaABAg.AWqD6YeP5pIAWtuvqSlYLy,The real money is in the multi trillion dollar green scam where corrupt politicians pass laws forcing people to buy the product and give the corporations billions of tax dollars.,@GmailX-q8u,11,2 bulan lalu,True,The real money is in the multi trillion dollar green scam where corrupt politicians pass laws forcing people to buy the product and give the corporations billions of tax dollars.,11,30,178,Reply,Negative
UgwbRErOfgrOYPQkEnN4AaABAg.AWqD6YeP5pIAWyXxvrpSjp, @GmailX-q8u  Big Oil is wealthier than Big Pharma and Big Tech combined. These Oil Baron fat cats have been around since the dawn of the Industrial Revolution.,@Michael0663-qo4wx,1,2 bulan lalu,True,@GmailX-q8u Big Oil is wealthier than Big Pharma and Big Tech combined. These Oil Baron fat cats have been around since the dawn of the Industrial Revolution.,1,27,158,Reply,Neutral
UgwbRErOfgrOYPQkEnN4AaABAg.AWqD6YeP5pIAWz1KOmv-7F, @GmailX-q8u What is “the product”? Who is selling what product to politicians in relation to green energy? Cleaner air? Reduced deaths in the industry? Reduced pollution in the oceans? Energy independence from petrostates like Russia and Saudi Arabia? What is being sold,@ApeX-pj4mq,2,2 bulan lalu,True,@GmailX-q8u What is “the product”? Who is selling what product to politicians in relation to green energy? Cleaner air? Reduced deaths in the industry? Reduced pollution in the oceans? Energy independence from petrostates like Russia and Saudi Arabia? What is being sold,2,42,270,Reply,Negative
UgwbRErOfgrOYPQkEnN4AaABAg.AWqD6YeP5pIAWzCYL8okyy, @ApeX-pj4mq  Yeah we have all heard the marketing propaganda and it's all lies.,@GmailX-q8u,0,2 bulan lalu,True,@ApeX-pj4mq Yeah we have all heard the marketing propaganda and it's all lies.,0,13,78,Reply,Negative
UgwbRErOfgrOYPQkEnN4AaABAg.AWqD6YeP5pIAX1FRLWircs,"​ @Greenpoloboy3 by definition an ice age is ice at both poles, simple bit of research will tell you that, 90 degrees increase we're all already dead might as well stop pandering to the masses and let people go out peacefully",@AVAG223,0,2 bulan lalu,True,"​ @Greenpoloboy3 by definition an ice age is ice at both poles, simple bit of research will tell you that, 90 degrees increase we're all already dead might as well stop pandering to the masses and let people go out peacefully",0,41,225,Reply,Neutral
UgwbRErOfgrOYPQkEnN4AaABAg.AWqD6YeP5pIAX1Y5UJqQ43," @AVAG223  You need to question yourself. The people who claim it isnt doing the damage are the people making money from this, either because they are the billionaires doing this polluting, the oil companies etc or they are people accepting bribes or money from them, corrupt politicians etc. They want you to believe them. 
This heating of the planet coinciding with mass pollution around the world is no coincidence.",@Greenpoloboy3,0,2 bulan lalu,True,"@AVAG223 You need to question yourself. The people who claim it isnt doing the damage are the people making money from this, either because they are the billionaires doing this polluting, the oil companies etc or they are people accepting bribes or money from them, corrupt politicians etc. They want you to believe them. This heating of the planet coinciding with mass pollution around the world is no coincidence.",0,69,415,Reply,Negative
UgwbRErOfgrOYPQkEnN4AaABAg.AWqD6YeP5pIAXCQb9TJAdx,​ @ApeX-pj4mq have you ever questioned though why in the UK temperatures probes used to be placed in places such as near the sea. Now theyre placed in Heathrow Airport... that only means old readings and new readings arent comparable. I was in portsmouth yesterday morning and Windsor by the afternoon/evening. There was around a 4-5 degrees difference between the two. Placing weather probes in heathrow airport is ridiculous.,@charliecraddock22,1,2 bulan lalu,True,​ @ApeX-pj4mq have you ever questioned though why in the UK temperatures probes used to be placed in places such as near the sea. Now theyre placed in Heathrow Airport... that only means old readings and new readings arent comparable. I was in portsmouth yesterday morning and Windsor by the afternoon/evening. There was around a 4-5 degrees difference between the two. Placing weather probes in heathrow airport is ridiculous.,1,69,427,Reply,Neutral
UgykIBLMKSM4Q8-y3t94AaABAg.AWt0eQK4C8hAWxNrFYtbhm,"As this doesn't give the reasons for El Nino, lets assume its the same reasons as we were told on various news channels 20 odd years ago in the UK that, when the Jetstream doesn't move North in the summer over the Atlantic as usual, its a good indicator of El Nino and Northern Europe will have a rubbish summer.",@fredflyer4883,5,2 bulan lalu,True,"As this doesn't give the reasons for El Nino, lets assume its the same reasons as we were told on various news channels 20 odd years ago in the UK that, when the Jetstream doesn't move North in the summer over the Atlantic as usual, its a good indicator of El Nino and Northern Europe will have a rubbish summer.",5,60,312,Reply,Positive
UgykIBLMKSM4Q8-y3t94AaABAg.AWt0eQK4C8hAWxaJJDXNee,"​ @fredflyer4883 
💯👏👍",@DavidSimms-pn5oe,0,2 bulan lalu,True,​ @fredflyer4883 💯👏👍,0,3,20,Reply,Neutral
UgykIBLMKSM4Q8-y3t94AaABAg.AWt0eQK4C8hAWxUv90DZE_,😂,@vanesagvl9095,2,2 bulan lalu,True,😂,2,1,1,Reply,Neutral
UgykIBLMKSM4Q8-y3t94AaABAg.AWt0eQK4C8hAWyEZkfMPD7,"I learned the other day that rain clouds moving away from one location make it dryer in another location.

They were even trying to tell me that a similar thing happens with high and low pressure.",@btn237,2,2 bulan lalu,True,I learned the other day that rain clouds moving away from one location make it dryer in another location. They were even trying to tell me that a similar thing happens with high and low pressure.,2,36,195,Reply,Neutral
UgykIBLMKSM4Q8-y3t94AaABAg.AWt0eQK4C8hAX0zmocW4rc,So the average Southeast Asian weather. Got it.,@jjpasay,1,2 bulan lalu,True,So the average Southeast Asian weather. Got it.,1,8,47,Reply,Negative
UgykIBLMKSM4Q8-y3t94AaABAg.AWt0eQK4C8hAWyLB4W3NF5,"It's your fault Gavin, don't forget!",@ChunkyMonkey78,0,2 bulan lalu,True,"It's your fault Gavin, don't forget!",0,6,36,Reply,Neutral
UgykIBLMKSM4Q8-y3t94AaABAg.AWt0eQK4C8hAWydidBzeWL,Wow i want cooler 🥶,@Agent-ie3uv,0,2 bulan lalu,True,Wow i want cooler 🥶,0,5,19,Reply,Positive
UgykIBLMKSM4Q8-y3t94AaABAg.AWt0eQK4C8hAX2CQ1mhDUl,😅,@anishakaur3422,0,2 bulan lalu,True,😅,0,1,1,Reply,Neutral
UgykIBLMKSM4Q8-y3t94AaABAg.AWt0eQK4C8hAYK3BQZ6TD6,Sum up: i dont know! i dont know! i dont know!,@Ramune245,0,1 bulan lalu,True,Sum up: i dont know! i dont know! i dont know!,0,11,46,Reply,Neutral
UgykIBLMKSM4Q8-y3t94AaABAg.AWt0eQK4C8hAZ7obTzemIb,1877 the strongest el Nino killed over 50 million people. We have already beat that record.,@distantchosen,0,4 minggu lalu,True,1877 the strongest el Nino killed over 50 million people. We have already beat that record.,0,16,91,Reply,Negative
UgykIBLMKSM4Q8-y3t94AaABAg.AWt0eQK4C8hAWw7NxpRK-_,Watch again. This is important.,@clarkthompson8094,14,2 bulan lalu,True,Watch again. This is important.,14,5,31,Reply,Positive
UgykIBLMKSM4Q8-y3t94AaABAg.AWt0eQK4C8hAWxINgtXB2t,"@clarkthompson8094 I heard 'it might flood more, where flooding is already common, and might be drier in dry places'. Signal, weak. Noise, strong. But, don't let 'stochastic variation' get in the way of a good political story.",@ChrisMacdonald-ns8rx,4,2 bulan lalu,True,"@clarkthompson8094 I heard 'it might flood more, where flooding is already common, and might be drier in dry places'. Signal, weak. Noise, strong. But, don't let 'stochastic variation' get in the way of a good political story.",4,37,226,Reply,Positive
UgykIBLMKSM4Q8-y3t94AaABAg.AWt0eQK4C8hAX-tFPIadP4,"@Gavin-n4j7m - El Nino does not make it ""cooler"" or cold anywhere. El nino is the failing of trade-winds (oscillator of weather systems) and the only reason it WOULD rain is because any build up in ice melt or moisture build-up is released suddenly because that water has nowhere to go. Winds have failed to move it. La Nina is the opposite. Thus lots of water going everywhere due to a cold ocean. The El-Nino and La-Nina swings, but El-Nino is becoming ever stronger each time due to human induced warming and climate change. https://youtu.be/xX-Lw2lJXNc?si=f4KhKQzgbyLkMTt3",@timl6608,3,2 bulan lalu (diedit),True,"@Gavin-n4j7m - El Nino does not make it ""cooler"" or cold anywhere. El nino is the failing of trade-winds (oscillator of weather systems) and the only reason it WOULD rain is because any build up in ice melt or moisture build-up is released suddenly because that water has nowhere to go. Winds have failed to move it. La Nina is the opposite. Thus lots of water going everywhere due to a cold ocean. The El-Nino and La-Nina swings, but El-Nino is becoming ever stronger each time due to human induced warming and climate change.",3,94,527,Reply,Negative
UgykIBLMKSM4Q8-y3t94AaABAg.AWt0eQK4C8hAX2HS9s-p-O, @timl6608 you maybe didn’t catch the ‘cooler’ part in the video,@Gavin-n4j7m,1,2 bulan lalu (diedit),True,@timl6608 you maybe didn’t catch the ‘cooler’ part in the video,1,11,63,Reply,Neutral
UgykIBLMKSM4Q8-y3t94AaABAg.AWt0eQK4C8hAWyEHVRzbs-, @ChrisMacdonald-ns8rx  guy not from those places says “it won’t be too bad”,@btn237,4,2 bulan lalu,True,@ChrisMacdonald-ns8rx guy not from those places says “it won’t be too bad”,4,12,74,Reply,Negative
Ugwiv6GkMXrPZSdOf-N4AaABAg.AY270vQPH1eAZcYgq1iGmX,"Sorry, but this isn’t the first time this has happened. So yeah, it is kind of normal. It’s a natural reoccurring phenomena.
Research the 1877–1878_El_Niño event.",@dudleydueright,1,2 minggu lalu,True,"Sorry, but this isn’t the first time this has happened. So yeah, it is kind of normal. It’s a natural reoccurring phenomena. Research the 1877–1878_El_Niño event.",1,26,162,Reply,Positive
UgyeFaJeuXX9Aw6E3lx4AaABAg.AXD23mL_xAeA_GQBZuC7NY,I'm totally confused..so are weather reports lying or manipulating the information.?? It's been hell on earth temperatures in Huntsville Alabama.😢,@kimmberrleeohthatsme5493,0,1 hari lalu,True,I'm totally confused..so are weather reports lying or manipulating the information.?? It's been hell on earth temperatures in Huntsville Alabama.😢,0,20,146,Reply,Neutral
UgyuFaZ5p2ZwApX45AR4AaABAg.AWqLwGyc6JLAWstQn8lc6W,"It's going to be a danger to Life, the wet bulb moment.",@Habitat-d1t,3,2 bulan lalu,True,"It's going to be a danger to Life, the wet bulb moment.",3,12,55,Reply,Negative
UgyuFaZ5p2ZwApX45AR4AaABAg.AWqLwGyc6JLAWurWj37i6O,Philippines also bro...,@tellydianadayondon6534,3,2 bulan lalu,True,Philippines also bro...,3,3,23,Reply,Neutral
UgyuFaZ5p2ZwApX45AR4AaABAg.AWqLwGyc6JLAWsacWX3MI3,"Wow, 40' C in Japan?",@ashokstrm,1,2 bulan lalu,True,"Wow, 40' C in Japan?",1,5,20,Reply,Positive
UgyuFaZ5p2ZwApX45AR4AaABAg.AWqLwGyc6JLAWu-XVHyMvz,Until less than half a century ago the only places where it could hit 40 degrees C were deserts.,@rjjcms1,4,2 bulan lalu,True,Until less than half a century ago the only places where it could hit 40 degrees C were deserts.,4,19,96,Reply,Negative
UgyuFaZ5p2ZwApX45AR4AaABAg.AWqLwGyc6JLAWvBJIkrR_D,"Over on the other side of the pacific here in California, the warmer water is slowly degrading our protection against hurricanes.",@Junevixen,1,2 bulan lalu,True,"Over on the other side of the pacific here in California, the warmer water is slowly degrading our protection against hurricanes.",1,21,129,Reply,Negative
UgyuFaZ5p2ZwApX45AR4AaABAg.AWqLwGyc6JLAWuyBczkRPE,Not true.,@hkobserv88,0,2 bulan lalu,True,Not true.,0,2,9,Reply,Negative
UgyuFaZ5p2ZwApX45AR4AaABAg.AWqLwGyc6JLAWyeUQO3oAT,Sure record breaking 😂,@nelinjo,0,2 bulan lalu,True,Sure record breaking 😂,0,4,22,Reply,Positive
UgyuFaZ5p2ZwApX45AR4AaABAg.AWqLwGyc6JLAWsOgTi2whX,"Given how Japan relies on seafood as a primary source of protein, I'd be more worried about what warmer oceans will do to both fresh and salt water fisheries.",@deepashtray5605,7,2 bulan lalu,True,"Given how Japan relies on seafood as a primary source of protein, I'd be more worried about what warmer oceans will do to both fresh and salt water fisheries.",7,29,158,Reply,Positive
UgyuFaZ5p2ZwApX45AR4AaABAg.AWqLwGyc6JLAWsg3UIhWuz,​ @deepashtray5605 Agree there! The oceans are our MOST important piece of the environmental puzzle.,@Karen-ig6bp,0,2 bulan lalu,True,​ @deepashtray5605 Agree there! The oceans are our MOST important piece of the environmental puzzle.,0,15,100,Reply,Positive
UgyuFaZ5p2ZwApX45AR4AaABAg.AWqLwGyc6JLAWscFsZk5gT,Obviously your going to have warmer sea and glowing after daichi power station meltdown and released hard water.,@FreeSpeechIsDeadRip,0,2 bulan lalu,True,Obviously your going to have warmer sea and glowing after daichi power station meltdown and released hard water.,0,18,112,Reply,Negative
UgyuFaZ5p2ZwApX45AR4AaABAg.AWqLwGyc6JLAWrZ42UfGpl,"Respected Sri,
If evolution is that is all, and if there is no God, then there is no objective good or evil.

So actions like six u ally abou sing Keds, graping, unaliving them, wars for dominance, bribe, lusting, jealousy, murder etc are all just a matter of preference. Please sit and think about your world view and ripent. 

Kali yugam peaked... time over...
The king of kings is returning ANYTIME SOON to judge all. He gave his life on he cross as a penalty for your evil deeds so that you may not be condemned but have eternal life with God and also live a relatively peaceful life on earth. 
if there is any other way to forgive our sins/bad actions please tell me.",@Rockmanithan,1,2 bulan lalu,True,"Respected Sri, If evolution is that is all, and if there is no God, then there is no objective good or evil. So actions like six u ally abou sing Keds, graping, unaliving them, wars for dominance, bribe, lusting, jealousy, murder etc are all just a matter of preference. Please sit and think about your world view and ripent. Kali yugam peaked... time over... The king of kings is returning ANYTIME SOON to judge all. He gave his life on he cross as a penalty for your evil deeds so that you may not be condemned but have eternal life with God and also live a relatively peaceful life on earth. if there is any other way to forgive our sins/bad actions please tell me.",1,125,668,Reply,Negative
UgyuFaZ5p2ZwApX45AR4AaABAg.AWqLwGyc6JLAWsOURmU8kY, @Rockmanithan  Now you're just spamming.,@deepashtray5605,2,2 bulan lalu,True,@Rockmanithan Now you're just spamming.,2,5,39,Reply,Neutral
UgyuFaZ5p2ZwApX45AR4AaABAg.AWqLwGyc6JLAWskgCQ7ad5, @Karen-ig6bp  If the oceans die so do we.,@deepashtray5605,1,2 bulan lalu,True,@Karen-ig6bp If the oceans die so do we.,1,8,40,Reply,Neutral
UgyuFaZ5p2ZwApX45AR4AaABAg.AWqLwGyc6JLAWvBNCYn_KP, @rjjcms1  Japan is humid as well so imagine 40 degrees Celsius plus humidity,@Junevixen,2,2 bulan lalu,True,@rjjcms1 Japan is humid as well so imagine 40 degrees Celsius plus humidity,2,13,75,Reply,Neutral
Ugyogw1SVLJw0A7kIQt4AaABAg.AWtRGr91BOhAX0vQ-PQkGB,I'm sorry for the loss of your trees~ How old/large were they? Have you planted new ones that might be better suited to your area's current weather patterns?,@spiralali,0,2 bulan lalu,True,I'm sorry for the loss of your trees~ How old/large were they? Have you planted new ones that might be better suited to your area's current weather patterns?,0,28,157,Reply,Neutral
Ugyogw1SVLJw0A7kIQt4AaABAg.AWtRGr91BOhAWyeLx-ULyx,Sure 😂,@nelinjo,1,2 bulan lalu,True,Sure 😂,1,2,6,Reply,Positive
Ugyogw1SVLJw0A7kIQt4AaABAg.AWtRGr91BOhAWymWniCVHJ,Geo engineered,@22lilacsky,0,2 bulan lalu,True,Geo engineered,0,2,14,Reply,Neutral
Ugw2GlbOAGp3n4CRFi14AaABAg.AWq-IrBvELAAWs05oJuE_H,Same in Indo. It's insane how hot it is outside. Like the heat just stick on your skin,@takewhataway,10,2 bulan lalu,True,Same in Indo. It's insane how hot it is outside. Like the heat just stick on your skin,10,18,86,Reply,Negative
Ugw2GlbOAGp3n4CRFi14AaABAg.AWq-IrBvELAAWqheLcH2Vn,"no, it's projected to be after 2-3 months, this is just the summer heat brother",@luckysloth25,5,2 bulan lalu,True,"no, it's projected to be after 2-3 months, this is just the summer heat brother",5,15,79,Reply,Neutral
Ugw2GlbOAGp3n4CRFi14AaABAg.AWq-IrBvELAAWqqmjnZhHj,no el niño yet declared😅,@harryseverino93,2,2 bulan lalu,True,no el niño yet declared😅,2,5,24,Reply,Neutral
Ugw2GlbOAGp3n4CRFi14AaABAg.AWq-IrBvELAAWuaORB1j92,"Philippines is in hot season, the el nino is not the reason.",@juicylemons6843,1,2 bulan lalu,True,"Philippines is in hot season, the el nino is not the reason.",1,12,60,Reply,Positive
Ugw2GlbOAGp3n4CRFi14AaABAg.AWq-IrBvELAAWwVpsdCuzV,"In india we have like 90 out of 100 hottest cities(idk if its because of el nino), i feel u brother.",@varunchaitra1215,1,2 bulan lalu (diedit),True,"In india we have like 90 out of 100 hottest cities(idk if its because of el nino), i feel u brother.",1,21,100,Reply,Neutral
Ugw2GlbOAGp3n4CRFi14AaABAg.AWq-IrBvELAAWxFAycqpI2,I was sweating a lot last month in Cebu. I love tropical fruits but it's harsh to visit in June and July.,@benji1775,1,2 bulan lalu (diedit),True,I was sweating a lot last month in Cebu. I love tropical fruits but it's harsh to visit in June and July.,1,22,105,Reply,Positive
Ugw2GlbOAGp3n4CRFi14AaABAg.AWq-IrBvELAAWwYgRNWnQ6,"We may not be in el niño right now, but we are going there soon.",@glenn_01,0,2 bulan lalu,True,"We may not be in el niño right now, but we are going there soon.",0,15,64,Reply,Positive
Ugw2GlbOAGp3n4CRFi14AaABAg.AWq-IrBvELAAWwZ6AZVXVK,​ @glenn_01 but not  bad as the past years el nino..,@juicylemons6843,0,2 bulan lalu,True,​ @glenn_01 but not bad as the past years el nino..,0,11,51,Reply,Neutral
Ugw2GlbOAGp3n4CRFi14AaABAg.AWq-IrBvELAAWyGTMw3yx-,Guys how do you deal with that that heat? Greetings from Germany,@florentin4061,0,2 bulan lalu,True,Guys how do you deal with that that heat? Greetings from Germany,0,12,64,Reply,Neutral
Ugw2GlbOAGp3n4CRFi14AaABAg.AWq-IrBvELAAX116wH09wr,"​ @florentin4061 ice pack, wiping my body with a wet cloth, fan, dark curtains, wet the outside concrete with water, drink cold beverages, etc.",@MTRBR-mp7wj,2,2 bulan lalu,True,"​ @florentin4061 ice pack, wiping my body with a wet cloth, fan, dark curtains, wet the outside concrete with water, drink cold beverages, etc.",2,24,143,Reply,Negative
Ugw2GlbOAGp3n4CRFi14AaABAg.AWq-IrBvELAAX1EIZQA-3M,Brace yourself my friend Strong Storm is coming soon,@chupol5659,0,2 bulan lalu,True,Brace yourself my friend Strong Storm is coming soon,0,9,52,Reply,Positive
Ugw2GlbOAGp3n4CRFi14AaABAg.AWq-IrBvELAAWrPCvNcMTX,Thailand too super hot🔥,@piriyapalau2915,8,2 bulan lalu,True,Thailand too super hot🔥,8,4,23,Reply,Positive
Ugw2GlbOAGp3n4CRFi14AaABAg.AWq-IrBvELAAWtbFwpk2mz,Gaga....Summer heat yang Meron sa Pinas Ngayon....Wala pa yang El Nino,@Aiza2828-b3t,7,2 bulan lalu,True,Gaga....Summer heat yang Meron sa Pinas Ngayon....Wala pa yang El Nino,7,11,70,Reply,Neutral
Ugw2GlbOAGp3n4CRFi14AaABAg.AWq-IrBvELAAWq1HzxdRn-,in canada it's supposed to bring warmer winter and less snow. I feel sorry for those who will suffer on other places,@HiddenPolitics1,5,2 bulan lalu,True,in canada it's supposed to bring warmer winter and less snow. I feel sorry for those who will suffer on other places,5,22,116,Reply,Negative
Ugw2GlbOAGp3n4CRFi14AaABAg.AWq-IrBvELAAWqGcS29ZaR, @HiddenPolitics1  Didn't the off the chart heat and wildfires in the Canadian Rockies a few years ago result from a super El Nino?,@deepashtray5605,2,2 bulan lalu,True,@HiddenPolitics1 Didn't the off the chart heat and wildfires in the Canadian Rockies a few years ago result from a super El Nino?,2,23,129,Reply,Positive
Ugw2GlbOAGp3n4CRFi14AaABAg.AWq-IrBvELAAWqVd71am0n,El Nino has not been declared yet - your hot weather is not connected to it right now 😂 do you not understand the future tense?,@gavriloking5637,2,2 bulan lalu,True,El Nino has not been declared yet - your hot weather is not connected to it right now 😂 do you not understand the future tense?,2,26,127,Reply,Positive
Ugw2GlbOAGp3n4CRFi14AaABAg.AWq-IrBvELAAWrZPIYKnwM,"Respected Sri,
If evolution is that is all, and if there is no God, then there is no objective good or evil.

So actions like six u ally abou sing Keds, graping, unaliving them, wars for dominance, bribe, lusting, jealousy, murder, pollution, global warming, unalving of keds and gerls in natural disasters etc are all just a matter of preference. Please sit and think about your world view and ripent. 

Kali yugam peaked... time over...
The king of kings Jesus is returning ANYTIME SOON to judge all. He gave his life on he cross as a penalty for your evil deeds so that you may not be condemned but have eternal life with God and also live a relatively peaceful life on earth. 
if there is any other way to forgive our sins/bad actions please tell me.",@Rockmanithan,1,2 bulan lalu,True,"Respected Sri, If evolution is that is all, and if there is no God, then there is no objective good or evil. So actions like six u ally abou sing Keds, graping, unaliving them, wars for dominance, bribe, lusting, jealousy, murder, pollution, global warming, unalving of keds and gerls in natural disasters etc are all just a matter of preference. Please sit and think about your world view and ripent. Kali yugam peaked... time over... The king of kings Jesus is returning ANYTIME SOON to judge all. He gave his life on he cross as a penalty for your evil deeds so that you may not be condemned but have eternal life with God and also live a relatively peaceful life on earth. if there is any other way to forgive our sins/bad actions please tell me.",1,137,750,Reply,Negative
Ugw2GlbOAGp3n4CRFi14AaABAg.AWq-IrBvELAAWqWR2-Ctlt," @deepashtray5605  indeed, drier winters also means drier forests, coupled with warmer summers and thunderstorms, it's a recipe for huge forest fires. usually these fires are in northern areas which are scarcely populated - mostly some oil industry related small cities. one issue is important hydroelectric dams are located north and the power lines that transport energy for large cities are very exposed to forest fires.",@HiddenPolitics1,0,2 bulan lalu,True,"@deepashtray5605 indeed, drier winters also means drier forests, coupled with warmer summers and thunderstorms, it's a recipe for huge forest fires. usually these fires are in northern areas which are scarcely populated - mostly some oil industry related small cities. one issue is important hydroelectric dams are located north and the power lines that transport energy for large cities are very exposed to forest fires.",0,65,421,Reply,Positive
Ugw2GlbOAGp3n4CRFi14AaABAg.AWq-IrBvELAAX11DH8BOua,"​ @florentin4061 if you're rich, just get an A/C.",@MTRBR-mp7wj,1,2 bulan lalu,True,"​ @florentin4061 if you're rich, just get an A/C.",1,9,49,Reply,Positive
UgzSVALI6hxZJMJ5Qpx4AaABAg.AWx27ElBh8wAXKUFqkcSHD,Was looking for this comment 😂😂😂😂,@jakerobinson8325,0,2 bulan lalu,True,Was looking for this comment 😂😂😂😂,0,6,33,Reply,Neutral
UgzsPO7h2DRSQRRYkDN4AaABAg,And the oil wells in the middle east are being bombed to add more to the pollution causing more heat getting trapped.,@MK-lh3xd,189,2 bulan lalu,False,And the oil wells in the middle east are being bombed to add more to the pollution causing more heat getting trapped.,189,22,117,Top-level,Positive
UgzZPtEuM0_7v9PiUJJ4AaABAg,Apparently I'm older than dirt because when he said we have to go way back in time to see an El Niño as strong. All the way back to 2015 and 1987. I'm thinking 1987? Wasn't that just a couple of years ago?,@waterbug1135,105,2 bulan lalu,False,Apparently I'm older than dirt because when he said we have to go way back in time to see an El Niño as strong. All the way back to 2015 and 1987. I'm thinking 1987? Wasn't that just a couple of years ago?,105,43,205,Top-level,Positive
UgxGe7Annv4g19WZFNF4AaABAg,Thanks,@Wladimiriljitsch,5,2 bulan lalu,False,Thanks,5,1,6,Top-level,Positive
UgyM5ZiZ_vu9XLnMcvV4AaABAg,Tennessee is just now starting to get warm. It’s been a cold long  winter,@katieann8540,3,2 bulan lalu,False,Tennessee is just now starting to get warm. It’s been a cold long winter,3,14,72,Top-level,Neutral
UgwRlJEw82qWfXkZssh4AaABAg,really good video 😉 I especially remember the summer of 2018 here in denmark and northern eu we had the driest summer from april to october. a so-called 100 year event,@charliesct.8648,0,2 bulan lalu,False,really good video 😉 I especially remember the summer of 2018 here in denmark and northern eu we had the driest summer from april to october. a so-called 100 year event,0,31,167,Top-level,Positive
UgxilgA0bRKTNj1o90t4AaABAg,Just noticed yesterday here in Aotearoa sometimes known as New Zealand that the shining cuckoo are still here. They usually migrate around April to the Pacific islands in the north.,@noelhayes8628,104,2 bulan lalu,False,Just noticed yesterday here in Aotearoa sometimes known as New Zealand that the shining cuckoo are still here. They usually migrate around April to the Pacific islands in the north.,104,30,181,Top-level,Negative
UgwQOZnNMzAdWsSuVaB4AaABAg,"April supposed to be dry. Its mid May and still raining twice a week here in Indonesia. Haven't heard of forest fire 4:35
Hope El Nino not too harsh this year.",@achmadmarendes,15,2 bulan lalu (diedit),False,April supposed to be dry. Its mid May and still raining twice a week here in Indonesia. Haven't heard of forest fire 4:35 Hope El Nino not too harsh this year.,15,31,159,Top-level,Negative
UgwvRRU6Z1UjQtG5-zp4AaABAg,El Niño has been a thing for over two decades if you live this part of the world. It is clearly getting stronger it also cause major bleaching killing corals,@paxter82,2,2 bulan lalu,False,El Niño has been a thing for over two decades if you live this part of the world. It is clearly getting stronger it also cause major bleaching killing corals,2,30,157,Top-level,Positive
UgwNynzw74VzX3Kyb714AaABAg,Your enthusiasm throughout this upload made everything feel exciting and enjoyable for viewers everywhere today.,@BErrioMalinski,0,2 bulan lalu,False,Your enthusiasm throughout this upload made everything feel exciting and enjoyable for viewers everywhere today.,0,15,112,Top-level,Positive
UgwuRsQWBzq1OkSFZy54AaABAg,Never thought Fernando Torres was reaching these heights 😮‍💨,@lz4556,2,2 bulan lalu,False,Never thought Fernando Torres was reaching these heights 😮‍💨,2,9,60,Top-level,Neutral
UgysCukuAujUrKKdFkl4AaABAg,Power level over 9000!!!!!,@owellorge1868,39,2 bulan lalu,False,Power level over 9000!!!!!,39,4,26,Top-level,Neutral
UgwmepheOuyo8JNXHaR4AaABAg,That thumbnail is diabolical 😂,@joegooner3563,55,2 bulan lalu,False,That thumbnail is diabolical 😂,55,5,30,Top-level,Neutral
UgzU0FjCmtlGIrrs79x4AaABAg,It's SOOO HOTTTTT here in the Philippines,@fetsfer,67,2 bulan lalu,False,It's SOOO HOTTTTT here in the Philippines,67,7,41,Top-level,Neutral
UgxclOPH16JCZmBi2Qx4AaABAg,"Here in Mexico, Puerto Vallarta, it’s been warmer since mid-April, we started having June temperatures.  So now June is right around the corner, could be very interesting….",@alacombe3,1,2 bulan lalu,False,"Here in Mexico, Puerto Vallarta, it’s been warmer since mid-April, we started having June temperatures. So now June is right around the corner, could be very interesting….",1,27,171,Top-level,Positive
Ugy7xTXL3Ul1M2vq-qp4AaABAg,So I knew I wasn't tripping about winter being colder than the year before and last year's summer was hotter than the year before that too... And now it's still technically spring and it's hot asf while also raining a lot recently... it's hotter or just as hot than last year's middle of summer and it's not even summer yet...,@RED_XLR,4,2 bulan lalu,False,So I knew I wasn't tripping about winter being colder than the year before and last year's summer was hotter than the year before that too... And now it's still technically spring and it's hot asf while also raining a lot recently... it's hotter or just as hot than last year's middle of summer and it's not even summer yet...,4,60,326,Top-level,Positive
UgwfFpO9W1U2eNIc1pp4AaABAg,It has already affecting Philippines. It is very hot here.,@maehendrson2704,23,2 bulan lalu,False,It has already affecting Philippines. It is very hot here.,23,10,58,Top-level,Positive
Ugz7SRGZfHfOTg9O5MN4AaABAg,"In southern india it is bringing rain in the peak summer. A bit of relief, but sure climate is becoming unpredictable.",@AjithKumar-ih6sz,6,2 bulan lalu,False,"In southern india it is bringing rain in the peak summer. A bit of relief, but sure climate is becoming unpredictable.",6,21,118,Top-level,Positive
Ugx92zS_8osJdOrQ2jV4AaABAg,"Your report about El Nino is just worth creating panic among the people worldwide. Devastating flood, wildfires and drought is just too much.",@eli.capinbxu,4,2 bulan lalu,False,"Your report about El Nino is just worth creating panic among the people worldwide. Devastating flood, wildfires and drought is just too much.",4,23,141,Top-level,Negative
UgzBBtb56pjYC_sAlMl4AaABAg,"Yep, I'm already worried about the coming summer here in Australia, and winter hasn't even started yet....",@Celtic_Nutter,0,2 bulan lalu,False,"Yep, I'm already worried about the coming summer here in Australia, and winter hasn't even started yet....",0,17,106,Top-level,Neutral
UgzHBYl9lrniZfmC_9d4AaABAg,"In 20 years, we'll be watching a video projecting a Super UBER El Nino!",@tehDanielRuiz,1,2 bulan lalu,False,"In 20 years, we'll be watching a video projecting a Super UBER El Nino!",1,14,71,Top-level,Positive
UgzsPO7h2DRSQRRYkDN4AaABAg.AWqJdr_GaNyAWtRLtWDSBR,Smh😢,@sararichardson737,0,2 bulan lalu,True,Smh😢,0,1,4,Reply,Neutral
UgzsPO7h2DRSQRRYkDN4AaABAg.AWqJdr_GaNyAXF1Ew68q5f,We'd have to have a full scale nuclear war to do anything to the climate. This is Earth being silly.,@zoh19,0,2 bulan lalu,True,We'd have to have a full scale nuclear war to do anything to the climate. This is Earth being silly.,0,20,100,Reply,Negative
UgzsPO7h2DRSQRRYkDN4AaABAg.AWqJdr_GaNyAWrZIMsNl-B,"Respected Sri,
If evolution is that is all, and if there is no God, then there is no objective good or evil.

So actions like six u ally abou sing Keds, graping, unaliving them, wars for dominance, bribe, lusting, jealousy, murder, pollution, global warming, unalving of keds and gerls in natural disasters etc are all just a matter of preference. Please sit and think about your world view and ripent. 

Kali yugam peaked... time over...
The king of kings Jesus is returning ANYTIME SOON to judge all. He gave his life on he cross as a penalty for your evil deeds so that you may not be condemned but have eternal life with God and also live a relatively peaceful life on earth. 
if there is any other way to forgive our sins/bad actions please tell me.",@Rockmanithan,1,2 bulan lalu,True,"Respected Sri, If evolution is that is all, and if there is no God, then there is no objective good or evil. So actions like six u ally abou sing Keds, graping, unaliving them, wars for dominance, bribe, lusting, jealousy, murder, pollution, global warming, unalving of keds and gerls in natural disasters etc are all just a matter of preference. Please sit and think about your world view and ripent. Kali yugam peaked... time over... The king of kings Jesus is returning ANYTIME SOON to judge all. He gave his life on he cross as a penalty for your evil deeds so that you may not be condemned but have eternal life with God and also live a relatively peaceful life on earth. if there is any other way to forgive our sins/bad actions please tell me.",1,137,750,Reply,Negative
UgzsPO7h2DRSQRRYkDN4AaABAg.AWqJdr_GaNyAWsA3ds2HOH,​ @Rockmanithan but i have 50 million power in Rise of Kingdoms,@FEREDITZ,3,2 bulan lalu,True,​ @Rockmanithan but i have 50 million power in Rise of Kingdoms,3,12,63,Reply,Neutral
UgzsPO7h2DRSQRRYkDN4AaABAg.AWqJdr_GaNyAWusrBA3-Gk, @FEREDITZ  🥀,@Rubenz343,0,2 bulan lalu,True,@FEREDITZ 🥀,0,2,11,Reply,Neutral
UgzZPtEuM0_7v9PiUJJ4AaABAg.AWs07amyGmYAWsn0T1N1DL,"He said 1997, not 1987",@MM-we4no,6,2 bulan lalu,True,"He said 1997, not 1987",6,5,22,Reply,Neutral
UgzZPtEuM0_7v9PiUJJ4AaABAg.AWs07amyGmYAWt8-TNfwtD," @MM-we4no  Clear your ears, and turn on the sub titles if you are hard of hearing. 1877.",@granvillestout2681,9,2 bulan lalu,True,"@MM-we4no Clear your ears, and turn on the sub titles if you are hard of hearing. 1877.",9,17,87,Reply,Negative
UgzZPtEuM0_7v9PiUJJ4AaABAg.AWs07amyGmYAWw4T8cUQ_s, @MM-we4no does it really matter? Both were just yesterday.,@dllion3196,3,2 bulan lalu,True,@MM-we4no does it really matter? Both were just yesterday.,3,9,58,Reply,Positive
UgzZPtEuM0_7v9PiUJJ4AaABAg.AWs07amyGmYAWt89t5SkSa," @MM-we4no  Clear your ears or turn on the subtitles, suggest both. 1887 when 2.7C increase recorded.",@granvillestout2681,0,2 bulan lalu,True,"@MM-we4no Clear your ears or turn on the subtitles, suggest both. 1887 when 2.7C increase recorded.",0,16,99,Reply,Positive
UgzZPtEuM0_7v9PiUJJ4AaABAg.AWs07amyGmYAWu-8-1CJME,"I see parallels with 1977 here in the UK,when a cool and often wet and windy summer followed an exceptionally hot one! Part of the same El Nino - La Nina cycle?",@rjjcms1,1,2 bulan lalu,True,"I see parallels with 1977 here in the UK,when a cool and often wet and windy summer followed an exceptionally hot one! Part of the same El Nino - La Nina cycle?",1,32,160,Reply,Positive
UgzZPtEuM0_7v9PiUJJ4AaABAg.AWs07amyGmYAWz8MRnWVv9,Yup. '76 was a scorcher in the UK. I remember because I was running a general store and aircon was just a lovely dream.,@fedup99,0,2 bulan lalu,True,Yup. '76 was a scorcher in the UK. I remember because I was running a general store and aircon was just a lovely dream.,0,24,119,Reply,Positive
UgzZPtEuM0_7v9PiUJJ4AaABAg.AWs07amyGmYAWw70_wyGrA,I remember 2015 and the Caribbean floods. My house took on flood waters 6 times btw Oct -mar.  Hopefully not this time,@Charles-v5d3p,1,2 bulan lalu,True,I remember 2015 and the Caribbean floods. My house took on flood waters 6 times btw Oct -mar. Hopefully not this time,1,22,117,Reply,Neutral
UgzZPtEuM0_7v9PiUJJ4AaABAg.AWs07amyGmYAWvvbtWIRHW,Same here. Where is Led Zepplin playing next weekend?,@AlienNihilist,0,2 bulan lalu,True,Same here. Where is Led Zepplin playing next weekend?,0,9,53,Reply,Neutral
UgzZPtEuM0_7v9PiUJJ4AaABAg.AWs07amyGmYAWxJc5PRNjx, @AlienNihilist  On the stairway to heaven.... 🤣,@carmenfinn7521,0,2 bulan lalu,True,@AlienNihilist On the stairway to heaven.... 🤣,0,7,46,Reply,Neutral
UgzZPtEuM0_7v9PiUJJ4AaABAg.AWs07amyGmYAWw93npH-nO,Just the other week there (1998),@BobJimmy-o5z,0,2 bulan lalu,True,Just the other week there (1998),0,6,32,Reply,Negative
UgzZPtEuM0_7v9PiUJJ4AaABAg.AWs07amyGmYAWsmP64Lii0,"And the strongest was way back  in 1877, clearly human induced.",@granvillestout2681,4,2 bulan lalu,True,"And the strongest was way back in 1877, clearly human induced.",4,11,62,Reply,Neutral
UgzZPtEuM0_7v9PiUJJ4AaABAg.AWs07amyGmYAWuovE_4hhy," @granvillestout2681  It's not about strength, it's about frequency.",@user-yd6tm5ne2e,1,2 bulan lalu,True,"@granvillestout2681 It's not about strength, it's about frequency.",1,8,66,Reply,Neutral
UgzZPtEuM0_7v9PiUJJ4AaABAg.AWs07amyGmYAWvap2klvHW, @user-yd6tm5ne2e  No more frequent than historical.,@granvillestout2681,0,2 bulan lalu,True,@user-yd6tm5ne2e No more frequent than historical.,0,6,50,Reply,Neutral
UgzZPtEuM0_7v9PiUJJ4AaABAg.AWs07amyGmYAWvb2vm9zGx," @user-yd6tm5ne2e  who knows in the past 1000 years how frequent, there are no records so we are only collecting data on 200 years at most. In the history of he world that is teeny weeny.",@granvillestout2681,0,2 bulan lalu,True,"@user-yd6tm5ne2e who knows in the past 1000 years how frequent, there are no records so we are only collecting data on 200 years at most. In the history of he world that is teeny weeny.",0,35,185,Reply,Positive
UgzZPtEuM0_7v9PiUJJ4AaABAg.AWs07amyGmYAWxTm2JraOj," @granvillestout2681  Exactly. We have data for the past 200 years to use, and in the last 200 years it is undeniable FACT that it is more frequent.",@user-yd6tm5ne2e,1,2 bulan lalu,True,"@granvillestout2681 Exactly. We have data for the past 200 years to use, and in the last 200 years it is undeniable FACT that it is more frequent.",1,27,146,Reply,Positive
UgzZPtEuM0_7v9PiUJJ4AaABAg.AWs07amyGmYAWxTtYIxtVj," @granvillestout2681  You proved yourself that this is unknowable, since we didn't record, but we are recording now and what we do know is that it is significantly more frequent. This is just a fact, rather than baseless guesses, like you are proposing.",@user-yd6tm5ne2e,1,2 bulan lalu,True,"@granvillestout2681 You proved yourself that this is unknowable, since we didn't record, but we are recording now and what we do know is that it is significantly more frequent. This is just a fact, rather than baseless guesses, like you are proposing.",1,42,251,Reply,Positive
UgzZPtEuM0_7v9PiUJJ4AaABAg.AWs07amyGmYAX06YwOzFMf," @fedup99  62 yo here. I've never had AC. I hate the stuff. Ruins me for being outside, and makes me sick.",@AlienNihilist,0,2 bulan lalu,True,"@fedup99 62 yo here. I've never had AC. I hate the stuff. Ruins me for being outside, and makes me sick.",0,21,104,Reply,Negative
UgxilgA0bRKTNj1o90t4AaABAg.AWqLWAoJAV-AWt-5yqJV8H,"Aotearoa is the Māori traditional name for New Zealand meaning the land was Aotearoa before European contact. As in so many aspects in our world, no matter what part of the world, there is a Eurocentric bias.",@CH-iy4go,9,2 bulan lalu,True,"Aotearoa is the Māori traditional name for New Zealand meaning the land was Aotearoa before European contact. As in so many aspects in our world, no matter what part of the world, there is a Eurocentric bias.",9,37,208,Reply,Positive
UgxilgA0bRKTNj1o90t4AaABAg.AWqLWAoJAV-AX4pc36BuRp,Maori settled NZ in the 1200’s. Hardly been there since the beginning of time.,@KSAUS2026,1,2 bulan lalu,True,Maori settled NZ in the 1200’s. Hardly been there since the beginning of time.,1,14,78,Reply,Negative
UgxilgA0bRKTNj1o90t4AaABAg.AWqLWAoJAV-AWxJ7Qk6gr_, @CH-iy4go The name Aotearoa was coined by a Welsh man.  It was never the name for our country,@jasonyoung1230,2,2 bulan lalu,True,@CH-iy4go The name Aotearoa was coined by a Welsh man. It was never the name for our country,2,18,92,Reply,Neutral
UgxilgA0bRKTNj1o90t4AaABAg.AWqLWAoJAV-AWtBg4vCXkb,"​ @CH-iy4go yep Kia orana 
A Rarotongan village leader told me it's been Aotearoa since before European, and the shining cuckoo flies the same path  to and from there from Takitimu Rarotonga.
When he sings, he's always announced Maori songs as ""here's a song from Aotearoa sometimes known as New Zealand"" with a big grin and he told me that story",@noelhayes8628,1,2 bulan lalu,True,"​ @CH-iy4go yep Kia orana A Rarotongan village leader told me it's been Aotearoa since before European, and the shining cuckoo flies the same path to and from there from Takitimu Rarotonga. When he sings, he's always announced Maori songs as ""here's a song from Aotearoa sometimes known as New Zealand"" with a big grin and he told me that story",1,61,344,Reply,Neutral
UgxilgA0bRKTNj1o90t4AaABAg.AWqLWAoJAV-AWsYbELMDxf,"Sometimes called New Zealand, yes mate that’s because that’s its name 🤣",@NorthernerExplains123,7,2 bulan lalu,True,"Sometimes called New Zealand, yes mate that’s because that’s its name 🤣",7,12,71,Reply,Positive
UgxilgA0bRKTNj1o90t4AaABAg.AWqLWAoJAV-AWteTReQ8UQ,"​ @NorthernerExplains123 
It's always been Aotearoa, why does that scare some people it's the truth?",@noelhayes8628,1,2 bulan lalu,True,"​ @NorthernerExplains123 It's always been Aotearoa, why does that scare some people it's the truth?",1,15,99,Reply,Neutral
UgxilgA0bRKTNj1o90t4AaABAg.AWqLWAoJAV-AWrQ5mJwoL9,That's what you call a flight delay.,@joeybloggs5931,6,2 bulan lalu,True,That's what you call a flight delay.,6,7,36,Reply,Neutral
UgxilgA0bRKTNj1o90t4AaABAg.AWqLWAoJAV-AWsKD9ufTmY, @joeybloggs5931  They can't afford the fuel prices.,@Aztaable,8,2 bulan lalu,True,@joeybloggs5931 They can't afford the fuel prices.,8,7,50,Reply,Neutral
UgxilgA0bRKTNj1o90t4AaABAg.AWqLWAoJAV-AWrT_nWz4Um,"​ @joeybloggs5931 😂
They probably flying Raro style, wait for a 747 instead of paddle",@noelhayes8628,2,2 bulan lalu,True,"​ @joeybloggs5931 😂 They probably flying Raro style, wait for a 747 instead of paddle",2,15,85,Reply,Neutral
UgxilgA0bRKTNj1o90t4AaABAg.AWqLWAoJAV-AWtevPvs5XI,Oh so is that why you guys go to the islands for a break then?,@noelhayes8628,0,2 bulan lalu,True,Oh so is that why you guys go to the islands for a break then?,0,15,62,Reply,Neutral
UgxilgA0bRKTNj1o90t4AaABAg.AWqLWAoJAV-AWuG4-kcHvn,Don’t worry people Trump will fix everything🎉🎉🎉🎉🎉🎉,@JoseTheChico,0,2 bulan lalu,True,Don’t worry people Trump will fix everything🎉🎉🎉🎉🎉🎉,0,7,50,Reply,Neutral
UgxilgA0bRKTNj1o90t4AaABAg.AWqLWAoJAV-AXS9sWHQTES,So what...every season is different!,@jeffyoung345,0,2 bulan lalu,True,So what...every season is different!,0,5,36,Reply,Neutral
UgxilgA0bRKTNj1o90t4AaABAg.AWqLWAoJAV-AXSCNhBQshF,"​ @jeffyoung345 
Looks like it",@noelhayes8628,0,2 bulan lalu,True,​ @jeffyoung345 Looks like it,0,5,29,Reply,Neutral
UgxilgA0bRKTNj1o90t4AaABAg.AWqLWAoJAV-AWsnVOfw1WR,Sometimes known as New Zealand? You mean always known as New Zealand 🤣,@ben101143,4,2 bulan lalu,True,Sometimes known as New Zealand? You mean always known as New Zealand 🤣,4,13,70,Reply,Neutral
UgxilgA0bRKTNj1o90t4AaABAg.AWqLWAoJAV-AWteA8xfyyD,"​ @ben101143 
It's been Aotearoa since names were names 
Why does that frighten you?",@noelhayes8628,2,2 bulan lalu,True,​ @ben101143 It's been Aotearoa since names were names Why does that frighten you?,2,14,82,Reply,Neutral
UgxilgA0bRKTNj1o90t4AaABAg.AWqLWAoJAV-AWtehX43XuD,"It's always been Aotearoa, don't worry about it",@noelhayes8628,0,2 bulan lalu,True,"It's always been Aotearoa, don't worry about it",0,8,47,Reply,Neutral
UgxilgA0bRKTNj1o90t4AaABAg.AWqLWAoJAV-AWtaNuwq_QM,Yea it’s known all the time around the world as New Zealand. Never once have heard it called the other name 😂,@User-pu3lc,3,2 bulan lalu,True,Yea it’s known all the time around the world as New Zealand. Never once have heard it called the other name 😂,3,22,109,Reply,Neutral
UgxilgA0bRKTNj1o90t4AaABAg.AWqLWAoJAV-AWteLlfi9Xt,"​ @User-pu3lc 
it's been Aotearoa since names were names.
why does the truth frighten some people?",@noelhayes8628,0,2 bulan lalu,True,​ @User-pu3lc it's been Aotearoa since names were names. why does the truth frighten some people?,0,16,97,Reply,Neutral
UgxilgA0bRKTNj1o90t4AaABAg.AWqLWAoJAV-AWtcZTVuA8T,"​ @User-pu3lc it's been Aotearoa since names were names 
Kia-Orana",@noelhayes8628,1,2 bulan lalu,True,​ @User-pu3lc it's been Aotearoa since names were names Kia-Orana,1,10,65,Reply,Neutral
UgxilgA0bRKTNj1o90t4AaABAg.AWqLWAoJAV-AWrZ2d_pBoG,"Respected Sri,
If evolution is that is all, and if there is no God, then there is no objective good or evil.

So actions like six u ally abou sing Keds, graping, unaliving them, wars for dominance, bribe, lusting, jealousy, murder etc are all just a matter of preference. Please sit and think about your world view and ripent. 

Kali yugam peaked... time over...
The king of kings is returning ANYTIME SOON to judge all. He gave his life on he cross as a penalty for your evil deeds so that you may not be condemned but have eternal life with God and also live a relatively peaceful life on earth. 
if there is any other way to forgive our sins/bad actions please tell me.",@Rockmanithan,1,2 bulan lalu,True,"Respected Sri, If evolution is that is all, and if there is no God, then there is no objective good or evil. So actions like six u ally abou sing Keds, graping, unaliving them, wars for dominance, bribe, lusting, jealousy, murder etc are all just a matter of preference. Please sit and think about your world view and ripent. Kali yugam peaked... time over... The king of kings is returning ANYTIME SOON to judge all. He gave his life on he cross as a penalty for your evil deeds so that you may not be condemned but have eternal life with God and also live a relatively peaceful life on earth. if there is any other way to forgive our sins/bad actions please tell me.",1,125,668,Reply,Negative
UgxilgA0bRKTNj1o90t4AaABAg.AWqLWAoJAV-AWryLiGXEt_,​ @Rockmanithan Can you please get a bloody grip on reality.,@surquhart64,7,2 bulan lalu,True,​ @Rockmanithan Can you please get a bloody grip on reality.,7,11,60,Reply,Negative
UgxilgA0bRKTNj1o90t4AaABAg.AWqLWAoJAV-AWtebcWPrO9,​ @Rockmanithan  oh yeah Charlie boy his birthday on the 1 June,@noelhayes8628,1,2 bulan lalu,True,​ @Rockmanithan oh yeah Charlie boy his birthday on the 1 June,1,12,62,Reply,Neutral
UgxilgA0bRKTNj1o90t4AaABAg.AWqLWAoJAV-AWtekC26Fe8,​ @Aztaable 😂,@noelhayes8628,0,2 bulan lalu,True,​ @Aztaable 😂,0,3,13,Reply,Neutral
UgxilgA0bRKTNj1o90t4AaABAg.AWqLWAoJAV-AWu186GBW3b, @noelhayes8628 because last time I checked the map says New Zealand lol ain’t no one scared,@NorthernerExplains123,2,2 bulan lalu,True,@noelhayes8628 because last time I checked the map says New Zealand lol ain’t no one scared,2,16,91,Reply,Positive
UgxilgA0bRKTNj1o90t4AaABAg.AWqLWAoJAV-AX4qS-RC-wC,"​ @KSAUS2026 
Does it matter whether Maori were here 200 years ago or 2000 years ago ?
No matter what we say Maori are tangata whenua are you wanting to take that away somehow?",@noelhayes8628,1,2 bulan lalu,True,​ @KSAUS2026 Does it matter whether Maori were here 200 years ago or 2000 years ago ? No matter what we say Maori are tangata whenua are you wanting to take that away somehow?,1,34,175,Reply,Neutral
UgxilgA0bRKTNj1o90t4AaABAg.AWqLWAoJAV-AX4sED4Mf4r, @noelhayes8628  Ive been in Australia since I was born but I get told all the time this isn’t my home. Kind of sucks doesn’t it?,@KSAUS2026,0,2 bulan lalu,True,@noelhayes8628 Ive been in Australia since I was born but I get told all the time this isn’t my home. Kind of sucks doesn’t it?,0,25,127,Reply,Positive
UgxilgA0bRKTNj1o90t4AaABAg.AWqLWAoJAV-AX4t5fPr62m,"​ @KSAUS2026 You can't accept someone else was there before you, were you invited?",@noelhayes8628,0,2 bulan lalu,True,"​ @KSAUS2026 You can't accept someone else was there before you, were you invited?",0,14,82,Reply,Neutral
UgxilgA0bRKTNj1o90t4AaABAg.AWqLWAoJAV-AX4uNvillr8,"If NZ was occupied before the Maori arrived in the 1200’s, do you believe the Maori would just turn the boats around and go home? 

And I was born in the 90’s, millions of people were here in Australia before me.",@KSAUS2026,0,2 bulan lalu,True,"If NZ was occupied before the Maori arrived in the 1200’s, do you believe the Maori would just turn the boats around and go home? And I was born in the 90’s, millions of people were here in Australia before me.",0,41,210,Reply,Neutral
UgxilgA0bRKTNj1o90t4AaABAg.AWqLWAoJAV-AX4w5XPWYmE,"​ @KSAUS2026 
Let us stick to the facts.

Were you invited?
What are you scared of?",@noelhayes8628,1,2 bulan lalu,True,​ @KSAUS2026 Let us stick to the facts. Were you invited? What are you scared of?,1,16,81,Reply,Neutral
UgxilgA0bRKTNj1o90t4AaABAg.AWqLWAoJAV-AX52X_7kGUV,did someone invite me (as an infant) to be born here? And same as 4 previous generations of my family,@KSAUS2026,0,2 bulan lalu,True,did someone invite me (as an infant) to be born here? And same as 4 previous generations of my family,0,20,101,Reply,Negative
UgxilgA0bRKTNj1o90t4AaABAg.AWqLWAoJAV-AX1A_KxcJEK,​​ @jasonyoung1230 yes it is the english name for it. Were you seriously today years old when you found out countries have different names in different languages?,@MJW000,0,2 bulan lalu (diedit),True,​​ @jasonyoung1230 yes it is the english name for it. Were you seriously today years old when you found out countries have different names in different languages?,0,27,162,Reply,Neutral
UgxilgA0bRKTNj1o90t4AaABAg.AWqLWAoJAV-AWt-Tnozwn8," @CH-iy4go that’s because there’s far more British people in New Zealand than maori, it’s called New Zealand now it’s been civilised",@NorthernerExplains123,5,2 bulan lalu,True,"@CH-iy4go that’s because there’s far more British people in New Zealand than maori, it’s called New Zealand now it’s been civilised",5,21,131,Reply,Positive
UgxilgA0bRKTNj1o90t4AaABAg.AWqLWAoJAV-AWt7I-IpdZs, @NorthernerExplains123  civilized? The West? HAHAHAHAHAHA!,@mmmiiiggggggyyy,6,2 bulan lalu,True,@NorthernerExplains123 civilized? The West? HAHAHAHAHAHA!,6,5,57,Reply,Positive
UgxilgA0bRKTNj1o90t4AaABAg.AWqLWAoJAV-AWt7b43h_ZB, @mmmiiiggggggyyy  yes,@NorthernerExplains123,3,2 bulan lalu,True,@mmmiiiggggggyyy yes,3,2,20,Reply,Neutral
UgxilgA0bRKTNj1o90t4AaABAg.AWqLWAoJAV-AWt92bIxam9," @NorthernerExplains123 I think you mean stolen or conquered. Much like what happened in the US where Native American tribes signed what they thought were legitimate agreements with the US government, and the US government every single contract that the Native Americans entered in in good faith.",@CH-iy4go,4,2 bulan lalu,True,"@NorthernerExplains123 I think you mean stolen or conquered. Much like what happened in the US where Native American tribes signed what they thought were legitimate agreements with the US government, and the US government every single contract that the Native Americans entered in in good faith.",4,46,295,Reply,Positive
UgxilgA0bRKTNj1o90t4AaABAg.AWqLWAoJAV-AWt9VRkb430," @CH-iy4go  due to our efforts across the globe people live in more comfort and security than at any point in history, no need to thank us we may have been the pioneers but we are happy to let you reap the rewards",@NorthernerExplains123,3,2 bulan lalu,True,"@CH-iy4go due to our efforts across the globe people live in more comfort and security than at any point in history, no need to thank us we may have been the pioneers but we are happy to let you reap the rewards",3,42,211,Reply,Positive
UgxilgA0bRKTNj1o90t4AaABAg.AWqLWAoJAV-AWtcF6KhGGE, @NorthernerExplains123  😂😂😂😂😂😂😂😂😂😂😂😂😂😂😂😂😂😂😂😂😂😂😂😂😂,@NR-xx7dn,0,2 bulan lalu,True,@NorthernerExplains123 😂😂😂😂😂😂😂😂😂😂😂😂😂😂😂😂😂😂😂😂😂😂😂😂😂,0,2,48,Reply,Neutral
UgxilgA0bRKTNj1o90t4AaABAg.AWqLWAoJAV-AWtcI7KamW9, @NorthernerExplains123  🤣🤣🤣🤣🤣🤣🤣🤣🤣🤣🤣🤣🤣🤣🤣🤣🤣🤣🤣,@NR-xx7dn,0,2 bulan lalu,True,@NorthernerExplains123 🤣🤣🤣🤣🤣🤣🤣🤣🤣🤣🤣🤣🤣🤣🤣🤣🤣🤣🤣,0,2,42,Reply,Neutral
UgwQOZnNMzAdWsSuVaB4AaABAg.AWumpOcZXtyAXCbNlBblBY,"In Jamaica, they said there will be drought. 
But every single day for the past month, it's raining. And some places flooding.",@rayanderson1941,1,2 bulan lalu,True,"In Jamaica, they said there will be drought. But every single day for the past month, it's raining. And some places flooding.",1,22,125,Reply,Negative
UgwQOZnNMzAdWsSuVaB4AaABAg.AWumpOcZXtyAXF17khMjMq,"In the UK, we're having a heatwave. In May. I don't remember it ever being 30°C in May.",@zoh19,1,2 bulan lalu,True,"In the UK, we're having a heatwave. In May. I don't remember it ever being 30°C in May.",1,18,87,Reply,Neutral
UgysCukuAujUrKKdFkl4AaABAg.AWqBMXlfRKBAWranBuVHdF,😂😂😂😂,@pakman443,1,2 bulan lalu,True,😂😂😂😂,1,1,4,Reply,Neutral
UgysCukuAujUrKKdFkl4AaABAg.AWqBMXlfRKBAWsmzke1xZO,"9,000!? Your scouter is broken!",@shiftymcgee9359,0,2 bulan lalu,True,"9,000!? Your scouter is broken!",0,5,31,Reply,Negative
UgwmepheOuyo8JNXHaR4AaABAg.AWu9_jPFiDxAWxQkFNRBMw,"Well, you need a super thumbnail to preview the SUPER EL NINO",@tehDanielRuiz,1,2 bulan lalu,True,"Well, you need a super thumbnail to preview the SUPER EL NINO",1,12,61,Reply,Positive
UgwmepheOuyo8JNXHaR4AaABAg.AWu9_jPFiDxAWuYVBM4XB9,"Scare mongering BBC again. Might be true though, might not be. Lack of trust in this news outlet these days.",@Will-y6n3e,15,2 bulan lalu,True,"Scare mongering BBC again. Might be true though, might not be. Lack of trust in this news outlet these days.",15,20,108,Reply,Positive
UgwmepheOuyo8JNXHaR4AaABAg.AWu9_jPFiDxAWy1b5FuotQ," @Will-y6n3e    It’s clickbait like every other channel covering this, I’m just shocked how little there are and how tiny the view count is",@Vxextaow,0,2 bulan lalu,True,"@Will-y6n3e It’s clickbait like every other channel covering this, I’m just shocked how little there are and how tiny the view count is",0,23,135,Reply,Negative
UgwmepheOuyo8JNXHaR4AaABAg.AWu9_jPFiDxAX1mnif2US8,"​ @Will-y6n3e to be fair, its not stopped raining since they announced this.
Feels like 2011 again, 
Under my umbrella ella ella",@joegooner3563,0,2 bulan lalu,True,"​ @Will-y6n3e to be fair, its not stopped raining since they announced this. Feels like 2011 again, Under my umbrella ella ella",0,22,127,Reply,Positive
UgwmepheOuyo8JNXHaR4AaABAg.AWu9_jPFiDxAWwjPRdKcKn,Apocalyptic*😊,@kozmoray00,3,2 bulan lalu,True,Apocalyptic*😊,3,1,13,Reply,Neutral
UgzU0FjCmtlGIrrs79x4AaABAg.AWradDyCFisAWvweg9MsvS,Its unnusually warm in central Chile,@pablodonoso779,3,2 bulan lalu,True,Its unnusually warm in central Chile,3,6,36,Reply,Positive
UgzU0FjCmtlGIrrs79x4AaABAg.AWradDyCFisAWuxwimVJGZ,"No sht, Sherlock 😅",@hkobserv88,2,2 bulan lalu,True,"No sht, Sherlock 😅",2,4,18,Reply,Neutral
UgzU0FjCmtlGIrrs79x4AaABAg.AWradDyCFisAWuzdmtOJJn,​ @hkobserv88 it's hotter nowadays,@fetsfer,2,2 bulan lalu,True,​ @hkobserv88 it's hotter nowadays,2,5,34,Reply,Neutral
UgzU0FjCmtlGIrrs79x4AaABAg.AWradDyCFisAWvMaVxIZ7b,Not to bad in Guadalajara Mexico.,@terryquinn7765,0,2 bulan lalu,True,Not to bad in Guadalajara Mexico.,0,6,33,Reply,Negative
UgzU0FjCmtlGIrrs79x4AaABAg.AWradDyCFisAWvNDI6mU97,​ @terryquinn7765 different effects all over the world. It gets hot and dry here because the moisture from the pacific doesn't make it to indopacific. Eastern Pacific/western coast americas gets more moisture than usual.,@beehard44,3,2 bulan lalu,True,​ @terryquinn7765 different effects all over the world. It gets hot and dry here because the moisture from the pacific doesn't make it to indopacific. Eastern Pacific/western coast americas gets more moisture than usual.,3,34,220,Reply,Positive
UgzU0FjCmtlGIrrs79x4AaABAg.AWradDyCFisAWutqzAKkIm,"Isn't it normally, though?
I'm currently in Vietnam and yes, it's very hot but it is for like 90% of the year as it is a tropical climate.",@jameswright4236,4,2 bulan lalu,True,"Isn't it normally, though? I'm currently in Vietnam and yes, it's very hot but it is for like 90% of the year as it is a tropical climate.",4,28,138,Reply,Positive
UgzU0FjCmtlGIrrs79x4AaABAg.AWradDyCFisAWvKyhMFv_j,"​ @jameswright4236  it's been consistently hotter on average in the last decade or so, so much that classes have had to be suspended due to high heat indices. Yes it gets hot, and it has gotten this hot before, but not with the same consistency in what used to be an uncommon extreme weather event.",@beehard44,7,2 bulan lalu,True,"​ @jameswright4236 it's been consistently hotter on average in the last decade or so, so much that classes have had to be suspended due to high heat indices. Yes it gets hot, and it has gotten this hot before, but not with the same consistency in what used to be an uncommon extreme weather event.",7,55,297,Reply,Positive
UgzU0FjCmtlGIrrs79x4AaABAg.AWradDyCFisAWuzQHMt_GM,​ @jameswright4236 it gets more hot during summer months. Very humid. You sweat the moment you step out of the shower.,@fetsfer,3,2 bulan lalu,True,​ @jameswright4236 it gets more hot during summer months. Very humid. You sweat the moment you step out of the shower.,3,21,118,Reply,Positive
UgzU0FjCmtlGIrrs79x4AaABAg.AWradDyCFisAWrbwJtXEnd,"Respected Bro,
If evolution is that is all, and if there is no God, then there is no objective good or evil.

So actions like six u ally abou sing Keds, graping, unaliving them, wars for dominance, bribe, lusting, jealousy, murder, pollution, global warming, unalving of keds and gerls in natural disasters etc are all just a matter of preference. Please sit and think about your world view and ripent. 

Kali yugam peaked... time over...
The king of kings Jesus is returning ANYTIME SOON to judge all. He gave his life on he cross as a penalty for your evil deeds so that you may not be condemned but have eternal life with God and also live a relatively peaceful life on earth. 
if there is any other way to forgive our sins/bad actions please tell me.",@Rockmanithan,0,2 bulan lalu,True,"Respected Bro, If evolution is that is all, and if there is no God, then there is no objective good or evil. So actions like six u ally abou sing Keds, graping, unaliving them, wars for dominance, bribe, lusting, jealousy, murder, pollution, global warming, unalving of keds and gerls in natural disasters etc are all just a matter of preference. Please sit and think about your world view and ripent. Kali yugam peaked... time over... The king of kings Jesus is returning ANYTIME SOON to judge all. He gave his life on he cross as a penalty for your evil deeds so that you may not be condemned but have eternal life with God and also live a relatively peaceful life on earth. if there is any other way to forgive our sins/bad actions please tell me.",0,137,750,Reply,Negative
UgzU0FjCmtlGIrrs79x4AaABAg.AWradDyCFisAWrsLu8WuuH,"​ @Rockmanithan Brad, kaiin na.",@ChoochooHamsters,0,2 bulan lalu,True,"​ @Rockmanithan Brad, kaiin na.",0,5,31,Reply,Neutral
UgzU0FjCmtlGIrrs79x4AaABAg.AWradDyCFisAWvPISYqCd1, @beehard44 yes I do know my Father was in the Navy stationed at Subic Bay from 1970-73. Loved it there.,@terryquinn7765,0,2 bulan lalu,True,@beehard44 yes I do know my Father was in the Navy stationed at Subic Bay from 1970-73. Loved it there.,0,20,103,Reply,Positive
UgwfFpO9W1U2eNIc1pp4AaABAg.AWra0YcOlwkAWzRMFjY4KD,"I don't think it's affecting you just yet.that would just be a coincidence. Have to wait,later in the year and 2027",@harveyharber9406,0,2 bulan lalu,True,"I don't think it's affecting you just yet.that would just be a coincidence. Have to wait,later in the year and 2027",0,21,115,Reply,Neutral
UgwfFpO9W1U2eNIc1pp4AaABAg.AWra0YcOlwkAX0QyVVhU91,"This ain't hot yet. 😅 

2years ago it was hotter than current temps. I am expecting it to be hotter summer next year(May-June,).",@arttheseven,0,2 bulan lalu,True,"This ain't hot yet. 😅 2years ago it was hotter than current temps. I am expecting it to be hotter summer next year(May-June,).",0,23,126,Reply,Positive
UgwfFpO9W1U2eNIc1pp4AaABAg.AWra0YcOlwkAWrbvdjmme4,"Respected Bro,
If evolution is that is all, and if there is no God, then there is no objective good or evil.

So actions like six u ally abou sing Keds, graping, unaliving them, wars for dominance, bribe, lusting, jealousy, murder, pollution, global warming, unalving of keds and gerls in natural disasters etc are all just a matter of preference. Please sit and think about your world view and ripent. 

Kali yugam peaked... time over...
The king of kings Jesus is returning ANYTIME SOON to judge all. He gave his life on he cross as a penalty for your evil deeds so that you may not be condemned but have eternal life with God and also live a relatively peaceful life on earth. 
if there is any other way to forgive our sins/bad actions please tell me.",@Rockmanithan,1,2 bulan lalu,True,"Respected Bro, If evolution is that is all, and if there is no God, then there is no objective good or evil. So actions like six u ally abou sing Keds, graping, unaliving them, wars for dominance, bribe, lusting, jealousy, murder, pollution, global warming, unalving of keds and gerls in natural disasters etc are all just a matter of preference. Please sit and think about your world view and ripent. Kali yugam peaked... time over... The king of kings Jesus is returning ANYTIME SOON to judge all. He gave his life on he cross as a penalty for your evil deeds so that you may not be condemned but have eternal life with God and also live a relatively peaceful life on earth. if there is any other way to forgive our sins/bad actions please tell me.",1,137,750,Reply,Negative
Ugz7SRGZfHfOTg9O5MN4AaABAg.AWrSeIwkUvNAWr_MwrOgek,"Respected Bro,
If evolution is that is all, and if there is no God, then there is no objective good or evil.

So actions like six u ally abou sing Keds, graping, unaliving them, wars for dominance, bribe, lusting, jealousy, murder, pollution, global warming, unalving of keds and gerls in natural disasters etc are all just a matter of preference. Please sit and think about your world view and ripent. 

Kali yugam peaked... time over...
The king of kings Jesus is returning ANYTIME SOON to judge all. He gave his life on he cross as a penalty for your evil deeds so that you may not be condemned but have eternal life with God and also live a relatively peaceful life on earth. 
if there is any other way to forgive our sins/bad actions please tell me.",@Rockmanithan,0,2 bulan lalu,True,"Respected Bro, If evolution is that is all, and if there is no God, then there is no objective good or evil. So actions like six u ally abou sing Keds, graping, unaliving them, wars for dominance, bribe, lusting, jealousy, murder, pollution, global warming, unalving of keds and gerls in natural disasters etc are all just a matter of preference. Please sit and think about your world view and ripent. Kali yugam peaked... time over... The king of kings Jesus is returning ANYTIME SOON to judge all. He gave his life on he cross as a penalty for your evil deeds so that you may not be condemned but have eternal life with God and also live a relatively peaceful life on earth. if there is any other way to forgive our sins/bad actions please tell me.",0,137,750,Reply,Negative
Ugx92zS_8osJdOrQ2jV4AaABAg.AWujw_IRcbHAWxRMKQI1pY,💯👏👍,@DavidSimms-pn5oe,1,2 bulan lalu,True,💯👏👍,1,1,3,Reply,Neutral
Ugx92zS_8osJdOrQ2jV4AaABAg.AWujw_IRcbHAWxerGqmA2R,"People deserve to panic. It’s going to get bad.

Hugboxes are in the back if you can’t handle it",@thadplunger832,1,2 bulan lalu,True,People deserve to panic. It’s going to get bad. Hugboxes are in the back if you can’t handle it,1,19,95,Reply,Negative
Ugx92zS_8osJdOrQ2jV4AaABAg.AWujw_IRcbHAX07CB8YU_Y,"If you can't handle reality, you should avoid it. Do the ostrich.",@AlienNihilist,1,2 bulan lalu,True,"If you can't handle reality, you should avoid it. Do the ostrich.",1,12,65,Reply,Neutral
Ugx92zS_8osJdOrQ2jV4AaABAg.AWujw_IRcbHA_49KL_mBXd,Yet. Here we are with wildfires. Oregon. 2 million acres burned as of today. Washington. Spokane in particular but more.,@Mwolf-yw4hb,0,5 hari lalu,True,Yet. Here we are with wildfires. Oregon. 2 million acres burned as of today. Washington. Spokane in particular but more.,0,20,120,Reply,Positive
Ugz9pzqwdQt8RNHgRZF4AaABAg,3:00 Watching from Kenya 🇰🇪 East Africa 🌍,@our10picks18,5,2 bulan lalu,False,3:00 Watching from Kenya 🇰🇪 East Africa 🌍,5,8,41,Top-level,Neutral
UgzLcMx_bTw8tgTwwEp4AaABAg,Mother Earth Judgement to humanity because of violence & injustice.,@Tau_Pat,25,2 bulan lalu,False,Mother Earth Judgement to humanity because of violence & injustice.,25,10,67,Top-level,Neutral
Ugw8ygsX1oXmgdKNZR14AaABAg,As we ( the rich countries) do nothing to prevent global warming the only thing we do is worrying about chocolate prices or empty pools and avoid thinking about the people who will actually starve or get killed in severe weather events.,@Susanne-e1q,103,2 bulan lalu,False,As we ( the rich countries) do nothing to prevent global warming the only thing we do is worrying about chocolate prices or empty pools and avoid thinking about the people who will actually starve or get killed in severe weather events.,103,42,236,Top-level,Neutral
UgxNztM249hrG1RMBeh4AaABAg,I live in Southern California and I can tell you we can feel an uptick in hot humidity very early that's usually August/September,@oceanblueheart1472,0,2 bulan lalu,False,I live in Southern California and I can tell you we can feel an uptick in hot humidity very early that's usually August/September,0,23,129,Top-level,Positive
UgwvHSS-jaLF7SQYUpR4AaABAg,Coming from the uk I’m hoping this means a warmer summer,@Iamppp,0,2 bulan lalu,False,Coming from the uk I’m hoping this means a warmer summer,0,11,56,Top-level,Neutral
UgyBru40amHZDsNXyqN4AaABAg,El Niño has been a part of this region FOREVER.,@BreezyvanNiekerk,4,2 bulan lalu,False,El Niño has been a part of this region FOREVER.,4,10,47,Top-level,Neutral
UgyOTrnNNzYHZjvhGrV4AaABAg,This is shaping up to be an amazing year ❤,@Koekefant,7,2 bulan lalu,False,This is shaping up to be an amazing year ❤,7,10,42,Top-level,Positive
UgwUgAgOICCSPHmikdp4AaABAg,It has been soo hot in India this year ..,@classnclassics7252,19,2 bulan lalu,False,It has been soo hot in India this year ..,19,10,41,Top-level,Positive
UgwyMVdTUYi17kGaU3l4AaABAg,Watching this while sipping coffee with a 42°C heat index forecasted earlier this morning,@skadoooosh66,0,2 bulan lalu,False,Watching this while sipping coffee with a 42°C heat index forecasted earlier this morning,0,14,89,Top-level,Neutral
UgwoiTrbSffxLjyWbYd4AaABAg,Thumbnail looks like the apocalypse,@kelseywillow8110,1,2 bulan lalu,False,Thumbnail looks like the apocalypse,1,5,35,Top-level,Neutral
UgxvJ6DuWoW7Ye5DGkd4AaABAg,Fingers crossed for a year of good weather in the UK 🤞,@esquivel1,18,2 bulan lalu,False,Fingers crossed for a year of good weather in the UK 🤞,18,12,54,Top-level,Positive
Ugx5b8Aj6T6wXzSlXwN4AaABAg,"lol super el niño, sounds like a final boss in dora the explorer 😆",@metallidude2393,92,2 bulan lalu,False,"lol super el niño, sounds like a final boss in dora the explorer 😆",92,14,66,Top-level,Positive
UgybUI2xsHSoP099f_N4AaABAg,Remember “on record”. The record is very short.,@richiedudding7671,19,2 bulan lalu,False,Remember “on record”. The record is very short.,19,8,47,Top-level,Neutral
UgwFZ1qGP8Ch88xlNa54AaABAg,wow ... clever research BBC ... good on you so up to date .... decades late,@leskuzyk2425,0,2 bulan lalu,False,wow ... clever research BBC ... good on you so up to date .... decades late,0,16,75,Top-level,Positive
UgyI0cyJW8pdSS6JA194AaABAg,Not many people talking about this but thank you for talking about it ❤❤,@mobilelegends_shorts-g,0,2 bulan lalu,False,Not many people talking about this but thank you for talking about it ❤❤,0,14,72,Top-level,Negative
UgzNP5N0b41t9N47snx4AaABAg,"My god I am fed up with politicians saying tackling the climate crisis is bad for poor people, it's the total opposite!!! This is probably the only shot we have to make people notice and force governments to take action before catastrophe occurs in the near future.

We NEED to stop this.",@abl892,12,2 bulan lalu,False,"My god I am fed up with politicians saying tackling the climate crisis is bad for poor people, it's the total opposite!!! This is probably the only shot we have to make people notice and force governments to take action before catastrophe occurs in the near future. We NEED to stop this.",12,52,287,Top-level,Negative
UgyQpilsqmBdZoSiNkp4AaABAg,"It’s very hot in New Delhi….
Temperature may cross 50 degree celsius in upcoming months..",@Hero_king_GurU,17,2 bulan lalu,False,It’s very hot in New Delhi…. Temperature may cross 50 degree celsius in upcoming months..,17,15,89,Top-level,Positive
Ugw20bAnuNONsiql4sB4AaABAg,"We are due a legendary winter in the UK. Massive cold and snow hopefully.
Fingers crossed 🤞",@jonatube28,6,2 bulan lalu,False,We are due a legendary winter in the UK. Massive cold and snow hopefully. Fingers crossed 🤞,6,17,91,Top-level,Positive
UgxWIaD5w_HhaGbw2ot4AaABAg,We’re already experiencing El Nino conditions in Uganda. It’s been raining since February,@bjkizito,0,2 bulan lalu,False,We’re already experiencing El Nino conditions in Uganda. It’s been raining since February,0,13,89,Top-level,Neutral
UgxsSjGMYuNa1VCQy_R4AaABAg,"As someone who's living in a country with 20+ Typhoons yearly, with 45°C heat most of the months, i brand this as normal",@Joeddiejoe77,1,2 bulan lalu,False,"As someone who's living in a country with 20+ Typhoons yearly, with 45°C heat most of the months, i brand this as normal",1,23,120,Top-level,Positive
UgzLcMx_bTw8tgTwwEp4AaABAg.AWrN0nJoqNmAX-HAnJe_aX,"Jesus Christ is God and Judge and will judge all who don't repent and trust Him for salvation which He has already provided and God commands all men everywhere to repent. There is eternity after we live our short time here, believe in the truth, listen to the gospel of Jesus Christ believe in Him and be saved",@russhall7168,2,2 bulan lalu,True,"Jesus Christ is God and Judge and will judge all who don't repent and trust Him for salvation which He has already provided and God commands all men everywhere to repent. There is eternity after we live our short time here, believe in the truth, listen to the gospel of Jesus Christ believe in Him and be saved",2,58,310,Reply,Positive
Ugw8ygsX1oXmgdKNZR14AaABAg.AWq4Zx2F76GAWqRyT472eV,Don't worry because when humans are no longer around. The earth will reset and carry on for billions of years more,@Robqwerty1,7,2 bulan lalu,True,Don't worry because when humans are no longer around. The earth will reset and carry on for billions of years more,7,21,114,Reply,Positive
Ugw8ygsX1oXmgdKNZR14AaABAg.AWq4Zx2F76GAWxvmoR00u4, @Robqwerty1  🟠  Not gonna happen. They Destroyed the Ozone Layer. That’s why they’ve got everything ready to Hide in their Underground Bunkers. But they Can’t get out Ever because will be NOTHING left outside. The rest of us …,@mariateixeira6379,1,2 bulan lalu,True,@Robqwerty1 🟠 Not gonna happen. They Destroyed the Ozone Layer. That’s why they’ve got everything ready to Hide in their Underground Bunkers. But they Can’t get out Ever because will be NOTHING left outside. The rest of us …,1,39,224,Reply,Positive
Ugw8ygsX1oXmgdKNZR14AaABAg.AWq4Zx2F76GAWvx-Y50bGF,"um....I live in the US and I couldn't give a rats ass about chocolate, and I have never, will never, own a pool.  I'm worried about rice and beans and water. Not everyone in a rich country is rich. If I have enough rice and beans and water,  I will feel extremely fortunate. Things are already lean for me.",@AlienNihilist,3,2 bulan lalu,True,"um....I live in the US and I couldn't give a rats ass about chocolate, and I have never, will never, own a pool. I'm worried about rice and beans and water. Not everyone in a rich country is rich. If I have enough rice and beans and water, I will feel extremely fortunate. Things are already lean for me.",3,59,304,Reply,Positive
Ugw8ygsX1oXmgdKNZR14AaABAg.AWq4Zx2F76GAWrVpSSu3yH,"We just don't care about them though, simple as that. We never will. You will never convince us otherwise.",@Bwa420,2,2 bulan lalu,True,"We just don't care about them though, simple as that. We never will. You will never convince us otherwise.",2,19,106,Reply,Neutral
Ugw8ygsX1oXmgdKNZR14AaABAg.AWq4Zx2F76GAWy4naz0qPM,It’s got billions of years to recover,@Robqwerty1,0,2 bulan lalu,True,It’s got billions of years to recover,0,7,37,Reply,Neutral
Ugw8ygsX1oXmgdKNZR14AaABAg.AWq4Zx2F76GAWz1kPBPixL,Suppose we got enough cash to stop the climate change happening on every other planet in our solar system?,@crowbear516,0,2 bulan lalu,True,Suppose we got enough cash to stop the climate change happening on every other planet in our solar system?,0,19,106,Reply,Negative
Ugw8ygsX1oXmgdKNZR14AaABAg.AWq4Zx2F76GAWuc_REY-wX,"Rich countries…?  Not the U.K. surely, we’re up to our ears in debt which is growing by the day…..🤔",@lks6248,2,2 bulan lalu,True,"Rich countries…? Not the U.K. surely, we’re up to our ears in debt which is growing by the day…..🤔",2,19,98,Reply,Positive
Ugw8ygsX1oXmgdKNZR14AaABAg.AWq4Zx2F76GAWq5ZVjdq6Y,WTF are you on about? Nobody does more than 'rich' countries...,@LiveWith6Five,9,2 bulan lalu,True,WTF are you on about? Nobody does more than 'rich' countries...,9,11,63,Reply,Positive
Ugw8ygsX1oXmgdKNZR14AaABAg.AWq4Zx2F76GAWtiqTYRGTb,​ @LiveWith6Five lol,@lemonade1007,2,2 bulan lalu,True,​ @LiveWith6Five lol,2,3,20,Reply,Positive
Ugw8ygsX1oXmgdKNZR14AaABAg.AWq4Zx2F76GAWvUH5inyIa,​ @LiveWith6Five 😅,@igodohealth9884,1,2 bulan lalu,True,​ @LiveWith6Five 😅,1,3,18,Reply,Neutral
UgyBru40amHZDsNXyqN4AaABAg.AWwNzlw0odDAX5Zjt8Y-TX,Yes and climate change will make it more extreme.,@bone4k,1,2 bulan lalu,True,Yes and climate change will make it more extreme.,1,9,49,Reply,Positive
UgwUgAgOICCSPHmikdp4AaABAg.AWto2RPm1ZDAWxCemORrFR,Same here in Canada i live in Vancouver but ive hear Toronto is getting up to 30+ and it was 27 here one day😥🤒,@AsherTheTherian737,1,2 bulan lalu,True,Same here in Canada i live in Vancouver but ive hear Toronto is getting up to 30+ and it was 27 here one day😥🤒,1,24,110,Reply,Positive
UgwUgAgOICCSPHmikdp4AaABAg.AWto2RPm1ZDAWxMWcxILGe,​ @AsherTheTherian737 it's 42 degree celcius here in my city. I am from india,@nikshakya7389,0,2 bulan lalu,True,​ @AsherTheTherian737 it's 42 degree celcius here in my city. I am from india,0,14,77,Reply,Neutral
UgwUgAgOICCSPHmikdp4AaABAg.AWto2RPm1ZDAWxlGk8kAxx,​ @AsherTheTherian737 you know you're cooked if you get humid subtropical ass weather in a place  norther than minnesota which is cold,@This_handle_was_taken,0,2 bulan lalu,True,​ @AsherTheTherian737 you know you're cooked if you get humid subtropical ass weather in a place norther than minnesota which is cold,0,22,133,Reply,Negative
UgwUgAgOICCSPHmikdp4AaABAg.AWto2RPm1ZDAWxqU8orOJS,True,@Hail2GOD,0,2 bulan lalu,True,True,0,1,4,Reply,Positive
UgxvJ6DuWoW7Ye5DGkd4AaABAg.AWucq24QHWeAX0_owk_PAE,"Peak ragebait, you got these idiots frothing at the mouth lmao",@Junglist42000,0,2 bulan lalu,True,"Peak ragebait, you got these idiots frothing at the mouth lmao",0,11,62,Reply,Negative
UgxvJ6DuWoW7Ye5DGkd4AaABAg.AWucq24QHWeAX1J7KptBIm,This was the most stupid comment thread I’ve ever read,@LifeIsTough0101,0,2 bulan lalu,True,This was the most stupid comment thread I’ve ever read,0,10,54,Reply,Negative
UgxvJ6DuWoW7Ye5DGkd4AaABAg.AWucq24QHWeAWxeFEUJnr8,You people are so short sighted. “Durr hope for good hot weather 😊”,@thadplunger832,2,2 bulan lalu,True,You people are so short sighted. “Durr hope for good hot weather 😊”,2,13,67,Reply,Positive
UgxvJ6DuWoW7Ye5DGkd4AaABAg.AWucq24QHWeAWyE2czGJC6, @thadplunger832  What else should I hope for? I don't think the weather can get any worse.,@esquivel1,1,2 bulan lalu,True,@thadplunger832 What else should I hope for? I don't think the weather can get any worse.,1,16,89,Reply,Negative
UgxvJ6DuWoW7Ye5DGkd4AaABAg.AWucq24QHWeAWyG3XPFtdy," @esquivel1 the weather can and will get worse, so to answer your question directly, you can hope that people start taking climate change seriously instead of doing what you’re doing right now (deny, downplay, gaslight, etc.)

Any other questions bud?",@thadplunger832,2,2 bulan lalu,True,"@esquivel1 the weather can and will get worse, so to answer your question directly, you can hope that people start taking climate change seriously instead of doing what you’re doing right now (deny, downplay, gaslight, etc.) Any other questions bud?",2,40,249,Reply,Negative
UgxvJ6DuWoW7Ye5DGkd4AaABAg.AWucq24QHWeAWyJk6C00e3," @thadplunger832  I don't understand why you got so riled with my comment. I recycle religiously, do not own a car, and work in an ethical place with sustainability as a pillar of its mission statement. I mostly buy used clothes from Oxfam, even my laptop is refurbished. In my holidays I mostly free camp and make a point to clean other people's trash. I am against corporations and boycott horrible places like MCdonalds. Are you denying that the weather in the UK is total trash, and that we could do with some more sunshine? Do you understand very basic humour? Chill out a minute, bud.",@esquivel1,2,2 bulan lalu,True,"@thadplunger832 I don't understand why you got so riled with my comment. I recycle religiously, do not own a car, and work in an ethical place with sustainability as a pillar of its mission statement. I mostly buy used clothes from Oxfam, even my laptop is refurbished. In my holidays I mostly free camp and make a point to clean other people's trash. I am against corporations and boycott horrible places like MCdonalds. Are you denying that the weather in the UK is total trash, and that we could do with some more sunshine? Do you understand very basic humour? Chill out a minute, bud.",2,105,588,Reply,Positive
UgxvJ6DuWoW7Ye5DGkd4AaABAg.AWucq24QHWeAWyvikFzyUG," @esquivel1  It’s too hot already, why in the hell do you want it to get even worse, people like you are the problem",@Horus_LupercaI,1,2 bulan lalu,True,"@esquivel1 It’s too hot already, why in the hell do you want it to get even worse, people like you are the problem",1,23,114,Reply,Negative
UgxvJ6DuWoW7Ye5DGkd4AaABAg.AWucq24QHWeAWzH3N-nx_E," @Horus_LupercaI  Read my comment above. I made a very simple light- harted joke that you are too angry to process. I live in the north of England, and it is constantly freezing here. I understand climate change and live a frugal life to do my bit which is definitely more than attacking strangers on youtube. I come from a very warm country, and have experienced the devastating effects of climate change, imposed to us by foreign capitalism and crooked local governments. What do you want me to do, mourn and be sour all day?",@esquivel1,1,2 bulan lalu,True,"@Horus_LupercaI Read my comment above. I made a very simple light- harted joke that you are too angry to process. I live in the north of England, and it is constantly freezing here. I understand climate change and live a frugal life to do my bit which is definitely more than attacking strangers on youtube. I come from a very warm country, and have experienced the devastating effects of climate change, imposed to us by foreign capitalism and crooked local governments. What do you want me to do, mourn and be sour all day?",1,94,525,Reply,Positive
UgxvJ6DuWoW7Ye5DGkd4AaABAg.AWucq24QHWeAX-gCsMwrrB, @esquivel1 my bad,@thadplunger832,0,2 bulan lalu,True,@esquivel1 my bad,0,3,17,Reply,Negative
Ugx5b8Aj6T6wXzSlXwN4AaABAg.AWuR7ZiivM8AXBnVIO8fYp,"El Nino, Champion Of Seasons",@UwU-For-You,1,2 bulan lalu,True,"El Nino, Champion Of Seasons",1,5,28,Reply,Neutral
Ugx5b8Aj6T6wXzSlXwN4AaABAg.AWuR7ZiivM8AXCpLmt6qV8,Underrated comment 😂😂😂,@ml8452,0,2 bulan lalu,True,Underrated comment 😂😂😂,0,3,22,Reply,Neutral
UgybUI2xsHSoP099f_N4AaABAg.AWtS89Exqy8AWzRJVkEOm3,170 years is not a short time.,@cameronmackenzie5356,0,2 bulan lalu,True,170 years is not a short time.,0,7,30,Reply,Neutral
UgybUI2xsHSoP099f_N4AaABAg.AWtS89Exqy8AWzRxQhfC1I," @cameronmackenzie5356 climate is geological time, which changes landscapes. Your talking about weather and much of that data is corrupted and is only terrestrial data. If you are a scientist then you should understand this, otherwise comments are not relevant.",@richiedudding7671,1,2 bulan lalu,True,"@cameronmackenzie5356 climate is geological time, which changes landscapes. Your talking about weather and much of that data is corrupted and is only terrestrial data. If you are a scientist then you should understand this, otherwise comments are not relevant.",1,39,260,Reply,Neutral
UgybUI2xsHSoP099f_N4AaABAg.AWtS89Exqy8AX0QBGOhx50,​ @richiedudding7671 but we have a lot of information on geological weather going back hundreds of years...,@beatdizzy,0,2 bulan lalu,True,​ @richiedudding7671 but we have a lot of information on geological weather going back hundreds of years...,0,17,107,Reply,Neutral
UgybUI2xsHSoP099f_N4AaABAg.AWtS89Exqy8AX0ZyqtStuL,"@beatdizzyexactly, which tells you a better story of what has happened. You cannot come to any conclusion or extrapolate any data on 170 years of poor data.",@richiedudding7671,0,2 bulan lalu,True,"@beatdizzyexactly, which tells you a better story of what has happened. You cannot come to any conclusion or extrapolate any data on 170 years of poor data.",0,27,156,Reply,Neutral
UgyI0cyJW8pdSS6JA194AaABAg.AWwvySeHOttAWx-ye2qZMO,It's a lie don't be fooled,@Wamsubnz,0,2 bulan lalu,True,It's a lie don't be fooled,0,6,26,Reply,Neutral
UgzNP5N0b41t9N47snx4AaABAg.AWvQYWe8UluAXYWm2YdNy7,"I have a dart board at home with a picture of Richard Tice on it. I'm told this kind of tomfoolery won't help make things any better and they're probably right, but it's a great outlet for me.",@tableface77,1,2 bulan lalu,True,"I have a dart board at home with a picture of Richard Tice on it. I'm told this kind of tomfoolery won't help make things any better and they're probably right, but it's a great outlet for me.",1,38,192,Reply,Positive
UgzNP5N0b41t9N47snx4AaABAg.AWvQYWe8UluAXYZsXL32H_,​@tableface77  Hahahahaaaaa that's so cool. Respect to you!,@abl892,1,2 bulan lalu,True,​@tableface77 Hahahahaaaaa that's so cool. Respect to you!,1,8,58,Reply,Positive
UgyQpilsqmBdZoSiNkp4AaABAg.AWrkOp-lR_HAWskgA8mD9o,"I visited a long time ago, it was 41. The air pollution was horrendous.",@CH-et4go,2,2 bulan lalu,True,"I visited a long time ago, it was 41. The air pollution was horrendous.",2,14,71,Reply,Neutral
UgyQpilsqmBdZoSiNkp4AaABAg.AWrkOp-lR_HAWuiUIRs3fW, @CH-et4go   sorry about that. government is incpmpetent,@LibBaiter45,2,2 bulan lalu,True,@CH-et4go sorry about that. government is incpmpetent,2,7,53,Reply,Negative
UgyQpilsqmBdZoSiNkp4AaABAg.AWrkOp-lR_HAWs-9UvW_ib,Oh yes,@CH-et4go,0,2 bulan lalu,True,Oh yes,0,2,6,Reply,Neutral
UgyQpilsqmBdZoSiNkp4AaABAg.AWrkOp-lR_HAWs7k2AloJ5,Usual,@Kingloveandlighttv,0,2 bulan lalu,True,Usual,0,1,5,Reply,Negative
UgyQpilsqmBdZoSiNkp4AaABAg.AWrkOp-lR_HAWsgKS4fBZv,​@Kingloveandlighttvwhat you mean by usual,@Hacker-mo5en,0,2 bulan lalu,True,​@Kingloveandlighttvwhat you mean by usual,0,5,42,Reply,Negative
UgyQpilsqmBdZoSiNkp4AaABAg.AWrkOp-lR_HAX07NYkJJbx,Maybe people shouldn't live there.,@AlienNihilist,0,2 bulan lalu,True,Maybe people shouldn't live there.,0,5,34,Reply,Positive
UgyQpilsqmBdZoSiNkp4AaABAg.AWrkOp-lR_HAX07triKRu2,"I already left my home place to a place with a better chance of being decent for awhile. And no, I don't have money. I just took what I could and hitched a ride. Nothing stops me from going when its time to go. My feet still work, and I'm not afraid to use them.",@AlienNihilist,0,2 bulan lalu,True,"I already left my home place to a place with a better chance of being decent for awhile. And no, I don't have money. I just took what I could and hitched a ride. Nothing stops me from going when its time to go. My feet still work, and I'm not afraid to use them.",0,55,262,Reply,Positive
Ugw20bAnuNONsiql4sB4AaABAg.AWuRrJ2fhkFAWvrP7hpO1O,"Like a hole in the head, unless energy prices are somehow also suppressed.",@Arthuriusto,1,2 bulan lalu,True,"Like a hole in the head, unless energy prices are somehow also suppressed.",1,13,74,Reply,Neutral
UgxsSjGMYuNa1VCQy_R4AaABAg.AWwGN46aLllAWx7MIVeF0s,😢,@LucyS-b8m,0,2 bulan lalu,True,😢,0,1,1,Reply,Neutral
UgzktGL8R2mffNr1Gid4AaABAg,Been living here in Philippines 5 years now. I’m from Louisiana in America I haven’t had a problem with the heat in the Philippines till this year. It has been so brutally hot everyday we haven’t seen rain here in Negros in 2 months now you stay soaked with sweat now day and night actually no relief comes at night still very hot I think it’s already here.,@PhilippinesVanlifeAdventures,12,2 bulan lalu,False,Been living here in Philippines 5 years now. I’m from Louisiana in America I haven’t had a problem with the heat in the Philippines till this year. It has been so brutally hot everyday we haven’t seen rain here in Negros in 2 months now you stay soaked with sweat now day and night actually no relief comes at night still very hot I think it’s already here.,12,68,357,Top-level,Positive
Ugz6d-hE-SHB2yVxtkJ4AaABAg,Here in the philippines we are experiencing it now. Its already scorching,@MadDeerPacker,2,2 bulan lalu,False,Here in the philippines we are experiencing it now. Its already scorching,2,12,73,Top-level,Neutral
UgwQxAfr5TpAF0cAK4J4AaABAg,Soooo we might get a decent summer in England then 🧐,@floydwetherton3710,17,2 bulan lalu,False,Soooo we might get a decent summer in England then 🧐,17,11,52,Top-level,Positive
UgyUJdch5ajOdry1TWt4AaABAg,The El Nino in 1982 was very strong: that was the year that Lake Mead in Nevada filled up so much they had to divert water past Hoover Dam through the spillways. There was flooding all over California that spring also.,@fractalmaui,0,2 bulan lalu,False,The El Nino in 1982 was very strong: that was the year that Lake Mead in Nevada filled up so much they had to divert water past Hoover Dam through the spillways. There was flooding all over California that spring also.,0,41,218,Top-level,Positive
UgyTUyBfFyoWAqVdBZ14AaABAg,No rainfall for 3 weeks here in ChCh  NZ. And it's Winter? Yep definitely noticing it.,@HopelessRomantic1968,0,2 bulan lalu,False,No rainfall for 3 weeks here in ChCh NZ. And it's Winter? Yep definitely noticing it.,0,16,85,Top-level,Neutral
UgyDhAOFA0kePVGXNCF4AaABAg,Super Duper El Niño,@StewsReady,10,2 bulan lalu (diedit),False,Super Duper El Niño,10,4,19,Top-level,Positive
UgxW9wOQgT7AaYc6gbR4AaABAg,Hi BBC your forecasting can't predict the weather two days in advance best regards,@rodrogers3756,26,2 bulan lalu,False,Hi BBC your forecasting can't predict the weather two days in advance best regards,26,14,82,Top-level,Positive
UgzGhGQrt0CoyjPen5N4AaABAg,Some war in Iran will exacerbate the food issues later on.,@Nazmisktg,21,2 bulan lalu,False,Some war in Iran will exacerbate the food issues later on.,21,11,58,Top-level,Neutral
UgyCmtgTjZ30sFq62eJ4AaABAg,Its Nature we sometimes can't control that kind of stuff,@AnjiGodfrey,1,2 bulan lalu,False,Its Nature we sometimes can't control that kind of stuff,1,10,56,Top-level,Positive
Ugwaw5UJD6_paqqKo8x4AaABAg,"A couple of years ago, another El Nino created a derecho in Iowa. That was rough, so if this will be a super El Nino, most likely the extremes will take place within hours or days.",@olga_cio,0,2 bulan lalu (diedit),False,"A couple of years ago, another El Nino created a derecho in Iowa. That was rough, so if this will be a super El Nino, most likely the extremes will take place within hours or days.",0,36,180,Top-level,Positive
UgzeCJajTGPfUfU3Vdp4AaABAg,I hope it really nails southern Florida.,@dukeon,7,2 bulan lalu,False,I hope it really nails southern Florida.,7,7,40,Top-level,Positive
UgyWLIyUI9XvYDJK_Xt4AaABAg,"I love how global warming is either ignored or openly mocked in the media, but they're more than happy to cover the impending catastrophe of a ""super El Niño"" that may go off the charts (NOAA literally had to add a half a degree C to the chart they were using to project the peak). If there's spectacle to be had, awesome, but don't cover the documented connections to climate change. But hey, you'll have plenty of disasters and human misery to exploit this summer and fall.",@voltrevolt8731,76,2 bulan lalu,False,"I love how global warming is either ignored or openly mocked in the media, but they're more than happy to cover the impending catastrophe of a ""super El Niño"" that may go off the charts (NOAA literally had to add a half a degree C to the chart they were using to project the peak). If there's spectacle to be had, awesome, but don't cover the documented connections to climate change. But hey, you'll have plenty of disasters and human misery to exploit this summer and fall.",76,87,475,Top-level,Positive
UgyWJ-WtfIquDk6gd5p4AaABAg,Chocolate is probably not the biggest concern... lol,@pompeymonkey3271,11,2 bulan lalu,False,Chocolate is probably not the biggest concern... lol,11,8,52,Top-level,Positive
Ugwni-i1p-Teiv0DXmp4AaABAg,"Cool, just right when data center is everywhere",@diary_dunia_bujang,0,2 bulan lalu,False,"Cool, just right when data center is everywhere",0,8,47,Top-level,Positive
UgyoqfjY6uMRy_J1d-p4AaABAg,I know about this stuff cause I’m from Houston. I’ve been noticing this season change into spring has been extremely bizarre in many ways. Not to mention the love bug swarms we had. Fingers crossed we stay safe. Mother Earth is changing.,@zmazzyhtx,0,2 bulan lalu,False,I know about this stuff cause I’m from Houston. I’ve been noticing this season change into spring has been extremely bizarre in many ways. Not to mention the love bug swarms we had. Fingers crossed we stay safe. Mother Earth is changing.,0,42,237,Top-level,Positive
UgzEVl_4bqhSWVtG-Kl4AaABAg,Its getting colder every year. Still in jumpers its May.,@sukie-m3b,9,2 bulan lalu,False,Its getting colder every year. Still in jumpers its May.,9,10,56,Top-level,Neutral
Ugx-RVtihrL3xmPYB9d4AaABAg,I’m pretty sure the media have said this for over 25 years.  I remember when I was a kid they said there would be a super Nino,@Red-Devil-Zed,7,2 bulan lalu,False,I’m pretty sure the media have said this for over 25 years. I remember when I was a kid they said there would be a super Nino,7,27,125,Top-level,Positive
Ugyw15lpayAKA86h7_14AaABAg,"Most people don't know and have never heard about ""The Great El Nino"" of 1789 - 1793. They should look it up. 😊",@BantuNation77,6,2 bulan lalu (diedit),False,"Most people don't know and have never heard about ""The Great El Nino"" of 1789 - 1793. They should look it up. 😊",6,23,111,Top-level,Positive
UgwHK3-4egzHW-zE71J4AaABAg,Thanku so much for sharing 🩷⭐️,@bernadetteglancy4439,0,2 bulan lalu,False,Thanku so much for sharing 🩷⭐️,0,6,30,Top-level,Positive
UgxacSqYOk8vuaBzNtZ4AaABAg,"Good luck everyone, summer in UK is going to be in the 40s",@GhostSeesAll-m2h,0,2 bulan lalu,False,"Good luck everyone, summer in UK is going to be in the 40s",0,13,58,Top-level,Positive
UgzktGL8R2mffNr1Gid4AaABAg.AWxSoQmIQo3AXJuThiM9kG,We will starve and dehydrated just to see Ai generates a banana eating a banana,@PoollShietz,0,2 bulan lalu,True,We will starve and dehydrated just to see Ai generates a banana eating a banana,0,15,79,Reply,Neutral
UgzktGL8R2mffNr1Gid4AaABAg.AWxSoQmIQo3AY9gG5BF7cQ,​ @PoollShietz  I am  stocking up on dry nonperishable goods.,@obbiebeal3060,0,1 bulan lalu,True,​ @PoollShietz I am stocking up on dry nonperishable goods.,0,10,59,Reply,Negative
UgzktGL8R2mffNr1Gid4AaABAg.AWxSoQmIQo3AY9g2aljDP4,Thanks for the heads up.,@obbiebeal3060,0,1 bulan lalu,True,Thanks for the heads up.,0,5,24,Reply,Positive
UgwQxAfr5TpAF0cAK4J4AaABAg.AWqK6bbbHgHAWxRA1pe4zu,Whoop!,@DavidSimms-pn5oe,0,2 bulan lalu,True,Whoop!,0,1,6,Reply,Neutral
UgyUJdch5ajOdry1TWt4AaABAg.AWyfkltLSoWAXI3jV9tEv3,in 1982 I watched people using kayaks to navigate the flooded street in front of my home.,@littlehawk8491,0,2 bulan lalu,True,in 1982 I watched people using kayaks to navigate the flooded street in front of my home.,0,17,89,Reply,Neutral
UgxW9wOQgT7AaYc6gbR4AaABAg.AWuQLBW9IftAWxPBfdbEx1,😂💯👏👍,@DavidSimms-pn5oe,2,2 bulan lalu,True,😂💯👏👍,2,1,4,Reply,Neutral
UgxW9wOQgT7AaYc6gbR4AaABAg.AWuQLBW9IftAWzRQej6M71,climate isn't weather.,@cameronmackenzie5356,2,2 bulan lalu,True,climate isn't weather.,2,3,22,Reply,Neutral
UgxW9wOQgT7AaYc6gbR4AaABAg.AWuQLBW9IftAWz_HmpvbJw,​ @cameronmackenzie5356 😂 precisely so they would certainly be able to predict the climate,@rodrogers3756,2,2 bulan lalu,True,​ @cameronmackenzie5356 😂 precisely so they would certainly be able to predict the climate,2,14,90,Reply,Positive
UgxW9wOQgT7AaYc6gbR4AaABAg.AWuQLBW9IftAX08OesjdcU,"Until you know the difference between weather and climate, you should refrain from commenting. You're embarrassing yourself.",@AlienNihilist,1,2 bulan lalu,True,"Until you know the difference between weather and climate, you should refrain from commenting. You're embarrassing yourself.",1,17,124,Reply,Neutral
UgxW9wOQgT7AaYc6gbR4AaABAg.AWuQLBW9IftAWxVScFYsLC,Or two hours,@vanesagvl9095,0,2 bulan lalu,True,Or two hours,0,3,12,Reply,Neutral
UgzGhGQrt0CoyjPen5N4AaABAg.AWqisIJJ6vjAWvMjXtjE5f,trumps War.,@terryquinn7765,1,2 bulan lalu,True,trumps War.,1,2,11,Reply,Neutral
UgzGhGQrt0CoyjPen5N4AaABAg.AWqisIJJ6vjAWxwG5zq-M2, @terryquinn7765 . Not just him. All the Top ones Are in the Game. Depopulation is on the Table !!! Unfortunately …,@mariateixeira6379,1,2 bulan lalu,True,@terryquinn7765 . Not just him. All the Top ones Are in the Game. Depopulation is on the Table !!! Unfortunately …,1,21,114,Reply,Negative
UgzGhGQrt0CoyjPen5N4AaABAg.AWqisIJJ6vjAWxw77kl-0y,For the Entire World 🌍! That’s the Plan for very Long time. Gaza was just the Beginning. Get Ready for the Inevitable because will be No place to Hide.  Sad and Cruel things gonna happen …,@mariateixeira6379,0,2 bulan lalu,True,For the Entire World 🌍! That’s the Plan for very Long time. Gaza was just the Beginning. Get Ready for the Inevitable because will be No place to Hide. Sad and Cruel things gonna happen …,0,36,187,Reply,Negative
UgzeCJajTGPfUfU3Vdp4AaABAg.AWulvnukxotAXMEgZg9xH-,You sound like a fool,@maicataylor2813,0,2 bulan lalu,True,You sound like a fool,0,5,21,Reply,Positive
UgyWLIyUI9XvYDJK_Xt4AaABAg.AWq8Iy-IFe4AWrioACGaeQ,The BBC does not ignore or openly mock global warming.,@simonzonenblick395,4,2 bulan lalu,True,The BBC does not ignore or openly mock global warming.,4,10,54,Reply,Neutral
UgyWLIyUI9XvYDJK_Xt4AaABAg.AWq8Iy-IFe4AWxra2Q2nib,Weather  Manipulation ! Climate change is just one excuse for what they doing up there❕,@mariateixeira6379,1,2 bulan lalu,True,Weather Manipulation ! Climate change is just one excuse for what they doing up there❕,1,15,86,Reply,Neutral
UgyWLIyUI9XvYDJK_Xt4AaABAg.AWq8Iy-IFe4AWrZOcoVsOb,"Respected Sri,
If evolution is that is all, and if there is no God, then there is no objective good or evil.

So actions like six u ally abou sing Keds, graping, unaliving them, wars for dominance, bribe, lusting, jealousy, murder, pollution, global warming, unalving of keds and gerls in natural disasters etc are all just a matter of preference. Please sit and think about your world view and ripent. 

Kali yugam peaked... time over...
The king of kings Jesus is returning ANYTIME SOON to judge all. He gave his life on he cross as a penalty for your evil deeds so that you may not be condemned but have eternal life with God and also live a relatively peaceful life on earth. 
if there is any other way to forgive our sins/bad actions please tell me.",@Rockmanithan,0,2 bulan lalu,True,"Respected Sri, If evolution is that is all, and if there is no God, then there is no objective good or evil. So actions like six u ally abou sing Keds, graping, unaliving them, wars for dominance, bribe, lusting, jealousy, murder, pollution, global warming, unalving of keds and gerls in natural disasters etc are all just a matter of preference. Please sit and think about your world view and ripent. Kali yugam peaked... time over... The king of kings Jesus is returning ANYTIME SOON to judge all. He gave his life on he cross as a penalty for your evil deeds so that you may not be condemned but have eternal life with God and also live a relatively peaceful life on earth. if there is any other way to forgive our sins/bad actions please tell me.",0,137,750,Reply,Negative
UgyWLIyUI9XvYDJK_Xt4AaABAg.AWq8Iy-IFe4AWrzBEHiZgk," @Rockmanithan  Ah, that old ""without god there's no objective good or evil"" bollocks again.  🙄  Utter nonsense.",@bujin1977,4,2 bulan lalu,True,"@Rockmanithan Ah, that old ""without god there's no objective good or evil"" bollocks again. 🙄 Utter nonsense.",4,17,108,Reply,Neutral
UgyWLIyUI9XvYDJK_Xt4AaABAg.AWq8Iy-IFe4AWrj5liAT5i,he literally said the last BIG  el nino was in 1886...what did humans have to do with it then?,@RingoKojack,0,2 bulan lalu,True,he literally said the last BIG el nino was in 1886...what did humans have to do with it then?,0,19,93,Reply,Neutral
UgyWLIyUI9XvYDJK_Xt4AaABAg.AWq8Iy-IFe4AWrtYq5_UYH," @RingoKojack  I don't believe he is saying humans are responsible for El Nino. He says its a naturally occurring event. Human-aggravated climate change is real, but that doesn't mean everything to do with climate change is caused by humans, and no-one is saying that it is. It will probably exacerbate other problems that were caused by human activity, though.",@simonzonenblick395,2,2 bulan lalu,True,"@RingoKojack I don't believe he is saying humans are responsible for El Nino. He says its a naturally occurring event. Human-aggravated climate change is real, but that doesn't mean everything to do with climate change is caused by humans, and no-one is saying that it is. It will probably exacerbate other problems that were caused by human activity, though.",2,59,359,Reply,Neutral
UgyWLIyUI9XvYDJK_Xt4AaABAg.AWq8Iy-IFe4AX0vf23OTPb,Absolutely.,@ChienNoob,0,2 bulan lalu,True,Absolutely.,0,1,11,Reply,Positive
UgyWLIyUI9XvYDJK_Xt4AaABAg.AWq8Iy-IFe4AWqfGTnwcxY,"What media do you watch? Many ignore it (but mention it in passing when talking about big or unusual disasters), but openly mock it, only extreme right-wing ones. I have a playlist titled Climate change. Most of the newest videos are from the media.",@MariaMartinez-researcher,3,2 bulan lalu,True,"What media do you watch? Many ignore it (but mention it in passing when talking about big or unusual disasters), but openly mock it, only extreme right-wing ones. I have a playlist titled Climate change. Most of the newest videos are from the media.",3,44,249,Reply,Positive
UgyWLIyUI9XvYDJK_Xt4AaABAg.AWq8Iy-IFe4AWrKXyGy6YE," @MariaMartinez-researcher  the reports of extreme weather events do not connect them to global warming, even though there are connections. Or they throw it in as an afterthought at the end of the report. And I watch a very broad range of media. I'm commenting on a BBC report and I don't live in England, for example.",@voltrevolt8731,1,2 bulan lalu,True,"@MariaMartinez-researcher the reports of extreme weather events do not connect them to global warming, even though there are connections. Or they throw it in as an afterthought at the end of the report. And I watch a very broad range of media. I'm commenting on a BBC report and I don't live in England, for example.",1,56,316,Reply,Neutral
UgyWJ-WtfIquDk6gd5p4AaABAg.AWqdB1cj2cjAWxR5R6DjCa,💯👏👍🤣,@DavidSimms-pn5oe,1,2 bulan lalu,True,💯👏👍🤣,1,1,4,Reply,Neutral
UgzEVl_4bqhSWVtG-Kl4AaABAg.AWv6YRy10dRAWxY3OUnMfi,Well Susie you do appear to be up a snowy mountain,@KernowZac,2,2 bulan lalu,True,Well Susie you do appear to be up a snowy mountain,2,11,50,Reply,Neutral
UgzEVl_4bqhSWVtG-Kl4AaABAg.AWv6YRy10dRAWxPEFw8Yn5,💯👏👍,@DavidSimms-pn5oe,1,2 bulan lalu,True,💯👏👍,1,1,3,Reply,Neutral
UgzEVl_4bqhSWVtG-Kl4AaABAg.AWv6YRy10dRAWyqa8v_pO2,"The planet's overall temp rises each year, what you babbling about?",@oceandropp,1,2 bulan lalu,True,"The planet's overall temp rises each year, what you babbling about?",1,11,67,Reply,Neutral
UgzEVl_4bqhSWVtG-Kl4AaABAg.AWv6YRy10dRAWxVPSOH007,Exactly. We will be back to the ice age in no time.,@vanesagvl9095,0,2 bulan lalu,True,Exactly. We will be back to the ice age in no time.,0,12,51,Reply,Positive
UgzEVl_4bqhSWVtG-Kl4AaABAg.AWv6YRy10dRAWzRO7prZEW,anecdotal evidence isn't data,@cameronmackenzie5356,0,2 bulan lalu,True,anecdotal evidence isn't data,0,4,29,Reply,Neutral
Ugx-RVtihrL3xmPYB9d4AaABAg.AWvINwMWvd0AWxelCm3B7C,"Correct, and they were correct every time. It’s getting worse",@thadplunger832,13,2 bulan lalu,True,"Correct, and they were correct every time. It’s getting worse",13,10,61,Reply,Negative
Ugx-RVtihrL3xmPYB9d4AaABAg.AWvINwMWvd0AX0PzYU5Muk,"Yes, there were!",@beatdizzy,2,2 bulan lalu,True,"Yes, there were!",2,3,16,Reply,Neutral
Ugyw15lpayAKA86h7_14AaABAg.AWqr0Z4kOZmAY9h87IBSpc,I did .  WOW  !  Prep  Prep  Prep.,@obbiebeal3060,0,1 bulan lalu,True,I did . WOW ! Prep Prep Prep.,0,8,29,Reply,Positive
Ugyw15lpayAKA86h7_14AaABAg.AWqr0Z4kOZmAWsnmutWmlj,"So the sages on here are happy to blame this coming 'super El Nino' on human activity, wonder what they would blame the one of 1789-1793 to? Clearly not human activity.",@granvillestout2681,1,2 bulan lalu,True,"So the sages on here are happy to blame this coming 'super El Nino' on human activity, wonder what they would blame the one of 1789-1793 to? Clearly not human activity.",1,31,168,Reply,Positive
Ugyw15lpayAKA86h7_14AaABAg.AWqr0Z4kOZmAWtYHrezWkB,​ @granvillestout2681  just because humans impact one el niño making it extreme does not mean every extreme el niño requires humans to make it extreme. Logic education please I'm begging you,@monkiesbanana321,3,2 bulan lalu,True,​ @granvillestout2681 just because humans impact one el niño making it extreme does not mean every extreme el niño requires humans to make it extreme. Logic education please I'm begging you,3,31,189,Reply,Negative
Ugyw15lpayAKA86h7_14AaABAg.AWqr0Z4kOZmAWuG6AYsWkW," @monkiesbanana321  There is nothing in this video suggesting that humans have impacted this El Nino. Might I suggest that as there was a stronger El Nino in 1877 (and also  Google, The Great El Nino of 1789-1793 clearly not human activity induced) Whatever the reason for those is also the reason for this. Also as we don't have records going back before that it is more than likely that there were many stronger El Nino event. This is not a recent phenomenon. As the temperature of the planet has fluctuated since its birth. Why do we think evolution and the planet should suddenly stop because we have arrived?",@granvillestout2681,0,2 bulan lalu,True,"@monkiesbanana321 There is nothing in this video suggesting that humans have impacted this El Nino. Might I suggest that as there was a stronger El Nino in 1877 (and also Google, The Great El Nino of 1789-1793 clearly not human activity induced) Whatever the reason for those is also the reason for this. Also as we don't have records going back before that it is more than likely that there were many stronger El Nino event. This is not a recent phenomenon. As the temperature of the planet has fluctuated since its birth. Why do we think evolution and the planet should suddenly stop because we have arrived?",0,108,610,Reply,Positive
UgxWjo1Gwu9SjkyGKPF4AaABAg,Omg look at the colorful charts. Very professional. 😆,@will7its,4,2 bulan lalu,False,Omg look at the colorful charts. Very professional. 😆,4,9,53,Top-level,Positive
UgxEDFI9CGM7d0vEyZ14AaABAg,It wants to hurry up because it cold here in May in UK.,@wontbelongnow1971,9,2 bulan lalu,False,It wants to hurry up because it cold here in May in UK.,9,13,55,Top-level,Negative
UgyFYcXG5acQ54vfL5h4AaABAg,Say goodbye to the last of the coral reefs.,@indeed596,15,2 bulan lalu,False,Say goodbye to the last of the coral reefs.,15,9,43,Top-level,Neutral
Ugyg63amHSgWjr_YZ5t4AaABAg,"Thank you for the update, it was very informative. Everyone get your eco water feeder veggie gardens going now.",@Aangel452,0,2 bulan lalu,False,"Thank you for the update, it was very informative. Everyone get your eco water feeder veggie gardens going now.",0,19,111,Top-level,Positive
UgyP-C_p-5hcApnIpNt4AaABAg,"I live in the North Pacific coast of Costa Rica.  Typically, by this time of year (Late April / Early May), we’ve received a decent amount of rain to end our annual dry season… this year so far its remained extremely dry, with rain very sporadic and light… water is being rationed in the towns, as all of the water tables are too low",@noa-e5s7z,0,2 bulan lalu,False,"I live in the North Pacific coast of Costa Rica. Typically, by this time of year (Late April / Early May), we’ve received a decent amount of rain to end our annual dry season… this year so far its remained extremely dry, with rain very sporadic and light… water is being rationed in the towns, as all of the water tables are too low",0,64,332,Top-level,Neutral
UgyNp_hR31Z8xcF2YnN4AaABAg,"There's that word ""could"" again, you so called journalists would be screwed without that word",@chazza47,7,2 bulan lalu,False,"There's that word ""could"" again, you so called journalists would be screwed without that word",7,15,93,Top-level,Neutral
UgzTQ0hiEv1xipdqMLB4AaABAg,"So, it could affect chocolate prices, but no mention of the impact it will have on wildlife.",@timmasonguitar,10,2 bulan lalu,False,"So, it could affect chocolate prices, but no mention of the impact it will have on wildlife.",10,17,92,Top-level,Neutral
Ugx2n645prfRrNwUqk94AaABAg,Well come El Nino.....❤,@antoniofernandes3551,5,2 bulan lalu,False,Well come El Nino.....❤,5,4,23,Top-level,Neutral
UgwVsKvon0uzwi7fJ6R4AaABAg,Well we’re ready ! Bring it !,@alfordashley794,0,2 bulan lalu,False,Well we’re ready ! Bring it !,0,7,29,Top-level,Positive
UgySuZ2oRZipNMFOKhF4AaABAg,I remember in the Philippines when we had the El Niño in the 90s. Rice fields became water melon plantation because that was the only crop who could survive the prolonged drought.,@Barrymore20472,0,2 bulan lalu,False,I remember in the Philippines when we had the El Niño in the 90s. Rice fields became water melon plantation because that was the only crop who could survive the prolonged drought.,0,32,179,Top-level,Neutral
Ugwe_0ScBUGuwD-rtSZ4AaABAg,This planet will go back to normal without humans.,@Velcion,4,2 bulan lalu,False,This planet will go back to normal without humans.,4,9,50,Top-level,Positive
Ugy90TLf7mVRd26XI914AaABAg,El Niño has been around for many years as you say in your video.  We in Australia are especially aware of it.  Humans adapt.  That’s what we do well.,@maushaus2792,5,2 bulan lalu,False,El Niño has been around for many years as you say in your video. We in Australia are especially aware of it. Humans adapt. That’s what we do well.,5,29,146,Top-level,Positive
Ugz0kMjFy5NsmMscAYF4AaABAg,We got super El Mino before GTA 6,@IsaacCjris,11,2 bulan lalu,False,We got super El Mino before GTA 6,11,8,33,Top-level,Positive
UgwctE1xp_edkV8Of1h4AaABAg,well done humans 👏,@samartz,1,2 bulan lalu,False,well done humans 👏,1,4,18,Top-level,Neutral
UgyF5-rWCo8JV286v0F4AaABAg,i have heard this el/la forcast about 14 times in my life.,@garyb4054,0,2 bulan lalu,False,i have heard this el/la forcast about 14 times in my life.,0,12,58,Top-level,Neutral
Ugyp4Z7h7P6aiLtF26B4AaABAg,"It could, it might, it may 😂",@Celt-c4m,15,2 bulan lalu,False,"It could, it might, it may 😂",15,7,28,Top-level,Neutral
Ugwa55RB1K_DRij4lbt4AaABAg,PLEASE STOP USING AI,@kasarceo,9,2 bulan lalu,False,PLEASE STOP USING AI,9,4,20,Top-level,Neutral
UgxMPzw9C4LxCSxQve14AaABAg,The weather has always changed through the ages and will continue to do so . It's a dynamic system. Get over it .,@mariusmarius4832,4,2 bulan lalu,False,The weather has always changed through the ages and will continue to do so . It's a dynamic system. Get over it .,4,23,113,Top-level,Neutral
Ugx0RmmURYEL3UgvVw54AaABAg,"I remember 2015 was hot af in Europe, gotta say though it was the best summer I had because schools were closed due to the heat. Can't say the same for work though",@fieldersnl,2,2 bulan lalu (diedit),False,"I remember 2015 was hot af in Europe, gotta say though it was the best summer I had because schools were closed due to the heat. Can't say the same for work though",2,33,163,Top-level,Positive
UgxeBOdh9zWoRTL34MV4AaABAg,"Here in Turkey we are going through the most rainy, coolest May on record! ... well don't know about the record but it's certainly cool and rainy all the time, all the way up to June, which is an exceptional phenomenon.",@IWillSayMyPeace,0,2 bulan lalu,False,"Here in Turkey we are going through the most rainy, coolest May on record! ... well don't know about the record but it's certainly cool and rainy all the time, all the way up to June, which is an exceptional phenomenon.",0,41,219,Top-level,Positive
UgxEDFI9CGM7d0vEyZ14AaABAg.AWvGcC02fWxAWxPT0twRdy,😂,@DavidSimms-pn5oe,1,2 bulan lalu,True,😂,1,1,1,Reply,Neutral
UgxEDFI9CGM7d0vEyZ14AaABAg.AWvGcC02fWxAXEUPdIDO_t,Thanks for that it’s hot as balls now. 🙄🖕,@Jonnyturboable,0,2 bulan lalu,True,Thanks for that it’s hot as balls now. 🙄🖕,0,9,41,Reply,Positive
UgxEDFI9CGM7d0vEyZ14AaABAg.AWvGcC02fWxAWxeWmrVF-l,"Just say you don’t care about the future generations.

Because when it gets to 40C in March in the UK in the next 50 years, they’re not going to being posting glib statements about how they love hot weather, they’re going to be starving, and it’s all because of people like you.",@thadplunger832,2,2 bulan lalu,True,"Just say you don’t care about the future generations. Because when it gets to 40C in March in the UK in the next 50 years, they’re not going to being posting glib statements about how they love hot weather, they’re going to be starving, and it’s all because of people like you.",2,52,277,Reply,Positive
UgxEDFI9CGM7d0vEyZ14AaABAg.AWvGcC02fWxAWxtoO5FOYa,​ @thadplunger832  cow farts are the cause,@bigcheds87,0,2 bulan lalu,True,​ @thadplunger832 cow farts are the cause,0,7,41,Reply,Negative
UgxEDFI9CGM7d0vEyZ14AaABAg.AWvGcC02fWxAWxqoiqAzgH," @thadplunger832 put your thrust in God Almighty, it’s his planet",@jimmycarrollgodblesspoland5521,0,2 bulan lalu,True,"@thadplunger832 put your thrust in God Almighty, it’s his planet",0,10,64,Reply,Neutral
UgxEDFI9CGM7d0vEyZ14AaABAg.AWvGcC02fWxAWxuuveFl4p,"@big @bigcheds87  me, let’s have a public debate about it buddy ;) I know you won’t because you’re completely uninformed",@thadplunger832,1,2 bulan lalu,True,"@big @bigcheds87 me, let’s have a public debate about it buddy ;) I know you won’t because you’re completely uninformed",1,20,119,Reply,Positive
UgyFYcXG5acQ54vfL5h4AaABAg.AWqPYE_Eu6DAWrVqxuYGS5,Bye,@Bwa420,1,2 bulan lalu,True,Bye,1,1,3,Reply,Neutral
UgyFYcXG5acQ54vfL5h4AaABAg.AWqPYE_Eu6DAWwc_JktBDU,"The fact that you have to say ""the last of"" is pretty much entirely down to humans damaging them anyway. We don't deserve nice things as a species.",@CPSPR97,1,2 bulan lalu,True,"The fact that you have to say ""the last of"" is pretty much entirely down to humans damaging them anyway. We don't deserve nice things as a species.",1,28,147,Reply,Positive
UgyNp_hR31Z8xcF2YnN4AaABAg.AWuUMtc7ixPAWzRFiSoKK5,so news is only worth reporting on when an event is 100% going to happen? Narrow minded view,@cameronmackenzie5356,3,2 bulan lalu,True,so news is only worth reporting on when an event is 100% going to happen? Narrow minded view,3,18,92,Reply,Neutral
UgzTQ0hiEv1xipdqMLB4AaABAg.AWqGy0xUAfDAWqReExkkiC,It's going to be awful and I am bolstering my mental health in preparation,@oldboots,1,2 bulan lalu,True,It's going to be awful and I am bolstering my mental health in preparation,1,14,74,Reply,Negative
Ugy90TLf7mVRd26XI914AaABAg.AWrdqE8S8FQAWrzxvhCZm0,"Whilst shooting ourselves in the foot ...  Yes, we can adapt to the consequences of our stupidity. Just ... Why do we have to be so dumb?",@CH-et4go,2,2 bulan lalu,True,"Whilst shooting ourselves in the foot ... Yes, we can adapt to the consequences of our stupidity. Just ... Why do we have to be so dumb?",2,27,136,Reply,Negative
Ugy90TLf7mVRd26XI914AaABAg.AWrdqE8S8FQAWsIf1x-adY,​ @CH-et4go  yeah I don't think that guy realises how stupid his comment is.,@upon-fe2720,1,2 bulan lalu,True,​ @CH-et4go yeah I don't think that guy realises how stupid his comment is.,1,14,75,Reply,Negative
Ugy90TLf7mVRd26XI914AaABAg.AWrdqE8S8FQAWwWFpFr-_R,​ @CH-et4go  yea its the next generation that has to adapt to worse consequences so its even worse.,@varunchaitra1215,0,2 bulan lalu,True,​ @CH-et4go yea its the next generation that has to adapt to worse consequences so its even worse.,0,18,98,Reply,Negative
Ugz0kMjFy5NsmMscAYF4AaABAg.AWsua6jt42pAX7L-g7lhtu,"Dude, I think we're LIVING in GTA6",@tormentedart2778,0,2 bulan lalu,True,"Dude, I think we're LIVING in GTA6",0,7,34,Reply,Neutral
Ugz0kMjFy5NsmMscAYF4AaABAg.AWsua6jt42pAXDpjdublk0,GTA what? insignificant,@jollyjokress3852,0,2 bulan lalu,True,GTA what? insignificant,0,3,23,Reply,Neutral
Ugz0kMjFy5NsmMscAYF4AaABAg.AWsua6jt42pAXEPEQB1XMA,​ @jollyjokress3852 hey chillout sweetheart its just a joke 😂,@IsaacCjris,0,2 bulan lalu,True,​ @jollyjokress3852 hey chillout sweetheart its just a joke 😂,0,10,61,Reply,Neutral
UgxMPzw9C4LxCSxQve14AaABAg.AWrS_GkI9EuAWs-cVSGcbc,"Oh dear, where did you park your brains?",@CH-et4go,0,2 bulan lalu,True,"Oh dear, where did you park your brains?",0,8,40,Reply,Neutral
UgxMPzw9C4LxCSxQve14AaABAg.AWrS_GkI9EuAWxParvXSJk,💯👏👍,@DavidSimms-pn5oe,0,2 bulan lalu,True,💯👏👍,0,1,3,Reply,Neutral
UgxMPzw9C4LxCSxQve14AaABAg.AWrS_GkI9EuAWxSlPAsVhO,​ @DavidSimms-pn5oe who are you? The brains trust for climate change deniers? Duh. 😂😂😂,@CH-et4go,0,2 bulan lalu,True,​ @DavidSimms-pn5oe who are you? The brains trust for climate change deniers? Duh. 😂😂😂,0,14,86,Reply,Negative
UgxMPzw9C4LxCSxQve14AaABAg.AWrS_GkI9EuAWxSeNAu0yn,"If the cars brakes don't work because you were too idle to complain to the garage about the fault, would you just say it's a dynamic system, so get over it?  Duh.",@CH-et4go,0,2 bulan lalu,True,"If the cars brakes don't work because you were too idle to complain to the garage about the fault, would you just say it's a dynamic system, so get over it? Duh.",0,32,161,Reply,Negative
Ugx0RmmURYEL3UgvVw54AaABAg.AWuqNqjxKsYAWvb7HT1d-w,"Because we so weak. Schools in hotter countries continue life but in the UK we wimps too hot, close down, too cold close down 🙄",@personalisemygiftuk,0,2 bulan lalu,True,"Because we so weak. Schools in hotter countries continue life but in the UK we wimps too hot, close down, too cold close down 🙄",0,25,127,Reply,Negative
Ugx0RmmURYEL3UgvVw54AaABAg.AWuqNqjxKsYAWveSHiYkZC, @personalisemygiftuk  true,@fieldersnl,1,2 bulan lalu,True,@personalisemygiftuk true,1,2,25,Reply,Positive
Ugx0RmmURYEL3UgvVw54AaABAg.AWuqNqjxKsYAWxJfai_dco,"@fieldersnl not true. Equatorial countries  often have to give workers drugs to get them through the day, Arabian countries frequently have to shut down for days or weeks at a time due to the heat.",@AndrewStephen-d4g,0,2 bulan lalu,True,"@fieldersnl not true. Equatorial countries often have to give workers drugs to get them through the day, Arabian countries frequently have to shut down for days or weeks at a time due to the heat.",0,35,196,Reply,Negative
Ugx0RmmURYEL3UgvVw54AaABAg.AWuqNqjxKsYAWxOGAEkx8A,​ @AndrewStephen-d4g we were wimps still,@fieldersnl,0,2 bulan lalu,True,​ @AndrewStephen-d4g we were wimps still,0,6,40,Reply,Neutral
Ugx0RmmURYEL3UgvVw54AaABAg.AWuqNqjxKsYAWxYUCATd36, @AndrewStephen-d4g  maybe but not the temps we get here in Europe 😁,@personalisemygiftuk,0,2 bulan lalu,True,@AndrewStephen-d4g maybe but not the temps we get here in Europe 😁,0,12,66,Reply,Neutral
UgyFheyZ96Df4mLe8Zt4AaABAg,A nu metal band,@trmp9923,8,2 bulan lalu,False,A nu metal band,8,4,15,Top-level,Neutral
UgxqaVVvDeJN30NjU7J4AaABAg,"When will stupid main world leaders start taking care about global warming not only bombs, wars and showing of who has more weapons while the world will go down the drain. US already in extrem drought, look at Colorado river... Wake up world, we are already too late but still !!!!",@skyworks1621,11,2 bulan lalu,False,"When will stupid main world leaders start taking care about global warming not only bombs, wars and showing of who has more weapons while the world will go down the drain. US already in extrem drought, look at Colorado river... Wake up world, we are already too late but still !!!!",11,51,281,Top-level,Negative
UgwF5B--68b9K0sBPUF4AaABAg,Pump that fear.,@CHTs1990,6,2 bulan lalu,False,Pump that fear.,6,3,15,Top-level,Neutral
UgyiYso-wk3rB5JglpR4AaABAg,Vintage studio vibe,@nomanshaikh6349,0,2 bulan lalu,False,Vintage studio vibe,0,3,19,Top-level,Neutral
UgxKxWDA6F36uWUfVcp4AaABAg,"Whenever Super Heats Up Or Super Cools Down.... There's A Coffee On The Table -""Sincerely Philippines""",@Klossetsmith,0,2 bulan lalu (diedit),False,"Whenever Super Heats Up Or Super Cools Down.... There's A Coffee On The Table -""Sincerely Philippines""",0,16,102,Top-level,Positive
UgzV-ggdf6jWWPNCLiZ4AaABAg,Fear monger much?! You forgot to mention how long it has affected the planet.,@St-e67,5,2 bulan lalu,False,Fear monger much?! You forgot to mention how long it has affected the planet.,5,14,77,Top-level,Positive
UgzHUOqNrqUkVUYRq8B4AaABAg,Has anyone tried burying their heads in the sand yet?,@Agamon,9,2 bulan lalu,False,Has anyone tried burying their heads in the sand yet?,9,10,53,Top-level,Neutral
Ugy9oYvgSqPDAqSyPzh4AaABAg,"More fear mongering, the MSM is full of B.S",@SweetValleyHigh1994,8,2 bulan lalu,False,"More fear mongering, the MSM is full of B.S",8,9,43,Top-level,Positive
UgwFUhyN6PA2Chxuoxd4AaABAg,They should have built a space habitat by now for billions of people to survive the inevitable series of events,@rock_ok,0,2 bulan lalu,False,They should have built a space habitat by now for billions of people to survive the inevitable series of events,0,20,111,Top-level,Neutral
UgzgbTPMaYx6TK1k16x4AaABAg,The world when is my time to be an adult:,@yunzensal5466,1,2 bulan lalu,False,The world when is my time to be an adult:,1,10,41,Top-level,Positive
UgxvR69lexIB2AhsAfh4AaABAg,Go vegan and cycling,@RynaxAlien,5,2 bulan lalu,False,Go vegan and cycling,5,4,20,Top-level,Neutral
Ugx82DqSE7RQ6i0u-6p4AaABAg,More BBC scare mongering.,@danielward1636,6,2 bulan lalu,False,More BBC scare mongering.,6,4,25,Top-level,Positive
UgyAgNh8MQMh4ZT2Cct4AaABAg,Dodo Trump will blame it on Joe Biden.,@Andrewatnanz,3,2 bulan lalu,False,Dodo Trump will blame it on Joe Biden.,3,8,38,Top-level,Neutral
UgwA_B2P6aiySjtW3sl4AaABAg,"Well, I am currently living in Perú where ""el niño"" was discovered... The weather feels very different...Lima is dark a cold during fall and winter...this year so far, it has been very very warm...we are having a long sun which is very unusual. So, we can feel ""el niño"" now...",@viajer2011,0,2 bulan lalu,False,"Well, I am currently living in Perú where ""el niño"" was discovered... The weather feels very different...Lima is dark a cold during fall and winter...this year so far, it has been very very warm...we are having a long sun which is very unusual. So, we can feel ""el niño"" now...",0,50,277,Top-level,Neutral
UgzkzXr-TF0uyrMqlJF4AaABAg,"I’m in the eye of the storm, Piura Peru 😭",@MekNei1344,0,2 bulan lalu,False,"I’m in the eye of the storm, Piura Peru 😭",0,10,41,Top-level,Neutral
UgxrzUEXD9VmYlU4guN4AaABAg,Yo I got to pay attention 👀,@MichaelHarper-n4m9v,1,2 bulan lalu,False,Yo I got to pay attention 👀,1,7,27,Top-level,Neutral
UgxTzFdcyUyBGtelC8N4AaABAg,Aacharya Prashant was warning us since long time,@ishanbhattacharjee83,1,2 bulan lalu,False,Aacharya Prashant was warning us since long time,1,8,48,Top-level,Neutral
Ugz0mJshoyrzZ1nLw3l4AaABAg,Spraying here in Australia Queensland every day blanketing the land containing and rising the temperature throughout winter and creating a greenhouse effect . If you’re cold you put a blanket over your body to contain the heat and warm you up.,@johnhughes7752,0,2 bulan lalu,False,Spraying here in Australia Queensland every day blanketing the land containing and rising the temperature throughout winter and creating a greenhouse effect . If you’re cold you put a blanket over your body to contain the heat and warm you up.,0,41,243,Top-level,Neutral
UgygmijyLaiKyyrvfQN4AaABAg,"Finally Phoenix gets some rain, haven't had an actual monsoon in forever.",@ItWaddlz,0,2 bulan lalu,False,"Finally Phoenix gets some rain, haven't had an actual monsoon in forever.",0,12,73,Top-level,Neutral
Ugz2uezjVmjRbW0tvwh4AaABAg,"Mannnnn I mean at this point I’m like whatever happens, happens.",@T22-q7i,0,2 bulan lalu,False,"Mannnnn I mean at this point I’m like whatever happens, happens.",0,11,64,Top-level,Negative
UgyFheyZ96Df4mLe8Zt4AaABAg.AWq19n4K4fsAWqFynQ3-8g,Everything that is reeeaaalll .. Comes arouuunnd .. Comes arooounnd .. Comes ar-ouund,@jmedz893,0,2 bulan lalu,True,Everything that is reeeaaalll .. Comes arouuunnd .. Comes arooounnd .. Comes ar-ouund,0,13,85,Reply,Neutral
UgxqaVVvDeJN30NjU7J4AaABAg.AWqMdaOILWlAWr5ERYmy0f,"They'll start caring about stuff like global warming when they stop wanting more money and control.
So, never.",@Trevthehedgehog7,0,2 bulan lalu,True,"They'll start caring about stuff like global warming when they stop wanting more money and control. So, never.",0,18,110,Reply,Positive
UgzV-ggdf6jWWPNCLiZ4AaABAg.AWqIvVpQiuhAWwWQeWxbk_,They are clearly talking about the increased intensity. Informing the public should not be considered fear mongering.,@varunchaitra1215,1,2 bulan lalu,True,They are clearly talking about the increased intensity. Informing the public should not be considered fear mongering.,1,17,117,Reply,Neutral
UgzHUOqNrqUkVUYRq8B4AaABAg.AWq--v1LRpzAWqH1ufjhBI,Too hot.,@deepashtray5605,1,2 bulan lalu,True,Too hot.,1,2,8,Reply,Positive
UgzHUOqNrqUkVUYRq8B4AaABAg.AWq--v1LRpzAWqYAd64UXk,"Well, from the comment section, I'd say the majority have buried their heads and are speaking out of their a**.",@r.1599,0,2 bulan lalu,True,"Well, from the comment section, I'd say the majority have buried their heads and are speaking out of their a**.",0,20,111,Reply,Neutral
UgzHUOqNrqUkVUYRq8B4AaABAg.AWq--v1LRpzAWrKjD39s1Z,​ @r.1599  You believe the bbc ? 😂,@AndrewMorris-s7b,0,2 bulan lalu,True,​ @r.1599 You believe the bbc ? 😂,0,8,33,Reply,Neutral
UgzHUOqNrqUkVUYRq8B4AaABAg.AWq--v1LRpzAWxnmhrlXPX," @AndrewMorris-s7b  I believe the science, the multiple weather agencies, the reports, that have been following ocean surface and subsurface temperatures, AMOC and Jet Stream, for decades. They've been predicting the possibility of this for a few months; the media is only just now picking it up.",@r.1599,0,2 bulan lalu,True,"@AndrewMorris-s7b I believe the science, the multiple weather agencies, the reports, that have been following ocean surface and subsurface temperatures, AMOC and Jet Stream, for decades. They've been predicting the possibility of this for a few months; the media is only just now picking it up.",0,46,294,Reply,Neutral
Ugy9oYvgSqPDAqSyPzh4AaABAg.AWqkQ0LCLEOAWxPiL_B39R,💯👏👍,@DavidSimms-pn5oe,1,2 bulan lalu,True,💯👏👍,1,1,3,Reply,Neutral
Ugx8z55JnPmRdZbe_fx4AaABAg,"We’ve had el niño before, just as el niña",@Shhhhhhdonottell,0,2 bulan lalu,False,"We’ve had el niño before, just as el niña",0,9,41,Top-level,Neutral
UgwTyNIcvqAu_XAV24F4AaABAg,“Super El Niño” looks outside just for it to be pissing down,@Haggleberrybu,0,2 bulan lalu,False,“Super El Niño” looks outside just for it to be pissing down,0,12,60,Top-level,Positive
UgxyWyENRMkyD_LLyZ94AaABAg,"In Australia, namely in NSW, farmers have started to reduce herd sizes because of the prospect of El Nino and related drought. So initially there is more meat available, but then there'll be less, and the prices will go up.",@Bareego,0,2 bulan lalu,False,"In Australia, namely in NSW, farmers have started to reduce herd sizes because of the prospect of El Nino and related drought. So initially there is more meat available, but then there'll be less, and the prices will go up.",0,40,223,Top-level,Positive
UgzASGnAL2YekBt1_AJ4AaABAg,"Nooooo. I live in Mexico and after 4 years of dry heavy heat this winter was a gift. We actually got snow a couple days this year. Please come back Niña, do we need to sacrifice something on a pyramid?",@-grey,1,2 bulan lalu,False,"Nooooo. I live in Mexico and after 4 years of dry heavy heat this winter was a gift. We actually got snow a couple days this year. Please come back Niña, do we need to sacrifice something on a pyramid?",1,40,201,Top-level,Neutral
UgzKxeZhTLG5DVSmybR4AaABAg,so we should support our farmers and protect our farm land and water,@lindastevens6861,0,2 bulan lalu,False,so we should support our farmers and protect our farm land and water,0,13,68,Top-level,Neutral
UgySbhjP0qY_j-kblMh4AaABAg,Godzilla El Niño sounds like the next season of Monarch,@B-Moye,0,2 bulan lalu,False,Godzilla El Niño sounds like the next season of Monarch,0,10,55,Top-level,Neutral
UgyWZYuFMoLojqSRmgt4AaABAg,I'll stay connect to have the latest updates,@GodwinPeng,0,1 bulan lalu,False,I'll stay connect to have the latest updates,0,8,44,Top-level,Positive
Ugw75V-4fioEka-LfdV4AaABAg,In the Philippines we have that.,@Peachygamersroblox,0,2 bulan lalu,False,In the Philippines we have that.,0,6,32,Top-level,Neutral
Ugze2MHbDABPOLNnVe94AaABAg,Just to lighten the mood. El Niño was the ultimate model look in ZOOLANDER 2,@Mobster1nc,0,2 bulan lalu,False,Just to lighten the mood. El Niño was the ultimate model look in ZOOLANDER 2,0,15,76,Top-level,Neutral
UgzxRjTVRUuJJz5xe7V4AaABAg,"Southern California usually does not get the major rain impacts until the following winter season, because that is when Pacific storm tracks become active.",@Screen_Rebels,0,2 bulan lalu,False,"Southern California usually does not get the major rain impacts until the following winter season, because that is when Pacific storm tracks become active.",0,24,155,Top-level,Negative
UgySPDNu2wAVbtq8m6h4AaABAg,Nice we could do we some colder winters,@geeksworkshop,0,2 bulan lalu,False,Nice we could do we some colder winters,0,8,39,Top-level,Positive
Ugw4tpZNBn8e3S5rcF94AaABAg,"Well good job, you barely mentioned how it affects the UK and Europe 👏👏",@robbrown2299,0,2 bulan lalu,False,"Well good job, you barely mentioned how it affects the UK and Europe 👏👏",0,14,71,Top-level,Positive
UgxmxyPRirahIqjSTn94AaABAg,Bring it on,@gibbo909,0,2 bulan lalu,False,Bring it on,0,3,11,Top-level,Neutral
UgyvVTANNUbJXExYFM54AaABAg,Only El I want is El taco,@jeffgooners,1,2 bulan lalu,False,Only El I want is El taco,1,7,25,Top-level,Neutral
UgwoDFM_Q0GWhbIogEF4AaABAg,Gotta stock up on the chocolate... Going to the store now!,@apriloneil334,0,2 bulan lalu,False,Gotta stock up on the chocolate... Going to the store now!,0,11,58,Top-level,Neutral
UgzYMnRt_bcYDpbPUMJ4AaABAg,just need to keep a eye on the weather and be prepared for whatever,@juanwilliams3423,0,2 bulan lalu,False,just need to keep a eye on the weather and be prepared for whatever,0,14,67,Top-level,Neutral
Ugw1FOyltnUCQol0Hgh4AaABAg,I’m calling it that my town sees the hottest day ever recorded,@ShouterMicgaven,0,2 bulan lalu,False,I’m calling it that my town sees the hottest day ever recorded,0,12,62,Top-level,Neutral
UgzK8L8S_OLaOnT5vr54AaABAg,"It’s supposed to be a very sunny summer here in Kerala, India, but it’s raining like it’s the rainy season. Something tells me there isn’t going to be much rain in June and July 😢",@emzpatrol,0,2 bulan lalu,False,"It’s supposed to be a very sunny summer here in Kerala, India, but it’s raining like it’s the rainy season. Something tells me there isn’t going to be much rain in June and July 😢",0,35,179,Top-level,Positive
Ugwkae1xUa-OYRhW4IV4AaABAg,“ it’s not just about chocolate prices” was the phrase surplus to requirements,@MsCoppery,0,2 bulan lalu,False,“ it’s not just about chocolate prices” was the phrase surplus to requirements,0,13,78,Top-level,Neutral
UgyTIRZ85rzS-xwEvyd4AaABAg,Yes,@Pc3105-g1m,0,1 bulan lalu,False,Yes,0,1,3,Top-level,Neutral
UgzxRjTVRUuJJz5xe7V4AaABAg.AWyvIsdhi8iAY9hOTlhr9B,Consider life bring about  changes . Prep  Prep  Prep,@obbiebeal3060,0,1 bulan lalu,True,Consider life bring about changes . Prep Prep Prep,0,9,50,Reply,Neutral
Ugz2kQz9jLsfE9udcDR4AaABAg,Wow that's so interesting and scary! 😮😅,@EarthInAMinuteOfficial,0,2 bulan lalu,False,Wow that's so interesting and scary! 😮😅,0,7,39,Top-level,Neutral
UgybVEk3VyGBL9YQmmR4AaABAg,good to know sort of. Now could you please get the weather forecast correct for next week. It never is.,@johnsebar7807,1,2 bulan lalu,False,good to know sort of. Now could you please get the weather forecast correct for next week. It never is.,1,20,103,Top-level,Positive
UgwTExM0YKNvPUJW3op4AaABAg,Try lookong into hydrothermal vents in that area.,@anonysmith82,0,2 bulan lalu,False,Try lookong into hydrothermal vents in that area.,0,8,49,Top-level,Neutral
UgzrrQibi6oinS28KOZ4AaABAg,Great news.,@Echo4Earth,0,2 bulan lalu,False,Great news.,0,2,11,Top-level,Positive
Ugyw7-SEJROV7VqavyR4AaABAg,it hasn't rained for the whole month of April here in Manila,@tetshua_2127,0,2 bulan lalu,False,it hasn't rained for the whole month of April here in Manila,0,12,60,Top-level,Positive
UgzBmKuyecY7StWrU6N4AaABAg,"Remember it also bring positive results as well to other areas but nobody talks about that, i wonder why.",@RobinCoultad-tp3uk,0,2 bulan lalu,False,"Remember it also bring positive results as well to other areas but nobody talks about that, i wonder why.",0,19,105,Top-level,Positive
Ugw6ow-jOtptcLNYTRJ4AaABAg,What about the Philippines 🌋 🤔,@My_DNA_told_me_to_do,1,2 bulan lalu,False,What about the Philippines 🌋 🤔,1,6,30,Top-level,Neutral
Ugy-EZKBPsXit0Jkjjx4AaABAg,Idaho already had a dry winter…. We need the rain and snow.,@FarmhouseHarvest,0,2 bulan lalu,False,Idaho already had a dry winter…. We need the rain and snow.,0,12,59,Top-level,Negative
Ugxu_RcYYuKqsH6fndt4AaABAg,El Niño again! It's 24 centigrades in Lima. It's so hot!,@LucyS-b8m,0,2 bulan lalu,False,El Niño again! It's 24 centigrades in Lima. It's so hot!,0,11,56,Top-level,Positive
Ugx7eM2oV7iEoJD3xwF4AaABAg,The child has grown up!,@Ostipherous,0,2 bulan lalu,False,The child has grown up!,0,5,23,Top-level,Neutral
Ugxgf669ytGC6IgnOxV4AaABAg,The world has constantly changed over millions of years,@laverdajota8089,0,2 bulan lalu,False,The world has constantly changed over millions of years,0,9,55,Top-level,Neutral
Ugz7JQo59CoOII4EfdJ4AaABAg,"We have been in extreme drought here in Arizona for years, nothing new. We don’t get monsoons anymore and barely ever any rain.",@sunmoon-q3r,0,2 bulan lalu,False,"We have been in extreme drought here in Arizona for years, nothing new. We don’t get monsoons anymore and barely ever any rain.",0,23,127,Top-level,Neutral
UgxKJzHh-SzlitPg_kd4AaABAg,didn’t expect Fernando Torres to make his comeback like this,@Yenoomベン,0,2 bulan lalu,False,didn’t expect Fernando Torres to make his comeback like this,0,10,60,Top-level,Neutral
UgwuoegYu9d0WW1Gial4AaABAg,Great,@kurtadamlar,0,2 bulan lalu,False,Great,0,1,5,Top-level,Positive
UgxW8n-4QPRInSvfJ3F4AaABAg,all these wars happening no doubt el nino is gonna hit us hard,@lovefromamritsar6265,0,2 bulan lalu,False,all these wars happening no doubt el nino is gonna hit us hard,0,13,62,Top-level,Negative
Ugw_7jNjwigs6cbwweV4AaABAg,Me watching from the Caribbean 😢,@nece35,0,2 bulan lalu,False,Me watching from the Caribbean 😢,0,6,32,Top-level,Neutral
Ugz-0GDQ6qiPnD-l5Nx4AaABAg,It’s been cold mostly in the IK so far. We’ve had hot days don’t get me wrong but it’s been colder than normal,@lddlmurphy,0,1 bulan lalu,False,It’s been cold mostly in the IK so far. We’ve had hot days don’t get me wrong but it’s been colder than normal,0,23,110,Top-level,Neutral
Ugy4z1eXoJTfUWRMcLZ4AaABAg,Literally heard its going to be an el nino year every year for the last five years,@Gltoui,0,2 bulan lalu,False,Literally heard its going to be an el nino year every year for the last five years,0,17,82,Top-level,Neutral
Ugxabs7PsRzfry4w-Ux4AaABAg,"Not again, NOT AGAIN... I still have nightmares about 2023, here in Brazil businesses had to close for a week because it was impossible to work with that weather.",@chozogoat,0,2 bulan lalu,False,"Not again, NOT AGAIN... I still have nightmares about 2023, here in Brazil businesses had to close for a week because it was impossible to work with that weather.",0,29,162,Top-level,Negative
Ugx83Y1OPeTE9vpM57l4AaABAg,finally someone explained the rising price of a freddo,@scottympeace,0,2 bulan lalu,False,finally someone explained the rising price of a freddo,0,9,54,Top-level,Neutral
UgzQ8lNPBgqvBCJ6RgV4AaABAg,Super El Niño entered India in late 2025. It affects all our seasons and I’m told it will for 2-3 years. Last super elnino we had was 150 years ago and over 13 million people died due to its effects.,@LivingInKerala,0,2 bulan lalu,False,Super El Niño entered India in late 2025. It affects all our seasons and I’m told it will for 2-3 years. Last super elnino we had was 150 years ago and over 13 million people died due to its effects.,0,40,199,Top-level,Neutral
UgyLHS9cPNDV9lJya5t4AaABAg,Finally my prayers answered,@Insurance-big,0,2 bulan lalu,False,Finally my prayers answered,0,4,27,Top-level,Neutral
Ugzma_J7UlcGzKJmJ7R4AaABAg,"What about forecasters from Africa, South America and Asia?",@Cherryontop10,0,2 bulan lalu,False,"What about forecasters from Africa, South America and Asia?",0,9,59,Top-level,Neutral
Ugwd0SHKs_LwDR2j0rl4AaABAg,Yay. We're going to get a summer at last.,@jimgibbins6161,0,2 bulan lalu,False,Yay. We're going to get a summer at last.,0,9,41,Top-level,Neutral
UgxWwynP8LrYdLPzEKR4AaABAg,just a normal day of El Niño.... sips coffee,@chupol5659,0,2 bulan lalu,False,just a normal day of El Niño.... sips coffee,0,9,44,Top-level,Positive
UgySdarkFvuDTXpBUn14AaABAg,I remember El Nino causing chaos in the Premier League back when he was at Liverpool,@Yayson542,0,2 bulan lalu,False,I remember El Nino causing chaos in the Premier League back when he was at Liverpool,0,16,84,Top-level,Neutral
UgzPaBBicil1Rs7dPrF4AaABAg,"Well...with the exception of last year, the last few springs and summers have been crappy here in Belgium. Rainy, grey and cold. Still - we are being told that temperatures are rising 🤔. Well, not here, that's for sure! Last week has been cold, as in wearing the winter jackets cold! It's funny how they can barely forecast how the weather will be in two days but they are predicting how it will be in 2027. Unless they already KNOW how it will be.",@vanesagvl9095,1,2 bulan lalu (diedit),False,"Well...with the exception of last year, the last few springs and summers have been crappy here in Belgium. Rainy, grey and cold. Still - we are being told that temperatures are rising 🤔. Well, not here, that's for sure! Last week has been cold, as in wearing the winter jackets cold! It's funny how they can barely forecast how the weather will be in two days but they are predicting how it will be in 2027. Unless they already KNOW how it will be.",1,84,448,Top-level,Negative
Ugxxjc-dS1KZqsbs_4d4AaABAg,In panama the day is super hot,@J2E2W2,0,2 bulan lalu,False,In panama the day is super hot,0,7,30,Top-level,Positive
UgxoDZY78zDykWbeYqh4AaABAg,"Why I find both ""Super El-Nino"" phrase and that thumbnail funny.....",@philippinebigboar625,0,2 bulan lalu,False,"Why I find both ""Super El-Nino"" phrase and that thumbnail funny.....",0,11,68,Top-level,Positive
UgwSz6Ra7RJ-2floYTx4AaABAg,Bro...are we getting a good UK summer or not!?,@simonc513,0,2 bulan lalu,False,Bro...are we getting a good UK summer or not!?,0,9,46,Top-level,Positive
Ugz21wVh33zLkIlEXep4AaABAg,"Bruh, the specific ocean gotta chill out 😭🥀",@j0hnz046,0,2 bulan lalu,False,"Bruh, the specific ocean gotta chill out 😭🥀",0,8,43,Top-level,Neutral
Ugyrv0nkF2WYyCL5UCd4AaABAg,I just want to know if I can go out on my bike,@jamesfelix1126,0,2 bulan lalu,False,I just want to know if I can go out on my bike,0,13,46,Top-level,Neutral
UgxM8FJ3-CAROmBRssJ4AaABAg,We all should take responsibility for ourselves and help those who need it. And do whatever we can to not be wasteful and be conscientious with all that we do. And we might want to consider praying for protection from the storms of life that we all have at some point or another. 😊,@CharleenWilkes,0,2 bulan lalu,False,We all should take responsibility for ourselves and help those who need it. And do whatever we can to not be wasteful and be conscientious with all that we do. And we might want to consider praying for protection from the storms of life that we all have at some point or another. 😊,0,54,281,Top-level,Neutral
UgzhGFVr7Oen3moXSd54AaABAg,Anyone seen that show paradise?,@Thedarkknight2244,0,2 bulan lalu,False,Anyone seen that show paradise?,0,5,31,Top-level,Neutral
UgxgvkztA-7CYGWG98N4AaABAg,It is so bloody cold in the UK at the moment I am starting to suspect the Gulf stream is failing.,@misswittank9224,0,2 bulan lalu,False,It is so bloody cold in the UK at the moment I am starting to suspect the Gulf stream is failing.,0,21,97,Top-level,Negative
Ugypd9IlzlPpFRJ4ow94AaABAg,"A change in the weather can ONLY bring bad outcomes. Thanks BBC, stay objective...",@EricVidfarne,0,2 bulan lalu,False,"A change in the weather can ONLY bring bad outcomes. Thanks BBC, stay objective...",0,14,82,Top-level,Negative
Ugz9ENsTLISlM6TGCQB4AaABAg,The world is already ruining my adult-life already😞,@RaizenMemes,2,2 bulan lalu,False,The world is already ruining my adult-life already😞,2,8,51,Top-level,Neutral
UgwTpPuy3G35PTc5H5R4AaABAg,"It is may and it's still basically summer in the southern hemisphere, we should by already in winter fyi",@lycan8723,0,2 bulan lalu,False,"It is may and it's still basically summer in the southern hemisphere, we should by already in winter fyi",0,19,104,Top-level,Neutral
UgziMi1m8MneIJauyDF4AaABAg,"Yikes, its like were heading into Summer🤔",@OldschoolTruths,0,2 bulan lalu,False,"Yikes, its like were heading into Summer🤔",0,7,41,Top-level,Neutral
UgxvMb-jR73rZ_xJvAB4AaABAg,"At this point, I mean why not BBC?",@lowtriggerweightjay7331,1,2 bulan lalu,False,"At this point, I mean why not BBC?",1,8,34,Top-level,Negative
UgxOmbS-RstJ73Uunqx4AaABAg,"Actually, we've had an El Niño throughout 2024 into early 2026. What's coming is a super La Niña. With so much heat and water falling in the El Niño period, a super freeze will come because of a super La Niña. This weather pattern could affect both the northern and southern hemispheres, bringing very cold conditions except in the equatorial regions; however, tsunamis could be a problem for these areas due to colliding storm fronts from both hemispheres...",@eye_exam3688,0,2 bulan lalu,False,"Actually, we've had an El Niño throughout 2024 into early 2026. What's coming is a super La Niña. With so much heat and water falling in the El Niño period, a super freeze will come because of a super La Niña. This weather pattern could affect both the northern and southern hemispheres, bringing very cold conditions except in the equatorial regions; however, tsunamis could be a problem for these areas due to colliding storm fronts from both hemispheres...",0,78,459,Top-level,Neutral
UgwDwtSkQ9whK2OWfOl4AaABAg,Yes pleasd bring it. I want some change,@ZackIsLost1,0,2 bulan lalu,False,Yes pleasd bring it. I want some change,0,8,39,Top-level,Neutral
UgyXEM-Wuptko_n6i_B4AaABAg,this sounds like a very good time to increse the taxes for petrol cars,@THgamingRO,1,2 bulan lalu,False,this sounds like a very good time to increse the taxes for petrol cars,1,14,70,Top-level,Positive
UgxXjPibti0NEqf1tx14AaABAg,Looks like oil price should stay high to curtail demand and combat greenhouse gas emission.,@philsipad,0,2 bulan lalu,False,Looks like oil price should stay high to curtail demand and combat greenhouse gas emission.,0,15,91,Top-level,Positive
Ugw33OpY3TF1an7NVy14AaABAg,"Was I the only one watching this in Britain thinking , get to the point, does this mean we will actually get a summer this year 😎😆",@DavidLee-lw8mx,0,2 bulan lalu,False,"Was I the only one watching this in Britain thinking , get to the point, does this mean we will actually get a summer this year 😎😆",0,27,130,Top-level,Negative
UgzWDpcYStKZSwKDFa94AaABAg,I can tell you something is off - we are two weeks away from winter here in Oz and I’m still swimming at the beach every day - water is not cold,@roddyscott4,0,2 bulan lalu,False,I can tell you something is off - we are two weeks away from winter here in Oz and I’m still swimming at the beach every day - water is not cold,0,32,144,Top-level,Positive
UgwwJx2nygJJPGGDWo14AaABAg,All those fires and steam rising from the seas will create powerful rain storms,@Rick-xp5sy,0,2 bulan lalu,False,All those fires and steam rising from the seas will create powerful rain storms,0,14,79,Top-level,Positive
UgxkTQGE_yGOg-TJv-x4AaABAg,Not enough attention on this topic for sure!!! I live on the big island of Hawaii and I’m preparing for a catastrophic year of severe weather.,@anthonyjohnson100,0,2 bulan lalu,False,Not enough attention on this topic for sure!!! I live on the big island of Hawaii and I’m preparing for a catastrophic year of severe weather.,0,26,142,Top-level,Positive
UgxfeAU1fZlM7JTOeYB4AaABAg,Why has this only got 500k views,@samuelhunter1956,0,2 bulan lalu,False,Why has this only got 500k views,0,7,32,Top-level,Neutral
Ugz15JoC80cZxro8W9J4AaABAg,"Shorts weather then, nice!",@LUCA67-y9m,0,2 bulan lalu,False,"Shorts weather then, nice!",0,4,26,Top-level,Positive
UgxfHTeXNHrqL5O-xed4AaABAg,What starts El Nino?,@BogdanSilviuAron,0,2 bulan lalu,False,What starts El Nino?,0,4,20,Top-level,Neutral
UgxkrZ8eNkTIAnHGz_R4AaABAg,"In case you have noticed, the entire world has been changing, and things are going really crazy.From underwater volcanoes to baked cracks in the earth that have been shaking over a thousand times....",@HopeForSanity26,0,2 bulan lalu,False,"In case you have noticed, the entire world has been changing, and things are going really crazy.From underwater volcanoes to baked cracks in the earth that have been shaking over a thousand times....",0,33,199,Top-level,Positive
UgwL3i6MbEs4sODEz3V4AaABAg,"I live in Paraná State (South of Brazil) and considering the history i believe this region will get many storms, floods, heatwaves and wildfires 👍👍👍",@maicidiecagem,0,2 bulan lalu (diedit),False,"I live in Paraná State (South of Brazil) and considering the history i believe this region will get many storms, floods, heatwaves and wildfires 👍👍👍",0,25,148,Top-level,Positive
UgxyKN6kuMwIJAvAFdt4AaABAg,It changes every few years has done for 100s of thousands if not millions years.,@sineadgibson7367,0,2 bulan lalu,False,It changes every few years has done for 100s of thousands if not millions years.,0,15,80,Top-level,Negative
Ugzt1HMZdiHAfXkyXqF4AaABAg,India is already experiencing a massive heatwave with temps touching 50C in some regions - this heat feels different than anything before,@kavyajhaveri7374,0,2 bulan lalu,False,India is already experiencing a massive heatwave with temps touching 50C in some regions - this heat feels different than anything before,0,22,137,Top-level,Positive
UgyKMh5OMr8TCnmeMBN4AaABAg,Sounds like this is a problem for those in the vicinity of the equator..iv got enough to worry about.,@geoman8912,0,2 bulan lalu,False,Sounds like this is a problem for those in the vicinity of the equator..iv got enough to worry about.,0,19,101,Top-level,Neutral
UgxS2bmaFEWKKhYug9l4AaABAg,May God have mercy on our souls. These projections & potentials are not looking good at all😢🇹🇹🙏,@msdfnfly8447,1,2 bulan lalu,False,May God have mercy on our souls. These projections & potentials are not looking good at all😢🇹🇹🙏,1,17,95,Top-level,Positive
UgwndoufIvf2ilq35jN4AaABAg,It’s already here,@Curpsall,0,2 bulan lalu,False,It’s already here,0,3,17,Top-level,Neutral
UgyvxUpdTk2xjx_UXop4AaABAg,Can't believe everything,@mariusbothma-ir7xx,0,2 bulan lalu,False,Can't believe everything,0,3,24,Top-level,Neutral
UgyTsWoXEqWmwF-WPvF4AaABAg,Fix subtitles please.,@ALEakaKorwin,0,2 bulan lalu,False,Fix subtitles please.,0,3,21,Top-level,Neutral
UgxfeAU1fZlM7JTOeYB4AaABAg.AWv77AAU7OJAY9i7I2glKl,Just as in the days of  Noah .,@obbiebeal3060,0,1 bulan lalu,True,Just as in the days of Noah .,0,8,29,Reply,Neutral
UgxS2bmaFEWKKhYug9l4AaABAg.AX4u108LhfhAXBCVI0MzBP,"Will the Earth Be Destroyed?
The Bible’s answer

No, planet Earth will never be destroyed, burned in fire, or replaced. The Bible teaches that God created the earth to be inhabited forever.
 “The righteous will possess the earth, and they will live forever on it.”—Psalm 37:29.
 “[God] has established the earth on its foundations; it will not be moved from its place forever and ever.”—Psalm 104:5.
“The earth remains forever.”—Ecclesiastes 1:4.
“The One who formed the earth, its Maker who firmly established it, . . . did not create it simply for nothing, but formed it to be inhabited.”—Isaiah 45:18.
Will humans ruin the earth?

God will not allow humans to ruin the earth completely by pollution, warfare, or any other means. Rather, he will “bring to ruin those ruining the earth.” (Revelation 11:18) How will he accomplish that?*
God will replace human governments, which have been unable to protect the earth, with a perfect heavenly Kingdom. (Daniel 2:44; Matthew 6:9, 10) That Kingdom will be ruled by God’s Son, Jesus Christ. (Isaiah 9:6, 7) When on earth, Jesus exercised miraculous powers over natural elements. (Mark 4:35-41) As the King of God’s Kingdom, Jesus will exercise full control over earth and its elements. He will re-create, or renew, conditions on earth, making them similar to those that existed in the garden of Eden.—Matthew 19:28; Luke 23:43.

*Doesn’t the Bible teach that the earth will be burned in fire?
No, it does not.*
 Such a misconception often comes from a misunderstanding of 2 Peter 3:7, which says: “The heavens and the earth that now exist are reserved for fire.” Consider two important points that help us understand the meaning of those words:
The Bible uses the terms “heavens,” “earth,” and “fire” to refer to more than one thing. For example, Genesis 11:1 says: “All the earth continued to be of one language.” Here, “earth” refers to human society.
The context of 2 Peter 3:7 indicates the meaning of the heavens, earth, and fire mentioned there. Verses 5 and 6 draw a parallel with the Flood of Noah’s day. On that occasion, an ancient world was destroyed, yet our planet did not disappear. Instead, the Flood wiped out a violent society, or “earth.” (Genesis 6:11) It also destroyed a kind of “heavens”—the people who ruled over that earthly society. Thus, wicked people were destroyed, not our planet. Noah and his family survived the destruction of that world and inhabited the earth after the Flood.—Genesis 8:15-18.

Similar to the waters of the Flood, the destruction, or “fire,” of 2 Peter 3:7 will bring an end to the world of wicked people, not to planet Earth. God promises “new heavens and a new earth” in which “righteousness is to dwell.” (2 Peter 3:13) A “new earth,” or new human society, will be ruled over by “new heavens,” or new leadership—God’s Kingdom. Under the rule of that Kingdom, the earth will become a peaceful paradise.—Revelation 21:1-4.",@MT37191,0,2 bulan lalu,True,"Will the Earth Be Destroyed? The Bible’s answer No, planet Earth will never be destroyed, burned in fire, or replaced. The Bible teaches that God created the earth to be inhabited forever. “The righteous will possess the earth, and they will live forever on it.”—Psalm 37:29. “[God] has established the earth on its foundations; it will not be moved from its place forever and ever.”—Psalm 104:5. “The earth remains forever.”—Ecclesiastes 1:4. “The One who formed the earth, its Maker who firmly established it, . . . did not create it simply for nothing, but formed it to be inhabited.”—Isaiah 45:18. Will humans ruin the earth? God will not allow humans to ruin the earth completely by pollution, warfare, or any other means. Rather, he will “bring to ruin those ruining the earth.” (Revelation 11:18) How will he accomplish that?* God will replace human governments, which have been unable to protect the earth, with a perfect heavenly Kingdom. (Daniel 2:44; Matthew 6:9, 10) That Kingdom will be ruled by God’s Son, Jesus Christ. (Isaiah 9:6, 7) When on earth, Jesus exercised miraculous powers over natural elements. (Mark 4:35-41) As the King of God’s Kingdom, Jesus will exercise full control over earth and its elements. He will re-create, or renew, conditions on earth, making them similar to those that existed in the garden of Eden.—Matthew 19:28; Luke 23:43. *Doesn’t the Bible teach that the earth will be burned in fire? No, it does not.* Such a misconception often comes from a misunderstanding of 2 Peter 3:7, which says: “The heavens and the earth that now exist are reserved for fire.” Consider two important points that help us understand the meaning of those words: The Bible uses the terms “heavens,” “earth,” and “fire” to refer to more than one thing. For example, Genesis 11:1 says: “All the earth continued to be of one language.” Here, “earth” refers to human society. The context of 2 Peter 3:7 indicates the meaning of the heavens, earth, and fire mentioned there. Verses 5 and 6 draw a parallel with the Flood of Noah’s day. On that occasion, an ancient world was destroyed, yet our planet did not disappear. Instead, the Flood wiped out a violent society, or “earth.” (Genesis 6:11) It also destroyed a kind of “heavens”—the people who ruled over that earthly society. Thus, wicked people were destroyed, not our planet. Noah and his family survived the destruction of that world and inhabited the earth after the Flood.—Genesis 8:15-18. Similar to the waters of the Flood, the destruction, or “fire,” of 2 Peter 3:7 will bring an end to the world of wicked people, not to planet Earth. God promises “new heavens and a new earth” in which “righteousness is to dwell.” (2 Peter 3:13) A “new earth,” or new human society, will be ruled over by “new heavens,” or new leadership—God’s Kingdom. Under the rule of that Kingdom, the earth will become a peaceful paradise.—Revelation 21:1-4.",0,491,2913,Reply,Positive
UgwdMhDQ8aQsM9zSEI94AaABAg,Thailand 40 degrees plus.,@JoyPhone-r4g,0,2 bulan lalu,False,Thailand 40 degrees plus.,0,4,25,Top-level,Neutral
Ugyjh70MUmHYpfR77zF4AaABAg,So they say When they can make it cold in may they have full control in the weather,@VivaLaIreland,0,2 bulan lalu,False,So they say When they can make it cold in may they have full control in the weather,0,18,83,Top-level,Negative
UgxCExZsyuRseuVqpEl4AaABAg,UK constantly in La Nina..,@ToruKurosawa,0,2 bulan lalu,False,UK constantly in La Nina..,0,5,26,Top-level,Neutral
UgwsHw0l2z_ycJZsMPB4AaABAg,"My country is going to turn into fricking sahara bro, last year the damps were below %3 at the capital late summer rains helede it but now it could be over",@ThefoundationO7,0,2 bulan lalu,False,"My country is going to turn into fricking sahara bro, last year the damps were below %3 at the capital late summer rains helede it but now it could be over",0,31,155,Top-level,Negative
Ugxpl8ff8cPl6cWIp4J4AaABAg,Does this happen every year? i think its called summer?,@amcf2000c,0,2 bulan lalu,False,Does this happen every year? i think its called summer?,0,10,55,Top-level,Neutral
UgwIuSWE5vsvZ9qg8eF4AaABAg,I was reading about this earlier this morning they said the worst El Niño was in 1877 and 78 and I saw where they were saying European somewhere was saying that this one is along that line or stronger and a lot of predictions are already saying that this is 100% gonna be a super El Niño,@pimpofdadead739,0,2 bulan lalu,False,I was reading about this earlier this morning they said the worst El Niño was in 1877 and 78 and I saw where they were saying European somewhere was saying that this one is along that line or stronger and a lot of predictions are already saying that this is 100% gonna be a super El Niño,0,57,287,Top-level,Negative
UgxJqX7P12r5M4fvAd94AaABAg,Does this mean we’ll get proper Pineapple Express?,@xBassBoostCentralx,0,2 bulan lalu,False,Does this mean we’ll get proper Pineapple Express?,0,8,50,Top-level,Negative
UgzH7b6ohNwBy50uR3J4AaABAg,They say this every fff year,@Uklown777,2,2 bulan lalu,False,They say this every fff year,2,6,28,Top-level,Neutral
Ugyr3WOm0xMlBqn-g654AaABAg,I have end times fatigue….,@SwampedInRevelation,0,2 bulan lalu,False,I have end times fatigue….,0,5,26,Top-level,Neutral
Ugz9wTNonvz_CzhRRxJ4AaABAg,"https://youtu.be/p9JxYCZYSHw?si=9Cmq2zyeuwaIt6G-
Actual weather experts are saying the strength is not an indication of the effects of El Niño.",@daz1617,1,2 bulan lalu (diedit),False,Actual weather experts are saying the strength is not an indication of the effects of El Niño.,1,17,94,Top-level,Neutral
UgysHvtoKErBipzyNeR4AaABAg,O - oh .  😮,@davidb9059,0,2 bulan lalu,False,O - oh . 😮,0,5,10,Top-level,Neutral
UgyhBQa9A3QNbvlY6x54AaABAg,Earth gon hit the reset button soon.,@Cocoa_nutz,2,2 bulan lalu,False,Earth gon hit the reset button soon.,2,7,36,Top-level,Neutral
Ugz8CgQguKBHSS2C_2t4AaABAg,a level geography coming in handy,@sherryk3519,0,2 bulan lalu,False,a level geography coming in handy,0,6,33,Top-level,Positive
UgyBRZFw8fjR-kcneSB4AaABAg,What does this mean for Europe?,@Detug7plays,0,1 bulan lalu,False,What does this mean for Europe?,0,6,31,Top-level,Negative
UgzPn7iFeKXQI6jOlfJ4AaABAg,"*""super"" el niño possibly one of the strongest*
news anchor: Chocolate production will have a problem",@syl6164,0,2 bulan lalu,False,"*""super"" el niño possibly one of the strongest* news anchor: Chocolate production will have a problem",0,16,101,Top-level,Positive
UgzDy6fgZ9wHHvfj7k94AaABAg,Well deserved .,@zzz4528,0,2 bulan lalu,False,Well deserved .,0,3,15,Top-level,Neutral
UgxXAdB1rEjLXyG6s814AaABAg,It feels like an oven here in the Philippines,@meowmeow7478,0,2 bulan lalu,False,It feels like an oven here in the Philippines,0,9,45,Top-level,Neutral
UgwvwyN9MO5eXVX0KTF4AaABAg,I live at north of Malaysia yeah i must say enter 2026 it feel to hot now,@cherozkiahyusof4902,0,2 bulan lalu,False,I live at north of Malaysia yeah i must say enter 2026 it feel to hot now,0,17,73,Top-level,Positive
UgxWHfqyXHczqE-To_N4AaABAg,I only know Jordi el Nino from corn,@rumplestilskin223,0,2 bulan lalu,False,I only know Jordi el Nino from corn,0,8,35,Top-level,Neutral
UgyxgJKR5EPRQvOorBB4AaABAg,Will it stop the boat men by any chance?,@jord2580,0,2 bulan lalu,False,Will it stop the boat men by any chance?,0,9,40,Top-level,Neutral
UgzH7b6ohNwBy50uR3J4AaABAg.AX0NteUehzaAX0vb7cSz0E,They don't. That's just your perception and bias.,@ChienNoob,3,2 bulan lalu,True,They don't. That's just your perception and bias.,3,8,49,Reply,Neutral
UgxheGA8g0wuq7OvOop4AaABAg,"depending where you are, it can mean devastating floods, extreme drought, raging wildfire, extreme heatwaves... or if you are in the uk and ireland... it can mean a continuation of the standard atlantic summer soft moist benign dreary rot.",@squarecircle5522,0,2 bulan lalu (diedit),False,"depending where you are, it can mean devastating floods, extreme drought, raging wildfire, extreme heatwaves... or if you are in the uk and ireland... it can mean a continuation of the standard atlantic summer soft moist benign dreary rot.",0,39,239,Top-level,Negative
UgzYT39NQKiWhAr6WKR4AaABAg,Bring it on!! (Brit sarcasm!),@pauleades4460,1,2 bulan lalu (diedit),False,Bring it on!! (Brit sarcasm!),1,5,29,Top-level,Neutral
UgxCwNCfF9-VrH4nzJR4AaABAg,0:13,@DeborahKennedy-n7y,0,2 bulan lalu,False,0:13,0,1,4,Top-level,Neutral
Ugz1DKReagfXDTSyCVx4AaABAg,"Were not destroying our planet, we're destroying our future. Earth will be fine, it's been through worse than anything we could ever do to it.",@zoh19,1,2 bulan lalu,False,"Were not destroying our planet, we're destroying our future. Earth will be fine, it's been through worse than anything we could ever do to it.",1,25,142,Top-level,Neutral
UgzJXUCIjvZzXbUhDjx4AaABAg,Bro it always happened eversince,@IsraelitoEscosa,0,2 bulan lalu,False,Bro it always happened eversince,0,5,32,Top-level,Neutral
UgxmIkYk1Sf8Wkyx1Mx4AaABAg,Wow El Niño? Man you just came out of a 45 year coma right. I think even my 98 year old grandma remembers El Niño and La Niña. Novel info my guy. Check the sargassum blooms. That’s how we know down in the Caribbean,@LorneMalvo1002,0,2 bulan lalu,False,Wow El Niño? Man you just came out of a 45 year coma right. I think even my 98 year old grandma remembers El Niño and La Niña. Novel info my guy. Check the sargassum blooms. That’s how we know down in the Caribbean,0,44,214,Top-level,Neutral
UgxD4WL9lec6rwYFadt4AaABAg,When weather going to be taken seriously to have an action to take against instead of prepare for,@juwanndunlap,0,2 bulan lalu,False,When weather going to be taken seriously to have an action to take against instead of prepare for,0,18,97,Top-level,Negative
UgwbZqldGHQaH8pjedJ4AaABAg,This has been said for years. Maybe this year people will pay attention,@sparky6996,0,2 bulan lalu,False,This has been said for years. Maybe this year people will pay attention,0,13,71,Top-level,Neutral
UgwB6bOV37Ak1mp0YQR4AaABAg,It is coming to my house,@SambasaEngti,0,2 bulan lalu,False,It is coming to my house,0,6,24,Top-level,Neutral
UgwQ6wu-i6-UgSaec9x4AaABAg,So we’re gonna sit here and get a crazy hurricane?! Nah man,@grandoblivion5268,0,2 bulan lalu,False,So we’re gonna sit here and get a crazy hurricane?! Nah man,0,12,59,Top-level,Negative
UgxmlmUZn_pkDi_8ijR4AaABAg,So how can we minimize the effects of this disaster specially in Indian sub continental areas?,@RefatAhmed-i8i,0,2 bulan lalu,False,So how can we minimize the effects of this disaster specially in Indian sub continental areas?,0,16,94,Top-level,Positive
Ugx52HdISYrsmnKxU0d4AaABAg,I like how cheerfully he is telling there is an apocalypse coming 😂😂,@Prodigy89a,2,2 bulan lalu,False,I like how cheerfully he is telling there is an apocalypse coming 😂😂,2,13,68,Top-level,Positive
Ugz048LyrlHtE0XsX314AaABAg,el nino comes and goes,@raymondlanier1112,0,1 bulan lalu,False,el nino comes and goes,0,5,22,Top-level,Neutral
UgxtQP78MQfTssl_GoV4AaABAg,We used to call it summer 😂,@Raceeverything,0,2 bulan lalu,False,We used to call it summer 😂,0,7,27,Top-level,Neutral
UgzOXrxlowwpVnh_l0d4AaABAg,coming????? it's here Papi!!!!!,@lake_pisces,0,2 bulan lalu,False,coming????? it's here Papi!!!!!,0,4,31,Top-level,Neutral
UgxdRKUvehYONgBKtiJ4AaABAg,Hi,@henahwang3235,0,1 bulan lalu,False,Hi,0,1,2,Top-level,Neutral
UgxfpQN-lokMGhazqlR4AaABAg,"Wel it's freezing in the UK still, so I'll take a el niño.",@noob-pk4ex,0,2 bulan lalu,False,"Wel it's freezing in the UK still, so I'll take a el niño.",0,13,58,Top-level,Neutral
UgzaA7dakZGVUHN1Vyt4AaABAg,I hate the sudden zoom to emphasise,@paulsilver1625,0,2 bulan lalu,False,I hate the sudden zoom to emphasise,0,7,35,Top-level,Negative
UgxL-I4EJkPfAv0CO094AaABAg,Shocking Mild out!,@The_Late_Jim_Kemmy,0,2 bulan lalu,False,Shocking Mild out!,0,3,18,Top-level,Negative
Ugw3Fe5ULX17xIiWFe54AaABAg,Coming? Come to Panama.,@fabiolavi9335,0,2 bulan lalu,False,Coming? Come to Panama.,0,4,23,Top-level,Neutral
Ugx52HdISYrsmnKxU0d4AaABAg.AWwdCyqRNWaA_49Ut1ofbU,It's here,@Mwolf-yw4hb,0,5 hari lalu,True,It's here,0,2,9,Reply,Neutral
UgyQhg2yONFWHxAX_oJ4AaABAg,Bro forgot to talk about us the South Pacific archipelago’s…,@weedismyreligion,0,2 bulan lalu,False,Bro forgot to talk about us the South Pacific archipelago’s…,0,10,60,Top-level,Neutral
UgzAs8A-mcaeXVSxbs94AaABAg,Winter is coming here… hoping it comes during winter. Not at the end of the year when it’s summer.,@user-od8zy3gu5n,0,2 bulan lalu,False,Winter is coming here… hoping it comes during winter. Not at the end of the year when it’s summer.,0,19,98,Top-level,Neutral
Ugz3FYsS2ulvfMzmjXp4AaABAg,"Some predict temps could go up as high as 137f in some places (killer weather, massive numbers of heat stroke deaths, power outs as everyone uses too mucdh electric fans) why did you not mention this, and where the high temps will strike most likely?",@Jesusandbible,0,2 bulan lalu,False,"Some predict temps could go up as high as 137f in some places (killer weather, massive numbers of heat stroke deaths, power outs as everyone uses too mucdh electric fans) why did you not mention this, and where the high temps will strike most likely?",0,45,250,Top-level,Positive
UgzDhp4AQo9UYWkgBUh4AaABAg,Good send all the water you can to Michigan.,@riseagainstfb,0,2 bulan lalu,False,Good send all the water you can to Michigan.,0,9,44,Top-level,Positive
UgzK9sI0GFJEVzsesE54AaABAg,"Brilliant. Bring it on. The weather can’t possibly get any worse in Scotland 🏴󠁧󠁢󠁳󠁣󠁴󠁿 and if we get colder winters, that’s great for cod!",@boyinwaders,1,2 bulan lalu (diedit),False,"Brilliant. Bring it on. The weather can’t possibly get any worse in Scotland 🏴󠁧󠁢󠁳󠁣󠁴󠁿 and if we get colder winters, that’s great for cod!",1,24,136,Top-level,Positive
Ugzl4-1jrNRjA_ZSPrl4AaABAg,So your saying set up my paddling pool,@danielodonoghue13,0,2 bulan lalu,False,So your saying set up my paddling pool,0,8,38,Top-level,Neutral
UgzdIRvxNn_n0ke9bw94AaABAg,Torres?,@Mu5a__A,0,2 bulan lalu,False,Torres?,0,1,7,Top-level,Neutral
UgyBiuRmJZqZSlx2b654AaABAg,I kind of trust the Euro modeling.,@nancycunningham4225,0,2 bulan lalu,False,I kind of trust the Euro modeling.,0,7,34,Top-level,Positive
UgxQC7W3YK39Y-WlRVR4AaABAg,That's  scary 😨 😳 😬 😐,@kathymaxwell1682,0,1 bulan lalu,False,That's scary 😨 😳 😬 😐,0,6,20,Top-level,Negative
UgyZjVW2ors9_tMnMpJ4AaABAg,How i love being a vancouverite who is senstive to heat...haha..,@AsherTheTherian737,0,2 bulan lalu,False,How i love being a vancouverite who is senstive to heat...haha..,0,11,64,Top-level,Positive
Ugwp9YOaXgnbMtEbi5R4AaABAg,We india already suffered extreme heat last month where 99 cities  were in India.,@prathmeshnaik4893,0,2 bulan lalu,False,We india already suffered extreme heat last month where 99 cities were in India.,0,14,80,Top-level,Negative
Ugzz3U9WTfXpdZ38MP14AaABAg,"2:58, East Africa has the Indian ocean, not the pacific. And, Central Asia is landlocked and surrounded by mountains😭😭😭.",@BLINGRIAH-RirixMimi,0,2 bulan lalu,False,"2:58, East Africa has the Indian ocean, not the pacific. And, Central Asia is landlocked and surrounded by mountains😭😭😭.",0,19,120,Top-level,Neutral
UgyRKHVqEC7fYIo7fOB4AaABAg,Pow weather and Weatherman plus yt channels Say Yes...El Nino 😮,@spikejones-sz3qv,0,2 bulan lalu,False,Pow weather and Weatherman plus yt channels Say Yes...El Nino 😮,0,11,63,Top-level,Neutral
UgxO1dgoEhv8rWVcuCh4AaABAg,What has humanity done…,@Generic712,2,2 bulan lalu,False,What has humanity done…,2,4,23,Top-level,Neutral
Ugx78KtmZMFGlJ1HnsZ4AaABAg,its beginning,@defecon7792,0,2 bulan lalu,False,its beginning,0,2,13,Top-level,Neutral
UgwCWSIAEPMMUZAhXnt4AaABAg,El Ninio is overdue 🚨,@middleneck,0,2 bulan lalu,False,El Ninio is overdue 🚨,0,5,21,Top-level,Neutral
Ugza9ZO3IKdSPzMs6hp4AaABAg,1:27 I'm confused. You're talking about the Pacific but Atlantic at the centre of the frame? 🫪🙄🥴,@redwaters101,0,2 bulan lalu,False,1:27 I'm confused. You're talking about the Pacific but Atlantic at the centre of the frame? 🫪🙄🥴,0,17,96,Top-level,Negative
Ugx8DGLclgkp-tsm6Q94AaABAg,Bring it on,@paulbuckley339,0,2 bulan lalu,False,Bring it on,0,3,11,Top-level,Neutral
UgyZWbd68jMSEnOJrht4AaABAg,"My country is going to turn into fricking sahara bro, last year the damps were below %3 at the capital late summer rains helede it but now it could be over",@ThefoundationO7,0,2 bulan lalu,False,"My country is going to turn into fricking sahara bro, last year the damps were below %3 at the capital late summer rains helede it but now it could be over",0,31,155,Top-level,Negative
UgyqFu44s35-9sVCRW14AaABAg,It means we could finally grow chocolates here.,@TheSpiritofPortArthur5623,0,2 bulan lalu,False,It means we could finally grow chocolates here.,0,8,47,Top-level,Neutral
UgzK9sI0GFJEVzsesE54AaABAg.AX1YAHHXyPOAX68To_EsXZ,"I was kinda hoping for warmer summers, but why would BBC mention a possible positive 🏴󠁧󠁢󠁳󠁣󠁴󠁿",@cato1684,0,2 bulan lalu,True,"I was kinda hoping for warmer summers, but why would BBC mention a possible positive 🏴󠁧󠁢󠁳󠁣󠁴󠁿",0,16,92,Reply,Positive
Ugyaqly35qTAGCsXVEp4AaABAg,So you’re saying there’s a chance we could have good enough weather for one BBQ in England this summer?,@Bh13611,0,2 bulan lalu,False,So you’re saying there’s a chance we could have good enough weather for one BBQ in England this summer?,0,19,103,Top-level,Positive
Ugx-yr5Q88x0sCgj7ch4AaABAg,could've just said 'maybe as hot as ten years ago when it was a bit hot',@mikeb8138,0,2 bulan lalu,False,could've just said 'maybe as hot as ten years ago when it was a bit hot',0,16,72,Top-level,Positive
Ugzjf0yak6joUvqmUlp4AaABAg,"New York went from bitter cold to intense heat in one week... So, without being an expert, I would reckon it will be very bad.",@CoreyJohnson193,0,2 bulan lalu,False,"New York went from bitter cold to intense heat in one week... So, without being an expert, I would reckon it will be very bad.",0,25,126,Top-level,Negative
UgziTJyk9asdrdRRnFJ4AaABAg,Central Asia?!?! How about South East Asia expecting stronger typhoons?!,@tomasitoangsuta9318,0,2 bulan lalu,False,Central Asia?!?! How about South East Asia expecting stronger typhoons?!,0,10,72,Top-level,Neutral
UgyA6jD962NfyqKoz3Z4AaABAg,"F**ing hell man. I live in central India and its already 46°C here. Never in my life I struggled so bad against the heat. Nearly fainted the other day. On top of that our dumb municipal is cutting electricity in the morning so that people can't use pumps to extract water from public pipes. And now they're cancelling electricity subsidy for middle class. This is terrible. 

The world needs a reset. Fertilizer shortage, war, inflation, unemployment, pollution....and now Super El Nino. Goddamn the world is spiriling down after 2021.",@gametabulas,1,2 bulan lalu (diedit),False,"F**ing hell man. I live in central India and its already 46°C here. Never in my life I struggled so bad against the heat. Nearly fainted the other day. On top of that our dumb municipal is cutting electricity in the morning so that people can't use pumps to extract water from public pipes. And now they're cancelling electricity subsidy for middle class. This is terrible. The world needs a reset. Fertilizer shortage, war, inflation, unemployment, pollution....and now Super El Nino. Goddamn the world is spiriling down after 2021.",1,89,533,Top-level,Negative
Ugx6aBwJ3XKZOGyi10N4AaABAg,Damm,@HaKanLuV,0,2 bulan lalu,False,Damm,0,1,4,Top-level,Neutral
UgzGcBECXhhM2C7Q3Yl4AaABAg,BBC allows comments ?  Maybe CBC should take notes.,@theinterwebs4443,0,2 bulan lalu,False,BBC allows comments ? Maybe CBC should take notes.,0,9,50,Top-level,Neutral
Ugz6mYSkpXsPPYGBJoV4AaABAg,I love physics!,@jollyjokress3852,0,2 bulan lalu,False,I love physics!,0,3,15,Top-level,Positive
UgwoVHU9nmiLxpjGjmV4AaABAg,Bro we have warmer and colder summers sometimes just live chill has been like this always😊,@juanserraperez2592,1,2 bulan lalu,False,Bro we have warmer and colder summers sometimes just live chill has been like this always😊,1,16,90,Top-level,Positive
Ugw8Zs2CaL_ciPb92n14AaABAg,I've just seen it on a weather satellite map... It was in the blue sky and there was a massive red S... 👍,@carlosbooovy1174,0,2 bulan lalu,False,I've just seen it on a weather satellite map... It was in the blue sky and there was a massive red S... 👍,0,23,105,Top-level,Neutral
Ugwj9ddyv6yz3hN0gad4AaABAg,He says 2027 at 3:38. Doesn’t he mean 2026,@Wixby30,0,2 bulan lalu,False,He says 2027 at 3:38. Doesn’t he mean 2026,0,9,42,Top-level,Negative
UgzHkVdLzrai0NR8PpJ4AaABAg,"Water, Food, and Gas are going to be scarce in the years to come",@recluseronin7548,0,2 bulan lalu,False,"Water, Food, and Gas are going to be scarce in the years to come",0,14,64,Top-level,Neutral
Ugyya4L0TlBDTa_C3_V4AaABAg,😮 just like the beginning of time 🤔,@miriamocean6776,0,2 bulan lalu,False,😮 just like the beginning of time 🤔,0,8,35,Top-level,Neutral
UgxrjFFNKjUdk5u5pOV4AaABAg,Is what it is,@CptGorn,0,2 bulan lalu,False,Is what it is,0,4,13,Top-level,Neutral
UgzTQ3IcV0BtqWhGdZd4AaABAg,fernando torres heel turn,@dlantwo,0,2 bulan lalu,False,fernando torres heel turn,0,4,25,Top-level,Neutral
UgzEnm-x9JmQYg8z1K54AaABAg,Suddenly i feel the governments will use this as an opportunity to charge more taxes to those most vulnerable,@Adz2,1,2 bulan lalu,False,Suddenly i feel the governments will use this as an opportunity to charge more taxes to those most vulnerable,1,19,109,Top-level,Positive
UgyDG5tLTp_aZe3Z2R94AaABAg,it always gonna be the warmest on record for every year rewords things better,@TheRealJIGSO,0,2 bulan lalu,False,it always gonna be the warmest on record for every year rewords things better,0,14,77,Top-level,Positive
Ugz90HNs1cn5NpzOze94AaABAg,"When scientists use ""super, mega or godzilla"" to describe a phenomenon, you should be  worried.",@rmr7501,0,2 bulan lalu,False,"When scientists use ""super, mega or godzilla"" to describe a phenomenon, you should be worried.",0,15,94,Top-level,Positive
UgwstbuXVg4kKKjczwt4AaABAg,Australia seems to be spared this time by warm water.,@richardmiller1345,0,2 bulan lalu,False,Australia seems to be spared this time by warm water.,0,10,53,Top-level,Positive
Ugyp4IvQcAQLLp03TvR4AaABAg,Try living in SEA 🤧,@blindjustice7379,0,2 bulan lalu (diedit),False,Try living in SEA 🤧,0,5,19,Top-level,Neutral
UgzVr2Lvs6EUs47vF2N4AaABAg,The climate has changed,@Nick-ud1mp,1,2 bulan lalu,False,The climate has changed,1,4,23,Top-level,Neutral
UgyhS5pkdN5B8WjWbKl4AaABAg,En español,@Teresa-v1m,0,2 bulan lalu,False,En español,0,2,10,Top-level,Neutral
UgzpD4rm_PZESGMrCzN4AaABAg,They say this every year.,@pinatajuju4471,0,2 bulan lalu,False,They say this every year.,0,5,25,Top-level,Neutral
UgxiwgG9wnXdxekBr8p4AaABAg,What is an elninio.?,@JohnSmith-xl7ri,0,2 bulan lalu,False,What is an elninio.?,0,4,20,Top-level,Neutral
Ugy-a3a8OAPp9j2teex4AaABAg,OMG a Godzilla weather event :),@LuisPereira-ww7nt,0,2 bulan lalu,False,OMG a Godzilla weather event :),0,6,31,Top-level,Positive
UgwqYQZTxXMKzv8sKQp4AaABAg,please name the effects for wildlife and nature as well! It's not just humans but all living things that deal with it,@Ejadedejong,0,2 bulan lalu,False,please name the effects for wildlife and nature as well! It's not just humans but all living things that deal with it,0,22,117,Top-level,Neutral
UgxXMUIPdY7kGonmPtR4AaABAg,Fernando Torres?,@dylanarkell1117,0,2 bulan lalu,False,Fernando Torres?,0,2,16,Top-level,Neutral
UgxyGKaOFKJldP9-uyZ4AaABAg,Meanwhile in Ireland it's the coldest May ever 🥶,@jordanmcdonnell1846,0,2 bulan lalu,False,Meanwhile in Ireland it's the coldest May ever 🥶,0,9,48,Top-level,Neutral
UgwgvwzV3ThaEu5YUDN4AaABAg,"British accent is Irritated 😂😂😂😂😂
But this is very informative 
thanks to BBC",@sureshdomadiya1679,1,2 bulan lalu (diedit),False,British accent is Irritated 😂😂😂😂😂 But this is very informative thanks to BBC,1,13,76,Top-level,Positive
UgxBTIDftU3t3GAUY7N4AaABAg,"last super el niño we had an 85 degree christmas featuring flash flooding then less than a month later a blizzard that broke every record in the book statewide and had us off school for three consecutive weeks then that june we had our first of two back to back thousand year floods but it was also an easier hurricane year before the gulf started running on crack non stop until last year
after that winter it just stopped snowing and winters were ridiculously warm for the most part when that’s never happened before i’m not talking about even snow storms im just talking about anything above and inch at best most years this last decade and mostly ice has been the norm since which isn’t or moreso wasn’t ever normal here for winters and this last winter was the first time it’s ever pushed any of those and we had record breaking lows on top of multiple snow storms that hit our side of the beltway it was like a diet version of 2009/10 which was a heavy el niño followed by ridiculous and record breaking heatwaves which is something we’re in the thick of right now",@emailsfromamidatlanticprincess,0,2 bulan lalu (diedit),False,last super el niño we had an 85 degree christmas featuring flash flooding then less than a month later a blizzard that broke every record in the book statewide and had us off school for three consecutive weeks then that june we had our first of two back to back thousand year floods but it was also an easier hurricane year before the gulf started running on crack non stop until last year after that winter it just stopped snowing and winters were ridiculously warm for the most part when that’s never happened before i’m not talking about even snow storms im just talking about anything above and inch at best most years this last decade and mostly ice has been the norm since which isn’t or moreso wasn’t ever normal here for winters and this last winter was the first time it’s ever pushed any of those and we had record breaking lows on top of multiple snow storms that hit our side of the beltway it was like a diet version of 2009/10 which was a heavy el niño followed by ridiculous and record breaking heatwaves which is something we’re in the thick of right now,0,198,1070,Top-level,Positive
UgyJoAVRf_rJ2_bVfH54AaABAg,Good luck Philippines,@mervingujilde3392,0,2 bulan lalu,False,Good luck Philippines,0,3,21,Top-level,Positive
UgzYaSPknv76pG20EmJ4AaABAg,This is bc the ice caps are melting at record pace.,@Michael0663-qo4wx,0,2 bulan lalu,False,This is bc the ice caps are melting at record pace.,0,11,51,Top-level,Neutral
Ugys2GdT7Iyvf3QWK8d4AaABAg,Düngerkrise und Nino. Könnte interessant werden.,@s7umpf,0,2 bulan lalu,False,Düngerkrise und Nino. Könnte interessant werden.,0,6,48,Top-level,Neutral
Ugy45NzX7qCE0bMN8zx4AaABAg,Finally Ireland wont be so cold anymore,@AeroGlass7,0,2 bulan lalu,False,Finally Ireland wont be so cold anymore,0,7,39,Top-level,Negative
Ugy8FxepYv2Pzk5snoZ4AaABAg,elite weather presenter 😅,@MegaLolototo,0,2 bulan lalu,False,elite weather presenter 😅,0,4,25,Top-level,Neutral
Ugwvai-JbhliYwF_0t14AaABAg,Humanity really picked the worst possible time to be divided when the planet itself is starting to send warning signals everywhere. 🌎💔,@8KPlanet88,0,2 bulan lalu,False,Humanity really picked the worst possible time to be divided when the planet itself is starting to send warning signals everywhere. 🌎💔,0,22,134,Top-level,Negative
UgyZvHllLzHGXVVgVod4AaABAg,Would you suggest not to travel later in the year?,@honeybees3760,0,2 bulan lalu,False,Would you suggest not to travel later in the year?,0,10,50,Top-level,Neutral
Ugzy_FbJMxiLns3y0lV4AaABAg,Funny how the strongest El Nino was in 1877... I cant imagine how many private jets and they had in the sky and private petrol/diesel cars they had on the road back then.,@gabood,0,2 bulan lalu,False,Funny how the strongest El Nino was in 1877... I cant imagine how many private jets and they had in the sky and private petrol/diesel cars they had on the road back then.,0,33,170,Top-level,Positive
UgwsZ4wKHCedAyFhWW54AaABAg,Don’t panic captain,@charleshaddath,0,2 bulan lalu,False,Don’t panic captain,0,3,19,Top-level,Neutral
UgxlOD1-QL3F78c6qMp4AaABAg,It happens every few years...,@erichschinzel6486,0,2 bulan lalu,False,It happens every few years...,0,5,29,Top-level,Negative
Ugz2DzJsbV0H_2TCb8l4AaABAg,El Nino that's Spanish for The Nino. Did you know that😂,@justbeadecenthuman78,0,2 bulan lalu,False,El Nino that's Spanish for The Nino. Did you know that😂,0,11,55,Top-level,Neutral
Ugymwz536ogqhrzcpYx4AaABAg,I'm sure the oil refineries that was burnt during The Orange's recent military exercise in Iran has absolutely nothing to do with that.,@zigowl1193,0,2 bulan lalu,False,I'm sure the oil refineries that was burnt during The Orange's recent military exercise in Iran has absolutely nothing to do with that.,0,23,135,Top-level,Positive
UgzmdwmKKoJBkpxkKmF4AaABAg,I honestly don't think that we're doing this. Planets can be super unpredictable at times and this is one of those times.,@zoh19,0,2 bulan lalu,False,I honestly don't think that we're doing this. Planets can be super unpredictable at times and this is one of those times.,0,22,121,Top-level,Positive
Ugz8ifsm87sDt_4xGER4AaABAg,Highest el neno on record was before I early 1800,@Nick-rr5cy,0,2 bulan lalu,False,Highest el neno on record was before I early 1800,0,10,49,Top-level,Positive
UgwKQkhNa4j_LW2TJG94AaABAg,Mother nature's way of cleansing!,@MemphisBrown-wy9es,0,2 bulan lalu,False,Mother nature's way of cleansing!,0,5,33,Top-level,Neutral
UgyJNkk7O0mHXaWaWMJ4AaABAg,i just graduated mane 😭,@falahfalah948,0,2 bulan lalu,False,i just graduated mane 😭,0,5,23,Top-level,Neutral
UgzHSKez4Vx4Bf7HHDd4AaABAg,This video could have been so much better and more informative. Put up maps when discussing geography. Use less random photos and videos. You can provide more cohesive information for a cohesive understanding. It seems like the purpose here was to stoke fear and confusion rather than provide information and support understanding.,@muladharaspeaks,0,2 bulan lalu,False,This video could have been so much better and more informative. Put up maps when discussing geography. Use less random photos and videos. You can provide more cohesive information for a cohesive understanding. It seems like the purpose here was to stoke fear and confusion rather than provide information and support understanding.,0,52,331,Top-level,Positive
Ugy8bq3Uc5HxQ189fs54AaABAg,"Does this mean we will see some sunshine up north for more than a day? If so……sod the world, bring it on!",@DavidWood-y5x,0,2 bulan lalu,False,"Does this mean we will see some sunshine up north for more than a day? If so……sod the world, bring it on!",0,22,105,Top-level,Positive
UgzE3IZu4YKN9GHknYN4AaABAg,How about mentioning the effect on wildlife too...,@YorkArt86,0,2 bulan lalu,False,How about mentioning the effect on wildlife too...,0,8,50,Top-level,Neutral
UgwBijwXZARIsE3rCu54AaABAg,I was fine until you mentioned chocolate prices going up,@OCDean24,0,2 bulan lalu,False,I was fine until you mentioned chocolate prices going up,0,10,56,Top-level,Positive
UgyohYqbwqLzZ_ZW6JB4AaABAg,We got el nino before gta 6,@TheN0mersy,2,2 bulan lalu,False,We got el nino before gta 6,2,7,27,Top-level,Neutral
UgwBXtfgwyiq6UzmKj54AaABAg,its the phoenix event,@PhoenixBerry1988,0,2 bulan lalu,False,its the phoenix event,0,4,21,Top-level,Neutral
UgwD8klUjvaWILtearZ4AaABAg,Super El Presidente when?,@Lamliam088,0,2 bulan lalu,False,Super El Presidente when?,0,4,25,Top-level,Positive
UgyFADrS75zfFg-s4qN4AaABAg,"3:58 The Caribbean is in North America and South America, not Africa…",@Waylunar,0,2 bulan lalu,False,"3:58 The Caribbean is in North America and South America, not Africa…",0,12,69,Top-level,Neutral
UgyeUndnzUGVcNl4D9h4AaABAg,"When I was younger I use to be scared of the world ending but now idgaf if it do, then great, if it don’t then awesome! I’m not loosing no more sleep! The economy have enough negative mental space in my head",@RPoon-i7r,0,2 bulan lalu,False,"When I was younger I use to be scared of the world ending but now idgaf if it do, then great, if it don’t then awesome! I’m not loosing no more sleep! The economy have enough negative mental space in my head",0,42,207,Top-level,Positive
UgyldsINN7c2B-hEKTp4AaABAg,Let’s add more to the hysterical Weather Forecasting and the never ending naming. What’s coming is a Gargantuan Super Gigantic Super Pinnacle Stupendous Monster El Niño.,@micklaws5520,0,2 bulan lalu,False,Let’s add more to the hysterical Weather Forecasting and the never ending naming. What’s coming is a Gargantuan Super Gigantic Super Pinnacle Stupendous Monster El Niño.,0,26,169,Top-level,Neutral
UgwSwSqFHFSxUBlnMk14AaABAg,"I remember the brutal heatwaves in 2023 and 2024 in Eastern Indian cities like Kolkata. 43C was common for more than a month, occurring daily. A heat dome build up above Eastern India and Bangladesh. I know 3 people who died, not personally but like a relative of a relative. Instagram reels of guy cooking egg under sun looks cool but it's closest thing to climate of hell if it exists. After that heat wave came 1.5 months of moderately high warming of 38C but with near saturation humidity in evening, with 50% during peak. That's worse than 43C as shade doesn't provide any relief. Feels like temperatures tops 52C frequently.

You are familiar with numbers on paper while I deal with it. Don't pity me, I am a computer science graduate (AC office workplace). But hundreds of millions work outside in brutal heat. I know an old man working as a gas cutter in front of my cousin's shop. One day while visiting him, I found out that he died due to Sun Stroke. I am a middle class but he was poor. Can't even afford AC. The worse thing about hear wave in Kolkata is that nights don't provide any relief with 32C min and very high humidity. I did my education in California, I know what a livable climate is. 

In 2019, I read a paper that said that Kolkata along with few other cities like Jakarta are most prone to climate change and will be uninhabitable in a couple of decades. I suggest my every friends and family to get out of this city as wet bulb temperature soon will be so deadly that 1,000s will die everyday during heatwaves. And I am not exaggerating. My friends who comes from Delhi can't handle the humidity and heat combo of Kolkata and on SM I see many westerners who can't handle the heat of India's capital. I am saying this to give you a perspective of how bad it is. Imagine near saturation humidity of London with no rain and heat of the Sahara desert. That's what's Kolkata and by extension entire Eastern India and Bangladesh is becoming. 

Have a good day.",@souravjaiswal-jr4bj,0,2 bulan lalu,False,"I remember the brutal heatwaves in 2023 and 2024 in Eastern Indian cities like Kolkata. 43C was common for more than a month, occurring daily. A heat dome build up above Eastern India and Bangladesh. I know 3 people who died, not personally but like a relative of a relative. Instagram reels of guy cooking egg under sun looks cool but it's closest thing to climate of hell if it exists. After that heat wave came 1.5 months of moderately high warming of 38C but with near saturation humidity in evening, with 50% during peak. That's worse than 43C as shade doesn't provide any relief. Feels like temperatures tops 52C frequently. You are familiar with numbers on paper while I deal with it. Don't pity me, I am a computer science graduate (AC office workplace). But hundreds of millions work outside in brutal heat. I know an old man working as a gas cutter in front of my cousin's shop. One day while visiting him, I found out that he died due to Sun Stroke. I am a middle class but he was poor. Can't even afford AC. The worse thing about hear wave in Kolkata is that nights don't provide any relief with 32C min and very high humidity. I did my education in California, I know what a livable climate is. In 2019, I read a paper that said that Kolkata along with few other cities like Jakarta are most prone to climate change and will be uninhabitable in a couple of decades. I suggest my every friends and family to get out of this city as wet bulb temperature soon will be so deadly that 1,000s will die everyday during heatwaves. And I am not exaggerating. My friends who comes from Delhi can't handle the humidity and heat combo of Kolkata and on SM I see many westerners who can't handle the heat of India's capital. I am saying this to give you a perspective of how bad it is. Imagine near saturation humidity of London with no rain and heat of the Sahara desert. That's what's Kolkata and by extension entire Eastern India and Bangladesh is becoming. Have a good day.",0,365,1977,Top-level,Neutral
UgyixzpZvGU3RS1jfK14AaABAg,"so what ur saying is the winter is cold and the summer is hot ""naturally""",@kdotv5,0,2 bulan lalu,False,"so what ur saying is the winter is cold and the summer is hot ""naturally""",0,15,73,Top-level,Negative
UgyD9bSTNE3NtwLCGKJ4AaABAg,"We need to plant more trees! This is not about ecological propaganda anymore which I never see that it hurt anyone, this is about life and dead matter. If we don't plant more trees the scorching heat will keep on rising since trees are good repelling heat by releasing oxigen to the atmosphere and shadow to the earth. If we dont plant more trees the scorching heat of the sun is going to kill us all.",@aubreyharper4829,1,1 bulan lalu (diedit),False,"We need to plant more trees! This is not about ecological propaganda anymore which I never see that it hurt anyone, this is about life and dead matter. If we don't plant more trees the scorching heat will keep on rising since trees are good repelling heat by releasing oxigen to the atmosphere and shadow to the earth. If we dont plant more trees the scorching heat of the sun is going to kill us all.",1,76,401,Top-level,Positive
UgyCWOiZa4kusb5S7b14AaABAg,Tell me something interesting like the water heating up in the winter not the summer 😂,@Sean-ek8wc,0,2 bulan lalu,False,Tell me something interesting like the water heating up in the winter not the summer 😂,0,16,86,Top-level,Positive
Ugxqs0LCxxMmVDrqw1h4AaABAg,"I live somewhere in SEAsia, been hearing this since my childhood in the 90s, and I would say I'm feeling the same like decades ago: hot, humid and rain all year-round, rarely has changed, we're used to it, we're adjusting, we're adapting, it's just a cycle.",@alopey_,0,2 bulan lalu (diedit),False,"I live somewhere in SEAsia, been hearing this since my childhood in the 90s, and I would say I'm feeling the same like decades ago: hot, humid and rain all year-round, rarely has changed, we're used to it, we're adjusting, we're adapting, it's just a cycle.",0,46,257,Top-level,Positive
UgwShFDIK5OI2OfLoct4AaABAg,America made EL Niño,@sovereignfilipino4685,0,1 bulan lalu,False,America made EL Niño,0,4,20,Top-level,Neutral
Ugz3Fk-KmQN5QBSoF414AaABAg,we havent even got ps6 yet,@tiredyead,0,2 bulan lalu,False,we havent even got ps6 yet,0,6,26,Top-level,Neutral
UgyY8ozns8wA2nAwf7t4AaABAg,but still sometimes El nino miss to score in front of goal post 😂😂😂,@Theresstillmercy1736,0,2 bulan lalu,False,but still sometimes El nino miss to score in front of goal post 😂😂😂,0,14,67,Top-level,Neutral
UgzHtQpMP0R-3spJnYV4AaABAg,Pretty sure this is second El Niño in 20 years 😂,@recreationalmancunian,0,2 bulan lalu,False,Pretty sure this is second El Niño in 20 years 😂,0,11,48,Top-level,Positive
UgyFbr0s0j91bOiXw_J4AaABAg,is this supposed to look like a broadcast from the 80s?,@davyprendergast82,0,2 bulan lalu,False,is this supposed to look like a broadcast from the 80s?,0,11,55,Top-level,Neutral
UgwDryb4zRgVES4xvex4AaABAg,…. Yay,@highro13,0,2 bulan lalu,False,…. Yay,0,2,6,Top-level,Neutral
Ugx_G048koLi1kXnnTF4AaABAg,I never thought id see the day the BBC started using AI thumbnails but i guess this is what 2026 looks like,@_SamC_,0,2 bulan lalu,False,I never thought id see the day the BBC started using AI thumbnails but i guess this is what 2026 looks like,0,22,107,Top-level,Neutral
Ugz-XVScZ8AfgCb2aYp4AaABAg,I’m not worried about El Niño… I’m more worried about El Donaldstein of the Supreme Leader. He’s out here acting like a final boss in a ending telenovela. 😫,@Adamfound13,1,2 bulan lalu,False,I’m not worried about El Niño… I’m more worried about El Donaldstein of the Supreme Leader. He’s out here acting like a final boss in a ending telenovela. 😫,1,29,156,Top-level,Positive
UgxUxdp01iypdlxTKHR4AaABAg,Chocolate goes up every year and reduces in size 😂,@DavidSimms-pn5oe,0,2 bulan lalu,False,Chocolate goes up every year and reduces in size 😂,0,10,50,Top-level,Neutral
UgzSdGdmNTmUkfPYwAh4AaABAg,"nice,warm,sun, summer 😂🏖",@patchy504,0,2 bulan lalu,False,"nice,warm,sun, summer 😂🏖",0,3,24,Top-level,Neutral
UgxzTxcmDvOsyYg4s8R4AaABAg,Excellent. My cars will keep cleaner for longer,@IBLOWN,0,2 bulan lalu,False,Excellent. My cars will keep cleaner for longer,0,8,47,Top-level,Positive
Ugw7SP7hTVlBQa9Uzt14AaABAg,This is in the i told ya so bucket 🪣,@djFangirlGX,0,2 bulan lalu,False,This is in the i told ya so bucket 🪣,0,10,36,Top-level,Neutral
Ugw7oiVyb4tWGD0bA2x4AaABAg,And the price of Baked beans has risen. Chaos.,@nickname1812,0,2 bulan lalu,False,And the price of Baked beans has risen. Chaos.,0,9,46,Top-level,Neutral
UgzQDFQZoqbuJxthUj94AaABAg,The climate calls are always far enough away to be forgotten when they don't happen.,@timwatermaker2011,0,2 bulan lalu,False,The climate calls are always far enough away to be forgotten when they don't happen.,0,15,84,Top-level,Neutral
UgzdQNkjURPA3Z8nhoJ4AaABAg,"Should we be worried?
Yes, no more chocolate😢😢😢😢",@att7912,0,2 bulan lalu,False,"Should we be worried? Yes, no more chocolate😢😢😢😢",0,8,48,Top-level,Negative
UgyuiMy0eGY8-d3Wzi14AaABAg,So just another day in south africa :D,@darryn-gunn,0,2 bulan lalu,False,So just another day in south africa :D,0,8,38,Top-level,Positive
UgzNjiMKKcXNBXosSjt4AaABAg,I knew it Arsenal winning the league would bring chaos around the world just when Liverpool won the league in 2020.,@Errol1242,0,2 bulan lalu,False,I knew it Arsenal winning the league would bring chaos around the world just when Liverpool won the league in 2020.,0,21,115,Top-level,Positive
UgxVlhoYFu00VOCB3at4AaABAg,😊,@ff11dream,0,2 bulan lalu (diedit),False,😊,0,1,1,Top-level,Neutral
UgzIzhWy5N2Y01TUCIp4AaABAg,Love how Canada is cut off in the 1st map. I guess we're not effected lol,@thunderbird66613,0,2 bulan lalu,False,Love how Canada is cut off in the 1st map. I guess we're not effected lol,0,16,73,Top-level,Positive
UgxeZRR8BPMOc8rARVp4AaABAg,"Nothing to do with wind farms altering the balance then ,",@cdkmonkey2699,0,2 bulan lalu,False,"Nothing to do with wind farms altering the balance then ,",0,11,57,Top-level,Neutral
UgxUz7D1KI_7kYnXFTJ4AaABAg,Geo engginering?,@galihpriasmara4508,0,2 bulan lalu,False,Geo engginering?,0,2,16,Top-level,Neutral
UgzypCiij4e3_4DILV54AaABAg,so are these el nino's something that just happens every 10-15 years?,@watchman619,0,2 bulan lalu,False,so are these el nino's something that just happens every 10-15 years?,0,12,69,Top-level,Neutral
UgzuSHsT6GkrAXnnYox4AaABAg,"The last strongest el nino happened in 1876 and because of it we had no rain for 3 years in india, resulting in 8.7M death in the great famine. And the world was way colder in 1876 than now",@ironyman7015,0,1 bulan lalu,False,"The last strongest el nino happened in 1876 and because of it we had no rain for 3 years in india, resulting in 8.7M death in the great famine. And the world was way colder in 1876 than now",0,39,189,Top-level,Positive
Ugzi_Q-qubrzP83_NEl4AaABAg,the one modern aspect people rarely mention is the climate and resource impact of global obesity. it just compounds all the problems,@jarthur5094,0,2 bulan lalu,False,the one modern aspect people rarely mention is the climate and resource impact of global obesity. it just compounds all the problems,0,22,132,Top-level,Positive
Ugyx65I7sD383cMaJXJ4AaABAg,This happens every 2 years that trades with La Niña every other year. I love when meteorologists blow weather out of proportion just to scare people and get clicks.,@Caanriel,1,2 bulan lalu (diedit),False,This happens every 2 years that trades with La Niña every other year. I love when meteorologists blow weather out of proportion just to scare people and get clicks.,1,29,164,Top-level,Positive
UgyrvvXSevFU9NHaiW94AaABAg,Why does this sounds like a fear trap.,@onepiece_luffysgirl,0,2 bulan lalu,False,Why does this sounds like a fear trap.,0,8,38,Top-level,Neutral
UgzgZJPYuPjaM_KINLZ4AaABAg,El nino? Deltarune reference ?,@TheRainFromTheSky,0,2 bulan lalu,False,El nino? Deltarune reference ?,0,5,30,Top-level,Neutral
UgxykdLC34UeDkbS7iR4AaABAg,"It's official, 11th June and it's going to be the warmest on record here in the south of England. Well, I'm getting out my winter eclectically heated jacket and anti fogging spray for my motorbike. the science might be in but then so is the sun.",@edtaylor3072,0,1 bulan lalu,False,"It's official, 11th June and it's going to be the warmest on record here in the south of England. Well, I'm getting out my winter eclectically heated jacket and anti fogging spray for my motorbike. the science might be in but then so is the sun.",0,46,245,Top-level,Neutral
Ugw7VWC3vhG0hAPG-Ul4AaABAg,"But here in Peru authorities are not talking about it, they are denying its magnitude.",@joseastete150,0,2 bulan lalu (diedit),False,"But here in Peru authorities are not talking about it, they are denying its magnitude.",0,15,86,Top-level,Neutral
UgySNUOH5KfE2u3Xaf14AaABAg,"This just became big news, when people in the Philippines have been experiencing this for more than three decades. Mainstream media really not covering environmental changes, only when it will affect first world countries. 🙄",@DingCarpio,0,2 bulan lalu,False,"This just became big news, when people in the Philippines have been experiencing this for more than three decades. Mainstream media really not covering environmental changes, only when it will affect first world countries. 🙄",0,35,224,Top-level,Positive
Ugx0WyO-rkqdCQIX-4Z4AaABAg,Oh good grief.,@J-Ball,0,2 bulan lalu,False,Oh good grief.,0,3,14,Top-level,Negative
UgzId_cxC484VJH5qxd4AaABAg,"I heard a climatologist explain that the reason Europe is warming more than other areas is because we have drastically reduced air pollution, allowing more sunlight and creating less cloud cover.",@arthurdixon5890,0,2 bulan lalu,False,"I heard a climatologist explain that the reason Europe is warming more than other areas is because we have drastically reduced air pollution, allowing more sunlight and creating less cloud cover.",0,31,195,Top-level,Positive
UgzzWHz8G53H325Dnj94AaABAg,"So, we will not have winter? Good!",@nyanyanya-n8c,0,2 bulan lalu,False,"So, we will not have winter? Good!",0,7,34,Top-level,Positive
Ugy3o-POsI9ixtP60_J4AaABAg,Da.,@roberttrebor3041,0,2 bulan lalu,False,Da.,0,1,3,Top-level,Neutral
Ugw6bXYQSjm603BkBdt4AaABAg,It only exists in your models and not in reality.,@מאסטרשף-נ2ט,0,2 bulan lalu,False,It only exists in your models and not in reality.,0,10,49,Top-level,Neutral
UgyzM7JomceVwkrBdTl4AaABAg,i only see small climate change like less snow/ice every winter. the sun also changed from a yellow orb to a bright white flashbang you can’t look at anymore.,@skraaaaz,0,2 bulan lalu,False,i only see small climate change like less snow/ice every winter. the sun also changed from a yellow orb to a bright white flashbang you can’t look at anymore.,0,29,158,Top-level,Neutral
UgxB1HrG192WLCGtY0J4AaABAg,"And as always, it's us here in the global south who suffer.",@IIgleebearII,0,2 bulan lalu,False,"And as always, it's us here in the global south who suffer.",0,12,59,Top-level,Neutral
UgzLX17yd3SK4S0JN754AaABAg,Seems ok i survived 2015-2016,@itsoliveday2426,0,2 bulan lalu,False,Seems ok i survived 2015-2016,0,5,29,Top-level,Positive
UgzlmOAlxrdC3SEo_OR4AaABAg,2011 similarities in astrological elements. This needs to be added to consideration when determining effects. I've noticed this for 50 years. It just isn't added to our incorporating to predict. weather,@marnamiller9773,0,2 bulan lalu,False,2011 similarities in astrological elements. This needs to be added to consideration when determining effects. I've noticed this for 50 years. It just isn't added to our incorporating to predict. weather,0,31,202,Top-level,Neutral
Ugz6A54JDZw8N7gVWDV4AaABAg,So where will the best snow be in January / Feb? USA? Canada? Japan??? That’s the real question here.,@JonathanPieforPM,0,2 bulan lalu,False,So where will the best snow be in January / Feb? USA? Canada? Japan??? That’s the real question here.,0,19,101,Top-level,Positive
UgxPjonUZo810_DbWlB4AaABAg,There are no flies wasps or bees😮,@metapol118,0,2 bulan lalu,False,There are no flies wasps or bees😮,0,7,33,Top-level,Neutral
UgyVnFZf7cSYgJ1NUOZ4AaABAg,No please 😭,@blackphoenix-q5e,0,2 bulan lalu,False,No please 😭,0,3,11,Top-level,Neutral
UgyEY6sIUf7UvUT9j-V4AaABAg,"El Niño La Niña: El niño is what we are facing right now but if we do simple things like planting trees then we will not have drought right? So if we start now, we will achieve la niña.",@justrandomthings709,0,2 bulan lalu (diedit),False,"El Niño La Niña: El niño is what we are facing right now but if we do simple things like planting trees then we will not have drought right? So if we start now, we will achieve la niña.",0,39,185,Top-level,Positive
UgxseNqXXAn13DWyHRN4AaABAg,Please don’t give providers ideas to increase prices 🙏,@seastar3909,0,2 bulan lalu,False,Please don’t give providers ideas to increase prices 🙏,0,9,54,Top-level,Neutral
UgwJC-Vwys3H70nalgx4AaABAg,Its Spanish for Super The Nino!,@user-n5g3l,0,2 bulan lalu,False,Its Spanish for Super The Nino!,0,6,31,Top-level,Positive
Ugz3ilnJiDckytmO2jR4AaABAg,"This has happened 3 times before in recorded history, this one could be far worse",@Nykona-Sharrowkyn,0,2 bulan lalu,False,"This has happened 3 times before in recorded history, this one could be far worse",0,15,81,Top-level,Negative
Ugye0swLZggg9ros5gN4AaABAg,Under deceive volcanoes fart  continuously sometimes more times than others and it has an effect on the weather,@LestaDaz61,0,2 bulan lalu,False,Under deceive volcanoes fart continuously sometimes more times than others and it has an effect on the weather,0,18,110,Top-level,Positive
UgzcWE4oFIpgfrq0MA14AaABAg,Only way I think is if the oil companies can somehow control  ev companies too!,@BrianGodfrey-w3e,0,2 bulan lalu,False,Only way I think is if the oil companies can somehow control ev companies too!,0,15,78,Top-level,Neutral
Ugwgq71rUgnGW0D-p6d4AaABAg,I live in a deep canyon where  my family have lived on the bank of a large creek over 150 yrs we have seen many floods . This is located where more rain will fall . I looked up the past  list yrs of large Ninos : the last BIG one c 2002 we had unreal flooding far higher then any in historical memory. This  will be even higher flood levels this yr😮. The only good thing is the swimming holes fill up with cool deep water . Bad thing I have to rebuild a long water gap fence in a inaccessible area . Moron humans are going to keep burning oil .,@georgenelson8917,1,2 bulan lalu,False,I live in a deep canyon where my family have lived on the bank of a large creek over 150 yrs we have seen many floods . This is located where more rain will fall . I looked up the past list yrs of large Ninos : the last BIG one c 2002 we had unreal flooding far higher then any in historical memory. This will be even higher flood levels this yr😮. The only good thing is the swimming holes fill up with cool deep water . Bad thing I have to rebuild a long water gap fence in a inaccessible area . Moron humans are going to keep burning oil .,1,113,541,Top-level,Positive
Ugw5fA-4s10x8lvuho94AaABAg,"the reason that the cost of fertilizer went up is to keep it out of the reach of terrorists

anfo being the main terrorist use ammonia, fertilizer and diesel fuel or k1 fuel.",@ejonesss,0,2 bulan lalu,False,"the reason that the cost of fertilizer went up is to keep it out of the reach of terrorists anfo being the main terrorist use ammonia, fertilizer and diesel fuel or k1 fuel.",0,33,173,Top-level,Positive
UgyZtog_RCesP1agKD14AaABAg,Looks like he's happy about it.  Here smiling while saying these adverse effects,@XRayU,0,2 bulan lalu,False,Looks like he's happy about it. Here smiling while saying these adverse effects,0,13,79,Top-level,Positive
UgwxvGXRS4W7xpcY0gp4AaABAg,"Nature is the biggest balancing force,,,n what have seen is high temperatures will be countered by high moderating effects but certainly say how both of will be harsh on life.",@SatoshiNakamura-x4h3j,0,2 bulan lalu,False,"Nature is the biggest balancing force,,,n what have seen is high temperatures will be countered by high moderating effects but certainly say how both of will be harsh on life.",0,30,175,Top-level,Positive
Ugwje068dvWrZ8GN_EV4AaABAg,''All these are the beginning of birth pains.'' Matthew 24:8,@RhysFN7,1,2 bulan lalu,False,''All these are the beginning of birth pains.'' Matthew 24:8,1,10,60,Top-level,Neutral
Ugynaf9nw5YW0i7NUYR4AaABAg,It seems a lot of fear mongering for a 3 degree increase in temperature,@HighNoon-l1i,0,2 bulan lalu,False,It seems a lot of fear mongering for a 3 degree increase in temperature,0,14,71,Top-level,Neutral
Ugya_DCapRzMDBk53lN4AaABAg,Everyone is only a guest on planet Earth.,@counseloridealist,0,1 bulan lalu,False,Everyone is only a guest on planet Earth.,0,8,41,Top-level,Neutral
UgyHD_bE4ZxfZuOWMhZ4AaABAg,"As long as the Northern Hemisphere gets warmer , I don't care",@Popstar-s6v,0,2 bulan lalu,False,"As long as the Northern Hemisphere gets warmer , I don't care",0,12,61,Top-level,Neutral
UgyRQlNoQqrT9Sg-IFF4AaABAg,His name is fernando torres!!,@queasy_e8960,0,2 bulan lalu,False,His name is fernando torres!!,0,5,29,Top-level,Neutral
UgzSaQElIXvdvKrTS8Z4AaABAg,“Could “,@Rambo01117,0,2 bulan lalu,False,“Could “,0,2,8,Top-level,Neutral
UgyRQlNoQqrT9Sg-IFF4AaABAg.AX-1Mukbd1KAX-JUkt5RYQ,These DEI names for weather phenomena is un-American,@RaffiJaharian,0,2 bulan lalu,True,These DEI names for weather phenomena is un-American,0,8,52,Reply,Neutral
UgwJuMueGQ2EtQXwfbB4AaABAg,Be moaning it's too cold in 4 months.,@ChrisLaw84,1,2 bulan lalu,False,Be moaning it's too cold in 4 months.,1,8,37,Top-level,Negative
UgyLUPwxv2rPfTTHusl4AaABAg,The Atlantic Ocean's 'circulatory system' is totally ruptured. I assume the Pacific is also in critical condition.,@ziziroberts8041,0,2 bulan lalu,False,The Atlantic Ocean's 'circulatory system' is totally ruptured. I assume the Pacific is also in critical condition.,0,17,114,Top-level,Neutral
UgyvyHS46kQ91u9KhJB4AaABAg,"Sounds paradoxical, but El Niño could bring us more abundant food and more mild weather.",@RainbowsAndPoptarts,0,2 bulan lalu,False,"Sounds paradoxical, but El Niño could bring us more abundant food and more mild weather.",0,15,88,Top-level,Positive
UgxN9ggfwZT70_QKsZB4AaABAg,"00:26 deary, you don't even know where or what Central Europe is! 
40years ago BBC did know!",@torbergman6977,0,2 bulan lalu,False,"00:26 deary, you don't even know where or what Central Europe is! 40years ago BBC did know!",0,17,91,Top-level,Neutral
Ugw2e9-ZBefDvHktSZJ4AaABAg,We should probably keep the kids home and wear a mask,@RichardThorne-hk3vo,0,2 bulan lalu,False,We should probably keep the kids home and wear a mask,0,11,53,Top-level,Neutral
Ugxt2m0d8GYFK_-Ho0J4AaABAg,"Matthew 24.4,7",@Meckmalip,0,1 bulan lalu,False,"Matthew 24.4,7",0,2,14,Top-level,Neutral
UgyW3EEWIyF16kPUE-Z4AaABAg,"Key word ""could"" I hope not though",@user-hx1cz8lm2s,0,2 bulan lalu,False,"Key word ""could"" I hope not though",0,7,34,Top-level,Neutral
UgwZuao1lKVcdezFjrp4AaABAg,Not colder winters,@Goddessasounds,0,2 bulan lalu,False,Not colder winters,0,3,18,Top-level,Neutral
UgyhTcLJBUpKRwM4pwd4AaABAg,"And this is why we should be pushing back hard on climate change.

By any means necessary",@dawnseeker3990,0,2 bulan lalu,False,And this is why we should be pushing back hard on climate change. By any means necessary,0,17,88,Top-level,Negative
UgxxclLuiTGldi_7aE54AaABAg,Put that on top of 1.4 degrees of background warming and things are going to get spicy....,@hopium2100,0,2 bulan lalu,False,Put that on top of 1.4 degrees of background warming and things are going to get spicy....,0,17,90,Top-level,Positive
UgxDhid6QMOVHT2ngcp4AaABAg,"Given the history of Indonesia, I strongly suspect that wildfires there are man-made rather than El Niño-related.",@nhayah11,0,2 bulan lalu (diedit),False,"Given the history of Indonesia, I strongly suspect that wildfires there are man-made rather than El Niño-related.",0,17,113,Top-level,Positive
UgxRWbn4Sx9-6a6mUIh4AaABAg,"""SAVE SOIL"" 🌱
Conscious Planet. 🌏",@blackbird5356,0,2 bulan lalu,False,"""SAVE SOIL"" 🌱 Conscious Planet. 🌏",0,6,33,Top-level,Positive
UgyYOtrMNC8z5LuXOmF4AaABAg,"Tell it to the people who waged wars, burned oil refineries, etc.",@tumlosemer,0,2 bulan lalu,False,"Tell it to the people who waged wars, burned oil refineries, etc.",0,12,65,Top-level,Neutral
UgxOkQGsKDRWBe6nVyl4AaABAg,OOOOOO no the sky is falling.,@denniscasey986,0,2 bulan lalu,False,OOOOOO no the sky is falling.,0,6,29,Top-level,Neutral
Ugx_wAY3XNzZpY5Xk0F4AaABAg,We speak SHALOM - SHALOM - SHALOM !,@jedward348,0,2 bulan lalu,False,We speak SHALOM - SHALOM - SHALOM !,0,8,35,Top-level,Neutral
Ugxf-IB9EAUD-SW05YV4AaABAg,wait until it become el señor,@Mr-vv-0-w,0,2 bulan lalu,False,wait until it become el señor,0,6,29,Top-level,Neutral
UgzQuIhEtG3p6yKEmZd4AaABAg,"Oh and don't forget that drought/famine in the Middle East is typically one of the earliest indicators of political instability, war, and refugee crises. Arab spring happened in part due to the drought/famine. So that'll be not ideal.",@-grey,0,2 bulan lalu,False,"Oh and don't forget that drought/famine in the Middle East is typically one of the earliest indicators of political instability, war, and refugee crises. Arab spring happened in part due to the drought/famine. So that'll be not ideal.",0,38,234,Top-level,Negative
UgwxeOIIID9WVCjXm6l4AaABAg,The 4 riders is coming.,@legatilegions8055,0,2 bulan lalu,False,The 4 riders is coming.,0,5,23,Top-level,Neutral
UgxSEnpR3gTZ2TjOR4R4AaABAg,"In the words of Elaine Benes, """"I hope a giant mountain rises up out of the ocean and we fly right into it.""",@Cher_Wick,0,2 bulan lalu,False,"In the words of Elaine Benes, """"I hope a giant mountain rises up out of the ocean and we fly right into it.""",0,23,108,Top-level,Positive
UgzMzjsaf3Vp1_oj1pd4AaABAg,Normal weather cycles (with variation) or will it be sold as climate change Davos-style?,@segretoesconociuto,0,2 bulan lalu,False,Normal weather cycles (with variation) or will it be sold as climate change Davos-style?,0,14,88,Top-level,Positive
UgxxclLuiTGldi_7aE54AaABAg.AWwx1cTkUdvAWx-wU1icFf,"Except there is no warming

The IPCC has been caught manipulating the numbers to get the heating trend 

When the raw data was analysed twas found the opposite had occured 


Go look for yourself get the data not just the abnormal and you'll see the opposite of what they claim",@Wamsubnz,0,2 bulan lalu,True,Except there is no warming The IPCC has been caught manipulating the numbers to get the heating trend When the raw data was analysed twas found the opposite had occured Go look for yourself get the data not just the abnormal and you'll see the opposite of what they claim,0,50,271,Reply,Negative
Ugx4170XI4lhrSeUknh4AaABAg,it will become EL DOM 🌀,@patchy504,0,2 bulan lalu,False,it will become EL DOM 🌀,0,6,23,Top-level,Neutral
UgyTd4MeBQtMl_7rMh54AaABAg,This is scary - and to think that there are still people who deny climate change …..,@lisemartino2445,0,2 bulan lalu,False,This is scary - and to think that there are still people who deny climate change …..,0,17,84,Top-level,Negative
Ugx0DxZKRPyemJdduOR4AaABAg,"It gives me a comfort kinda knowing humans species will prob all be gone in maybe 5000 years, we didn’t exist for a lomg time compared to the universe and earth, and it’s good we’re gone we mever helped earth that was so kind to have us",@2manswhen,0,1 bulan lalu,False,"It gives me a comfort kinda knowing humans species will prob all be gone in maybe 5000 years, we didn’t exist for a lomg time compared to the universe and earth, and it’s good we’re gone we mever helped earth that was so kind to have us",0,47,236,Top-level,Positive
UgxInbhpX1CJQ10Tr0d4AaABAg,maldita seaaaaaaaaaaaaaaaaaaaaaaaaaaaaaaaaaaaaaaaaaaaaa soy de perú,@otrogatoo329,0,2 bulan lalu,False,maldita seaaaaaaaaaaaaaaaaaaaaaaaaaaaaaaaaaaaaaaaaaaaaa soy de perú,0,5,67,Top-level,Neutral
Ugw370uPLqX1440Tv9B4AaABAg,State of that thumbnail,@JohnnyUnitas123,0,2 bulan lalu,False,State of that thumbnail,0,4,23,Top-level,Neutral
Ugyq5WmMAvSVLg-UY5B4AaABAg,"So of all the foods in the world, chocolate deserved mentioning as one of the foods to be affected. Seriously chocolate BBC. Oh i see it has a lot of nutritional value and is widely consumed as an everyday source of food..REALLY!!! Queen Antoinette!@!",@strippeddonkey,0,2 bulan lalu,False,"So of all the foods in the world, chocolate deserved mentioning as one of the foods to be affected. Seriously chocolate BBC. Oh i see it has a lot of nutritional value and is widely consumed as an everyday source of food..REALLY!!! Queen Antoinette!@!",0,44,251,Top-level,Negative
Ugxa4QNAvlrdupGf8gx4AaABAg,Fertiliser prices are going up due to the effects of El Nino??  I thought that was to do with the Strait of Hormuz being blocked due to the war !,@GaryGSF,0,2 bulan lalu,False,Fertiliser prices are going up due to the effects of El Nino?? I thought that was to do with the Strait of Hormuz being blocked due to the war !,0,30,144,Top-level,Negative
UgwJbHDFARUGk6PM-gt4AaABAg,"Ok, so let me get this straight....this may mean higher temperatures or not....more rainfall or not, higher level of drought or not....so it means everything or not!",@Kenny-df3gm,0,1 bulan lalu,False,"Ok, so let me get this straight....this may mean higher temperatures or not....more rainfall or not, higher level of drought or not....so it means everything or not!",0,27,165,Top-level,Positive
Ugxx4XPtLrUtLvYwevV4AaABAg,OR NOT !,@Ligertwood2,0,2 bulan lalu,False,OR NOT !,0,3,8,Top-level,Neutral
Ugy5yJQy1ovovQMIJtR4AaABAg,Im sure that the world governments efforts at weather modification can only be helping matters,@Schmeepschenstein,0,2 bulan lalu,False,Im sure that the world governments efforts at weather modification can only be helping matters,0,15,94,Top-level,Positive
UgxT1Yv5PJ-DjsFbhsN4AaABAg,😞🚨 an acre of soil dies every second. 52% of agricultural soils are already degraded. Save Soil,@rohan63588,1,1 bulan lalu,False,😞🚨 an acre of soil dies every second. 52% of agricultural soils are already degraded. Save Soil,1,17,95,Top-level,Neutral
UgzWWTI--bXwJP1OIOl4AaABAg,Not me thinking of Fernando Torres,@haileleulgirma1087,0,2 bulan lalu,False,Not me thinking of Fernando Torres,0,6,34,Top-level,Neutral
Ugz_axgWoqYaihHxs3N4AaABAg,Well in Hawaii we’ll wait & see…,@kalimon8155,0,2 bulan lalu,False,Well in Hawaii we’ll wait & see…,0,7,32,Top-level,Neutral
Ugytm9oqJG1ksbeH6J94AaABAg,I heard this happened back in 1877 and millions of people died from it?,@michaeljduggan4816,1,2 bulan lalu,False,I heard this happened back in 1877 and millions of people died from it?,1,14,71,Top-level,Neutral
UgzDsDd03gs_SKitM1x4AaABAg,"The long term forecast for Canada and the USA is that the Fall and winter will be mild.
The head lines used by BBC are dramatic, where does the line fall between fearful attention seeking and the true effects.",@peterdavies1238,0,2 bulan lalu,False,"The long term forecast for Canada and the USA is that the Fall and winter will be mild. The head lines used by BBC are dramatic, where does the line fall between fearful attention seeking and the true effects.",0,39,209,Top-level,Negative
UgxJ0BAVA7SzyGHO1O94AaABAg,"With how much we are disregarding our climate's health, the need for a extreme weather-resistant food supply is ever increasing. Hoping the world starts to embrace genetic modification of crops for a safe and secure society.",@adonutplaysgames,0,2 bulan lalu,False,"With how much we are disregarding our climate's health, the need for a extreme weather-resistant food supply is ever increasing. Hoping the world starts to embrace genetic modification of crops for a safe and secure society.",0,36,224,Top-level,Positive
UgwLf9mfM8weUJxjMMJ4AaABAg,If only their was a WEF set up to help guide the world through such events.,@MarcSpector-MoonKnight,0,2 bulan lalu,False,If only their was a WEF set up to help guide the world through such events.,0,16,75,Top-level,Neutral
Ugy1JNRZgw9rPxditfB4AaABAg,"""Hottest summer ever,followed by the coldest winter ever ...............annual newspaper forecast in UK !",@nicholasholmes-siedle5119,0,2 bulan lalu,False,"""Hottest summer ever,followed by the coldest winter ever ...............annual newspaper forecast in UK !",0,14,105,Top-level,Neutral
Ugwo8eWvdoNAUXqHJll4AaABAg,Don't worry Ed Milliband has a plan.,@ukman9797,0,2 bulan lalu,False,Don't worry Ed Milliband has a plan.,0,7,36,Top-level,Neutral
UgyZ0i-kq9rT5r5E99t4AaABAg,Bring on the heat please to the UK sick of the bloody cold cloudy so called summers we usually have,@thumpertoon76,0,2 bulan lalu,False,Bring on the heat please to the UK sick of the bloody cold cloudy so called summers we usually have,0,20,99,Top-level,Negative
UgzWWTI--bXwJP1OIOl4AaABAg.AXHWxrUmYibAXKbt5dfKI4,😂,@Jackbnufc2000,0,2 bulan lalu,True,😂,0,1,1,Reply,Neutral
UgzYyRsZbLQbWgY2i8J4AaABAg,"The Correction

The room was neither large nor small. It was the kind of room that didn’t need to be either.

No windows. Good coffee. A projector humming quietly against a pull-down screen that nobody had pulled down.

“The models converged in January.” He didn’t stand. Men like this stopped needing to stand a long time ago. “Two-thirds non-viable by 2041. That’s the floor, not the ceiling.”

Someone turned a page. The sound was very loud.

“Greenland is operational. New Zealand fully committed. The Chilean stations are ahead of schedule, which is the first good news I’ve had this quarter.” A brief, genuine smile. “Water tables, growing season projections, protein yield. All in the appendix. I won’t insult you by walking through it.”

“The remainder.” A voice from somewhere left of centre. Not a question exactly.

“The remainder adapt or they don’t. Historically enough of them do to maintain function. The debt architecture keeps them oriented in the interim. Productive, even. They’re not idle, they’re just not relevant to this particular conversation.”

Nobody wrote that down. Nobody needed to.

“We looked at harder interventions. Thoroughly, seriously, without sentiment.” He turned his coffee cup slowly on the table. “The bomb was always a dead end. Literally. You cannot curate a future from a crater. The biological programmes had promise but they leak. They’re visible. They generate exactly the kind of noise that makes the next forty years harder.”

He paused.

“This requires nothing from us. Not a decision, not a trigger, not a directive. The planet has been building to this correction for half a century. We didn’t architect it. We simply reached the point, earlier than most, where pretending otherwise became an inefficient use of everyone’s time.”

The hum of the projector.

“Greenland didn’t come cheap. Neither did the modelling, the real estate, the silence of certain people in certain positions.” He looked up for the first time. “But compared to the alternative, compared to riding it out in the same boat as everyone else and calling that moral, I think we made the rational choice.”

A long quiet.

“The ones who matter are already inside the window. The ones outside it.” A small pause, almost delicate. “They’ll have other things to think about.”

He closed the laptop with both hands, slowly, like something ceremonial.

“That’s the meeting. Leave the appendix.”",@4KALTITUNED,0,2 bulan lalu,False,"The Correction The room was neither large nor small. It was the kind of room that didn’t need to be either. No windows. Good coffee. A projector humming quietly against a pull-down screen that nobody had pulled down. “The models converged in January.” He didn’t stand. Men like this stopped needing to stand a long time ago. “Two-thirds non-viable by 2041. That’s the floor, not the ceiling.” Someone turned a page. The sound was very loud. “Greenland is operational. New Zealand fully committed. The Chilean stations are ahead of schedule, which is the first good news I’ve had this quarter.” A brief, genuine smile. “Water tables, growing season projections, protein yield. All in the appendix. I won’t insult you by walking through it.” “The remainder.” A voice from somewhere left of centre. Not a question exactly. “The remainder adapt or they don’t. Historically enough of them do to maintain function. The debt architecture keeps them oriented in the interim. Productive, even. They’re not idle, they’re just not relevant to this particular conversation.” Nobody wrote that down. Nobody needed to. “We looked at harder interventions. Thoroughly, seriously, without sentiment.” He turned his coffee cup slowly on the table. “The bomb was always a dead end. Literally. You cannot curate a future from a crater. The biological programmes had promise but they leak. They’re visible. They generate exactly the kind of noise that makes the next forty years harder.” He paused. “This requires nothing from us. Not a decision, not a trigger, not a directive. The planet has been building to this correction for half a century. We didn’t architect it. We simply reached the point, earlier than most, where pretending otherwise became an inefficient use of everyone’s time.” The hum of the projector. “Greenland didn’t come cheap. Neither did the modelling, the real estate, the silence of certain people in certain positions.” He looked up for the first time. “But compared to the alternative, compared to riding it out in the same boat as everyone else and calling that moral, I think we made the rational choice.” A long quiet. “The ones who matter are already inside the window. The ones outside it.” A small pause, almost delicate. “They’ll have other things to think about.” He closed the laptop with both hands, slowly, like something ceremonial. “That’s the meeting. Leave the appendix.”",0,391,2392,Top-level,Positive
UgwFELZ_oMDS0yREIWN4AaABAg,as we are distracted by money and politics things will go down hill😢,@lindastevens6861,0,2 bulan lalu,False,as we are distracted by money and politics things will go down hill😢,0,13,68,Top-level,Negative
Ugxth67V1sTGJMURmf94AaABAg,this video caused emocional stress . He doesnt evidence of predictable ways.,@Maxwell-mv9rx,0,2 bulan lalu,False,this video caused emocional stress . He doesnt evidence of predictable ways.,0,12,76,Top-level,Negative
UgyvxUOZke2LespTWPd4AaABAg,Bruh what reality am I living in,@boelboel8840,0,2 bulan lalu,False,Bruh what reality am I living in,0,7,32,Top-level,Neutral
Ugy2FH7RpREfoGgpFm14AaABAg,I've heard that 2027 is going to be significantly worse.,@matthewhardwick8208,0,2 bulan lalu,False,I've heard that 2027 is going to be significantly worse.,0,10,56,Top-level,Negative
UgyppjZ8-n_sbJLc_E54AaABAg,ie: we don’t know wtf will happen,@Chakratracker,0,2 bulan lalu,False,ie: we don’t know wtf will happen,0,7,33,Top-level,Negative
UgyFT0_9FqOhyFrxKRh4AaABAg,When does it stop being an El Nino and start becoming the new normal?,@jonathanrhall43,0,2 bulan lalu,False,When does it stop being an El Nino and start becoming the new normal?,0,14,69,Top-level,Positive
UgyDQFifvc33_C-LJgV4AaABAg,Sure he just signed for Arsenal?,@daredwings4,0,2 bulan lalu,False,Sure he just signed for Arsenal?,0,6,32,Top-level,Positive
UgywlPRlUsrAZSDxE8h4AaABAg,cause by data centers,@GGEZWPlol,0,2 bulan lalu,False,cause by data centers,0,4,21,Top-level,Neutral
Ugy54S6UOQcInVSsVlV4AaABAg,No two el nino's are the same...yeah the Torres at Liverpool and the Torres at Chelsea were two totally different players 😆,@retroandy4,0,2 bulan lalu,False,No two el nino's are the same...yeah the Torres at Liverpool and the Torres at Chelsea were two totally different players 😆,0,22,123,Top-level,Neutral
UgxpJcclAnWrIpObW3p4AaABAg,Earth doing what it has done for eons.,@PissedPatriot0311,0,2 bulan lalu,False,Earth doing what it has done for eons.,0,8,38,Top-level,Neutral
Ugz_640ZpV4HhZQZqUh4AaABAg,OOHH my the earth doing what the earth does. Has been happening for millions of years.,@cish960,0,2 bulan lalu,False,OOHH my the earth doing what the earth does. Has been happening for millions of years.,0,16,86,Top-level,Neutral
UgyLxTTT3dsYzNbIiw14AaABAg,1:50 SUPERMEGA MENTIONED I LOVE MATT AND RYAN 🤎💙‼️‼️‼️,@thematrix1999fullmovie4k,0,2 bulan lalu,False,1:50 SUPERMEGA MENTIONED I LOVE MATT AND RYAN 🤎💙‼️‼️‼️,0,9,54,Top-level,Positive
UgwpaS3bz751iM45QQN4AaABAg,I would like to point out you guys cannot get the daily weather right,@davidmoore6941,0,2 bulan lalu,False,I would like to point out you guys cannot get the daily weather right,0,14,69,Top-level,Positive
Ugz0nQvIZnw-sNmygCd4AaABAg,"Glad that the UN could jump in...que disent les spécialistes en plus de vous que ces hausses de temperatures augmentent la couche terrestre au point de faire fondre la glace aux pôles, inversion prononcée du magnétisme terrestre, timeline courbées, interaction entre divers réalités dimensionnelles?",@aichacoulibaly7808,0,2 bulan lalu,False,"Glad that the UN could jump in...que disent les spécialistes en plus de vous que ces hausses de temperatures augmentent la couche terrestre au point de faire fondre la glace aux pôles, inversion prononcée du magnétisme terrestre, timeline courbées, interaction entre divers réalités dimensionnelles?",0,44,299,Top-level,Positive
UgyRnZiS9-iYPyDIigF4AaABAg,"Here we go again - let’s see how red we can get our maps, hey let’s give it a name, and finally, let’s make an over dramatic presentations. Since the late 1970’s weve been told the end of the world is nigh",@nua63,1,2 bulan lalu,False,"Here we go again - let’s see how red we can get our maps, hey let’s give it a name, and finally, let’s make an over dramatic presentations. Since the late 1970’s weve been told the end of the world is nigh",1,42,205,Top-level,Negative
UgycbXjcNXwHH8y3UYJ4AaABAg,Zoolander 2 reference.,@Based_Brit,0,2 bulan lalu,False,Zoolander 2 reference.,0,3,22,Top-level,Neutral
UgwvXNyvh4h170sKp0F4AaABAg,Who is el nino ???,@nikyankee1080,0,2 bulan lalu,False,Who is el nino ???,0,5,18,Top-level,Neutral
Ugxa8GBFFVud7sDBGCB4AaABAg,El Nino/La Nina forecasts over the last 10 years have been woefully inaccurate.,@ivanf6938,0,2 bulan lalu,False,El Nino/La Nina forecasts over the last 10 years have been woefully inaccurate.,0,13,79,Top-level,Neutral
UgwwrR3MuH6oxgWqfOt4AaABAg,Shocking that this isn’t affecting us much in Iraq,@AzaJabar,0,2 bulan lalu,False,Shocking that this isn’t affecting us much in Iraq,0,9,50,Top-level,Negative
Ugzl7QG1m-l1kwLXuiB4AaABAg,Fernando Torres Winter is Coming.,@smellfungus87,0,2 bulan lalu,False,Fernando Torres Winter is Coming.,0,5,33,Top-level,Neutral
Ugx-4FylS-03vkKv5Nl4AaABAg,Jordi,@AlmightyChastor,0,2 bulan lalu,False,Jordi,0,1,5,Top-level,Neutral
UgxFHNjoYrOlI14OgPt4AaABAg,What's on after this Art Attack? Ah the 90's,@dk92uk,0,2 bulan lalu,False,What's on after this Art Attack? Ah the 90's,0,9,44,Top-level,Neutral
Ugz0chvObHzZ6zx7ywF4AaABAg,"So, the El Nino temperature was higher in 1877, but it is 'unprecedented' now? Oh. OK ...... 🤪",@ChrisMacdonald-ns8rx,0,2 bulan lalu,False,"So, the El Nino temperature was higher in 1877, but it is 'unprecedented' now? Oh. OK ...... 🤪",0,18,94,Top-level,Positive
Ugzn_71ehFZLfrdcLlt4AaABAg,I'm scared,@Purpleblastt,0,2 bulan lalu,False,I'm scared,0,2,10,Top-level,Neutral
UgwNjcIl1ayWk0nP4bR4AaABAg,"A very simple explanation for why the global climate is changing rapidly is that it can be blamed on certain countries that release large amounts of carbon in just a short period of time. These are the countries involved in wars, and the bombs they detonate release emissions into the atmosphere, which causes rapid global warming.",@georgelopera6290,0,2 bulan lalu,False,"A very simple explanation for why the global climate is changing rapidly is that it can be blamed on certain countries that release large amounts of carbon in just a short period of time. These are the countries involved in wars, and the bombs they detonate release emissions into the atmosphere, which causes rapid global warming.",0,56,331,Top-level,Positive
UgxM7LqW86cE51FuXn54AaABAg,"“It’s pretty easy to survive this, just don’t live in the affected areas.” -billionaires",@ClariNerd,0,2 bulan lalu,False,"“It’s pretty easy to survive this, just don’t live in the affected areas.” -billionaires",0,14,88,Top-level,Positive
UgwfhPnDjc1FDSlYT8N4AaABAg,Well no one listened to Eurpope when they said the Climate is in agony.,@iamcampo9712,0,2 bulan lalu,False,Well no one listened to Eurpope when they said the Climate is in agony.,0,14,71,Top-level,Neutral
Ugx7BSYbNIhTAZt2fXh4AaABAg,"Welp, rip my country💀",@rento1192,0,2 bulan lalu,False,"Welp, rip my country💀",0,4,21,Top-level,Neutral
UgyvdTGeqKZ7Z7hNQR94AaABAg,"Bring these heat waves to the UK. This monster storm could get the temp up to at least 24c, bring it!",@kjeksklaus7944,0,2 bulan lalu,False,"Bring these heat waves to the UK. This monster storm could get the temp up to at least 24c, bring it!",0,21,101,Top-level,Negative
UgxfiAQTt5l3d-p7Q-R4AaABAg,4:00 did he just call the Caribbean a part of Africa?😂,@calvinmagezi4629,0,2 bulan lalu,False,4:00 did he just call the Caribbean a part of Africa?😂,0,11,54,Top-level,Neutral
UgxqhdV3VEaxlyEo0Ll4AaABAg,"But no one is talking about how projects like ""dimming the sun"" is making days more humid and hotter, care to comment bbc?",@magicalcraftman8986,0,2 bulan lalu,False,"But no one is talking about how projects like ""dimming the sun"" is making days more humid and hotter, care to comment bbc?",0,23,122,Top-level,Positive
UgxC1famPiKdx2-Cku54AaABAg,"This year, warmest year on record, next few years, warmest year on record again, a few years later, warmest year on record again. Its not going to get better any time soon.",@Zilron38,0,1 bulan lalu,False,"This year, warmest year on record, next few years, warmest year on record again, a few years later, warmest year on record again. Its not going to get better any time soon.",0,32,172,Top-level,Neutral
UgwBcDMVcKAd3A6VOkd4AaABAg,So far the Super El Niño is a Super Disappointment. Drier than an average year so far. At least here in the desert Southwest.,@electrician2001,0,1 bulan lalu,False,So far the Super El Niño is a Super Disappointment. Drier than an average year so far. At least here in the desert Southwest.,0,24,125,Top-level,Neutral
Ugzjfg_SPxnIpw6lyUZ4AaABAg,Mankind needs to cease weather modification 🤨,@atenxra4457,0,2 bulan lalu,False,Mankind needs to cease weather modification 🤨,0,7,45,Top-level,Neutral
UgybSXStXLoiDVvUoQV4AaABAg,"Winter is coming ❌
El niño is coming ✅",@ParaSiteNwb,0,2 bulan lalu,False,Winter is coming ❌ El niño is coming ✅,0,9,38,Top-level,Neutral
UgxfM7S4TopJfnpBaMx4AaABAg,Ai data center needs to cooldown and use water. Water evaporation increase day by day and become weather unstable. ChatGPT said milllion of litre of water evaporate everyday for Ai,@jampDave-n7n,0,2 bulan lalu,False,Ai data center needs to cooldown and use water. Water evaporation increase day by day and become weather unstable. ChatGPT said milllion of litre of water evaporate everyday for Ai,0,30,180,Top-level,Negative
UgzCjnoEdSw9Twdvn8J4AaABAg,"This is not a BBC prediction. It is not a news outlet prediction. It is a scientific prediction resulting from decades of following sea and ocean surface and subsurface temperatures, seasonal patterns, cliamtic and wind patterns across the world, by multiple scientific and weather agencies.
The news agencies are only just now picking it up. Anyone with genuine curiosity has been aware for months.",@r.1599,0,2 bulan lalu,False,"This is not a BBC prediction. It is not a news outlet prediction. It is a scientific prediction resulting from decades of following sea and ocean surface and subsurface temperatures, seasonal patterns, cliamtic and wind patterns across the world, by multiple scientific and weather agencies. The news agencies are only just now picking it up. Anyone with genuine curiosity has been aware for months.",0,64,399,Top-level,Positive
UgztUWaHDdSvOLypDsB4AaABAg,No Nevin of the UK at all,@Alberts_Stuff,0,2 bulan lalu,False,No Nevin of the UK at all,0,7,25,Top-level,Neutral
Ugw9KyiKccjI_NFJdXd4AaABAg,EL NINO IS LITERALLY THE TRANSLATION FOR THE CHRIST CHILD,@oliwilde1033,0,2 bulan lalu,False,EL NINO IS LITERALLY THE TRANSLATION FOR THE CHRIST CHILD,0,10,57,Top-level,Neutral
UgxBDbnxQ17O4aDVI5R4AaABAg,Uk gets two days of this heat 😂 back to 16c and rain for 7 days straight🙄🙄🙄😂😂😂 wish the uk was 500 miles more south and we would have better summers,@chris33920,0,2 bulan lalu (diedit),False,Uk gets two days of this heat 😂 back to 16c and rain for 7 days straight🙄🙄🙄😂😂😂 wish the uk was 500 miles more south and we would have better summers,0,31,148,Top-level,Positive
UgxYqTULFmaJPdK1VYx4AaABAg,"Why is is called ""The Boy"" though  😭",@TheRealBeneee,0,2 bulan lalu,False,"Why is is called ""The Boy"" though 😭",0,8,35,Top-level,Neutral
UgxGiLWq0VX-FSeDeuR4AaABAg,El Jesus since is named after baby Jesus because it takes place in december,@MatiasCarpio0007,0,2 bulan lalu,False,El Jesus since is named after baby Jesus because it takes place in december,0,14,75,Top-level,Neutral
UgyylYdicufs58sQj7d4AaABAg,We had an El Nino very strong already a few times so please stop fear mongering,@elsaenslin4229,0,2 bulan lalu,False,We had an El Nino very strong already a few times so please stop fear mongering,0,16,79,Top-level,Positive
UgxkSoNGWrNdkE46Slt4AaABAg,Start gradually stocking your staple food supplies. Prices are about to rocket and you don't want to be one of the ones to FOMO into these necessities when world supplies start shrinking!! Just shell out a few more dollars on dried/canned foods rather than buying that overpriced coffee.,@mr.goldfarmer4883,0,2 bulan lalu,False,Start gradually stocking your staple food supplies. Prices are about to rocket and you don't want to be one of the ones to FOMO into these necessities when world supplies start shrinking!! Just shell out a few more dollars on dried/canned foods rather than buying that overpriced coffee.,0,48,287,Top-level,Positive
UgyzY23y1XaDHrBuuJ14AaABAg,"so iran war, hantavirus, and now super weather any thing else i should be stocking up for? zombies?",@ChronicSneeze,1,2 bulan lalu,False,"so iran war, hantavirus, and now super weather any thing else i should be stocking up for? zombies?",1,18,99,Top-level,Positive
Ugy2dwu3IOMeOC_lNKl4AaABAg,So... I guess the Hantaviruses is not spreading enough...?,@raigokutsar5886,0,2 bulan lalu,False,So... I guess the Hantaviruses is not spreading enough...?,0,9,58,Top-level,Neutral
UgyxgzCMDc868dFdU0p4AaABAg,We've been warned ⚠️,@ThatBigN8V,0,2 bulan lalu,False,We've been warned ⚠️,0,4,20,Top-level,Neutral
UgxmlT8Zi2M31cws0Dp4AaABAg,Cant believe a word the bbc says,@mikefarrell9659,0,2 bulan lalu,False,Cant believe a word the bbc says,0,7,32,Top-level,Neutral
UgyZXf9lzZbLyoBuT_N4AaABAg,"Bye bye Hormuz , Hola El Niño ! 😅 ☔️ ☀️ ⛈️",@hassan6661594,0,2 bulan lalu,False,"Bye bye Hormuz , Hola El Niño ! 😅 ☔️ ☀️ ⛈️",0,12,42,Top-level,Neutral
Ugz2d3LEr7YlJWIyobx4AaABAg,"5:06 “Sources have told me” 😂 …. Classic BBC, unnamed sources .. so hearsay then 🙄",@SeaDog1-old,1,2 bulan lalu (diedit),False,"5:06 “Sources have told me” 😂 …. Classic BBC, unnamed sources .. so hearsay then 🙄",1,16,82,Top-level,Positive
UgwbFxEXOxiqy8FwABl4AaABAg,My model predicts during all of this Scotland will be ......... Baltic as normal,@gittin_funky,0,2 bulan lalu,False,My model predicts during all of this Scotland will be ......... Baltic as normal,0,14,80,Top-level,Positive
UgyaGuXvv9rvbA8bjal4AaABAg,"Mother, the Earth has done this all its life life will continue. It will take life and give life that is nature.",@LestaDaz61,0,2 bulan lalu,False,"Mother, the Earth has done this all its life life will continue. It will take life and give life that is nature.",0,22,112,Top-level,Neutral
Ugz4TCAitW76Jgt5TBF4AaABAg,Remember that rich people have done this us and are happily avoiding the consequences of their exploitation of our planet while subjecting literally everyone else to it.,@AngelCakes1997,0,2 bulan lalu,False,Remember that rich people have done this us and are happily avoiding the consequences of their exploitation of our planet while subjecting literally everyone else to it.,0,27,169,Top-level,Positive
UgwP3ZxdwpXuWBoL8v14AaABAg,India is boiling right now with almost all cities in the top 50 hottest cities in the world being from India. Some areas reaching or crossing even 50°C 😢🥵,@VoidandVinyl,0,2 bulan lalu (diedit),False,India is boiling right now with almost all cities in the top 50 hottest cities in the world being from India. Some areas reaching or crossing even 50°C 😢🥵,0,29,154,Top-level,Positive
UgzmRkvJlEQuUvJLxaN4AaABAg,"chocolate  😢

NOOOoooooooooo~ !",@Azur_Vita,0,2 bulan lalu,False,chocolate 😢 NOOOoooooooooo~ !,0,4,29,Top-level,Neutral
UgxzkrWEVGznQJY75Sx4AaABAg,El Niño occurs every 5 or so years. The intension behind the sensational language is to generate panic. Provoke the neurotics and whilst they’re blinded with panic you can get all sorts of political moves made.,@gbutler3674,0,2 bulan lalu,False,El Niño occurs every 5 or so years. The intension behind the sensational language is to generate panic. Provoke the neurotics and whilst they’re blinded with panic you can get all sorts of political moves made.,0,36,210,Top-level,Positive
Ugw7jYUUfJLRsUkkpTR4AaABAg,Drought in Georgia 2025 2026...Southern States😮,@spikejones-sz3qv,0,2 bulan lalu,False,Drought in Georgia 2025 2026...Southern States😮,0,6,47,Top-level,Neutral
Ugw9lS2dI_xFCsdUn6B4AaABAg,Indonesia Will become arakis this year,@unheiger4467,1,2 bulan lalu,False,Indonesia Will become arakis this year,1,6,38,Top-level,Neutral
Ugy7v92EYJlPOWO5p-p4AaABAg,Deltarune elnino,@ibaadunitone,0,2 bulan lalu,False,Deltarune elnino,0,2,16,Top-level,Neutral
UgxqfWnYO28CwtwTTQF4AaABAg,Poor people in the UK :(,@l.kennedy6772,0,2 bulan lalu,False,Poor people in the UK :(,0,6,24,Top-level,Negative
UgyZq-lXqTGlCKBH6H54AaABAg,The weather is modified every day,@Alligator699,0,2 bulan lalu,False,The weather is modified every day,0,6,33,Top-level,Neutral
UgwQvgth-zKnlELu5Cx4AaABAg,My nightmare = Hard-hitting El Niño  + reduced fertilizer from the Persian Gulf…,@SilentmanR,0,2 bulan lalu,False,My nightmare = Hard-hitting El Niño + reduced fertilizer from the Persian Gulf…,0,13,79,Top-level,Neutral
Ugwpl4WBc8j0Rzcoc0Z4AaABAg,"As an American, I’m pissed off if chocolate prices go higher how else am I supposed to get fat?",@Nope-ti4ec,0,2 bulan lalu,False,"As an American, I’m pissed off if chocolate prices go higher how else am I supposed to get fat?",0,19,95,Top-level,Positive
UgzZfXmEe73pAhzgVht4AaABAg,Jordi El nino,@swagmanx3,0,2 bulan lalu,False,Jordi El nino,0,3,13,Top-level,Neutral
Ugw33E36ZVe5q3WEcJ94AaABAg,"Where in north atlantic it hits to strike ""US"" the people of Europe",@puplaksis,0,2 bulan lalu,False,"Where in north atlantic it hits to strike ""US"" the people of Europe",0,13,67,Top-level,Neutral
Ugw6YpW9YssL815Xu-t4AaABAg,we should not be wasting money on machines that are water and electricity hungry,@lindastevens6861,0,2 bulan lalu,False,we should not be wasting money on machines that are water and electricity hungry,0,14,80,Top-level,Neutral
UgzDOG1p5rxrfGKIKUR4AaABAg,Science warned that agriculture becomes impossible when yu cannot  predict seasonal weather.,@JaneDoe-yo2be,0,2 bulan lalu,False,Science warned that agriculture becomes impossible when yu cannot predict seasonal weather.,0,12,91,Top-level,Negative
Ugx_dwRYIn0xM34Tu1Z4AaABAg,"No need to book a holiday to get a tan then, just stay at home in the heat 👍🥵",@vtechead1,0,2 bulan lalu,False,"No need to book a holiday to get a tan then, just stay at home in the heat 👍🥵",0,19,77,Top-level,Neutral
Ugx2tR2o7YSWLUIOKdZ4AaABAg,"The end is coming 😢,",@nereuparamorfono1419,0,2 bulan lalu,False,"The end is coming 😢,",0,5,20,Top-level,Neutral
UgzIWCjl60Nstlo2WP54AaABAg,"Such a great example of how the media plays up a non-event to get clicks. I live in California and over the last few decades have seen a half-dozen El Niño (or La Niña, take your pick) advance warnings. And nothing ever happens! By then of course they are warning about the next emergency. Anyone remember the Y2K scare story of 1999?",@merkin_muffley,0,2 bulan lalu,False,"Such a great example of how the media plays up a non-event to get clicks. I live in California and over the last few decades have seen a half-dozen El Niño (or La Niña, take your pick) advance warnings. And nothing ever happens! By then of course they are warning about the next emergency. Anyone remember the Y2K scare story of 1999?",0,62,334,Top-level,Positive
Ugwdc11J1Avn7ukPu9J4AaABAg,it’s official: I hate 2026,@lft3636,0,2 bulan lalu,False,it’s official: I hate 2026,0,5,26,Top-level,Negative
UgyQVlDS-a1H0j7KZdh4AaABAg,Well we should expect that cloud seeding will cause this in the long-term,@WillemVanDerNest,0,2 bulan lalu,False,Well we should expect that cloud seeding will cause this in the long-term,0,13,73,Top-level,Neutral
UgyrhxrKb9kbVR8ctBF4AaABAg,So ronaldo is coming?,@lee7977,0,2 bulan lalu,False,So ronaldo is coming?,0,4,21,Top-level,Neutral
Ugz1fGs_tP4E6AM1Rbt4AaABAg,"If that means I can have my pool up all summer,bring it on,don’t feel guilty,it’s the super rich that causes all this crap,not us.
They have the power to change things,but the money is more important to them than Mother Earth .
She’ll be here long after all of us are dust .",@lovemussb1940,1,2 bulan lalu (diedit),False,"If that means I can have my pool up all summer,bring it on,don’t feel guilty,it’s the super rich that causes all this crap,not us. They have the power to change things,but the money is more important to them than Mother Earth . She’ll be here long after all of us are dust .",1,53,274,Top-level,Positive
UgyxmPQ3nDVKVQ20M-Z4AaABAg,"One thing for sure is that corporations loves it, increase price? Yes please.......:_(",@Follower_Of_The_Onions,0,2 bulan lalu,False,"One thing for sure is that corporations loves it, increase price? Yes please.......:_(",0,13,86,Top-level,Positive
UgyFv2c6jPrbCZMU_rB4AaABAg,I really thought this is gonna be a deep dive.. Its not. Is this just a click bait then?,@imperpekto12ify,0,2 bulan lalu,False,I really thought this is gonna be a deep dive.. Its not. Is this just a click bait then?,0,19,88,Top-level,Positive
UgwyvDTn5bDQ02OY2_R4AaABAg,In other news is just another day on earth,@GTARP247,2,2 bulan lalu,False,In other news is just another day on earth,2,9,42,Top-level,Negative
UgyinR3fPPB-eRiypbl4AaABAg,"Remove the infection,humans",@Rasmajnoon,0,2 bulan lalu,False,"Remove the infection,humans",0,3,27,Top-level,Neutral
UgzXJ5C5bOeyBMgbEAV4AaABAg,"It's called elmeo, ✝️",@Rick-ie1ti,1,2 bulan lalu,False,"It's called elmeo, ✝️",1,4,21,Top-level,Neutral
UgyQVlDS-a1H0j7KZdh4AaABAg.AWwVyGZ6gLDAWwY5fnz2Er,"Yeah deforestation and burning fossil fuels for 200 years has no impact, sure dude.",@jameshoulihan4313,0,2 bulan lalu,True,"Yeah deforestation and burning fossil fuels for 200 years has no impact, sure dude.",0,14,83,Reply,Positive
UgyinR3fPPB-eRiypbl4AaABAg.AWv1xsJ_JcGAWv2li28I48,Why do you think El Nino will kill off humans?,@kmoses582,0,2 bulan lalu,True,Why do you think El Nino will kill off humans?,0,10,46,Reply,Neutral
UgwyA1H7A8TIT3bOuhZ4AaABAg,I blame the corporations and constant deforestation for this weather.,@moavocadoroll,0,2 bulan lalu,False,I blame the corporations and constant deforestation for this weather.,0,10,69,Top-level,Neutral
UgyGPFyaTEbxiJd8A0t4AaABAg,You mean electromagnetic solar flares.,@lordbrennanofsealand5772,0,2 bulan lalu,False,You mean electromagnetic solar flares.,0,5,38,Top-level,Negative
UgxmY1ArDXIQCWRo3pp4AaABAg,More rain for California is needed give us  15-20 inches it'll be great,@jamesbennett3849,0,2 bulan lalu,False,More rain for California is needed give us 15-20 inches it'll be great,0,13,70,Top-level,Positive
Ugw_P34SidspJNl-a314AaABAg,Oh no…….the end is nigh…….again !,@johnmartin4650,0,2 bulan lalu,False,Oh no…….the end is nigh…….again !,0,6,33,Top-level,Neutral
UgzM58Fx-lIXUVhkKPJ4AaABAg,So i should just ignore my credit card bill,@tomlantis,0,2 bulan lalu,False,So i should just ignore my credit card bill,0,9,43,Top-level,Neutral
UgyAiV98ISzaTdcqXRN4AaABAg,"people acting like if we dont change our carbon footprint, the world will end up looking like mars-",@The_One_Who_Is_Many,0,2 bulan lalu,False,"people acting like if we dont change our carbon footprint, the world will end up looking like mars-",0,18,99,Top-level,Neutral
UgzA-emROB5Vwtw15L54AaABAg,DON'T PANIC !!!! DON'T PANIC !!!!!!,@davidhall7648,0,2 bulan lalu,False,DON'T PANIC !!!! DON'T PANIC !!!!!!,0,6,35,Top-level,Neutral
UgxDzEIVgBPnQJpMSkV4AaABAg,I like godzilla,@jefffalco587,0,2 minggu lalu,False,I like godzilla,0,3,15,Top-level,Neutral
UgyU8oEpYm_sJh1cX4d4AaABAg,Man said El Nino 😂,@Tajalewisofficial,0,2 bulan lalu,False,Man said El Nino 😂,0,5,18,Top-level,Neutral
UgzY3V8ZcEGSle0wzZd4AaABAg,"The end of the world ain’t that far , why won’t they just say the truth….",@Hostile6940,1,2 bulan lalu,False,"The end of the world ain’t that far , why won’t they just say the truth….",1,16,73,Top-level,Positive
UgxFDk5TmV6lXjd5uwt4AaABAg,I nearly watched this video then realised it was BBC. More truth in cartoons.,@HenryH12,0,2 bulan lalu,False,I nearly watched this video then realised it was BBC. More truth in cartoons.,0,14,77,Top-level,Positive
Ugwbqbi-4k75keeogiB4AaABAg,Another 8 month Lockdown could help in avoiding this catastrophe.,@Liemel,0,2 bulan lalu (diedit),False,Another 8 month Lockdown could help in avoiding this catastrophe.,0,10,65,Top-level,Neutral
UgwJPz2fWJ32NZJV5_p4AaABAg,"More catastrophic forecasts to share with the world. Even here in Quebec, the weather has become a subject of catastrophe when there's nothing to worry about. Sometimes they predict crazy winds and ultra-violent storms, and then none of that happens. However, for several days, people were scared and stayed indoors because the forecast predicted disasters. It's become ridiculous.",@fauteux744,0,2 bulan lalu,False,"More catastrophic forecasts to share with the world. Even here in Quebec, the weather has become a subject of catastrophe when there's nothing to worry about. Sometimes they predict crazy winds and ultra-violent storms, and then none of that happens. However, for several days, people were scared and stayed indoors because the forecast predicted disasters. It's become ridiculous.",0,58,381,Top-level,Negative
Ugw-oZ1kJHTKj8i2VJR4AaABAg,2027 - end of world....hell yeah,@RohitSingh-mi3uv,0,2 bulan lalu,False,2027 - end of world....hell yeah,0,6,32,Top-level,Neutral
Ugyp13gLRwCHSleTvO14AaABAg,I mean scientists warned us before but and they got arrested during protest until they just gave up 🤷,@Alfonieee,0,2 bulan lalu,False,I mean scientists warned us before but and they got arrested during protest until they just gave up 🤷,0,19,101,Top-level,Negative
Ugwrpa54R-8y75Grr7N4AaABAg,Wired witch video,@SuperGoldenv,0,2 bulan lalu,False,Wired witch video,0,3,17,Top-level,Neutral
UgxkdoEJsMBly_q2_Z94AaABAg,When all media tries to milk this type of news you know it's probably a big nothing burger.,@amendex,0,2 bulan lalu,False,When all media tries to milk this type of news you know it's probably a big nothing burger.,0,18,91,Top-level,Neutral
UgxU4YDjjysnVGcpwSV4AaABAg,"There were severe droughts in Africa specifically Ethiopia and the “Caribbean”?

How can you trust BBC when they don’t know the difference between African continents and the Caribbean?😅",@aubreyblackfaceadidon7684,1,2 bulan lalu,False,There were severe droughts in Africa specifically Ethiopia and the “Caribbean”? How can you trust BBC when they don’t know the difference between African continents and the Caribbean?😅,1,28,184,Top-level,Neutral
UgzvWoVqxZOgAQux7SZ4AaABAg,"""Industrial society and its future"" & ""Limits to growth"".... give them a good long read.",@Phantomview-k9q,0,2 bulan lalu,False,"""Industrial society and its future"" & ""Limits to growth"".... give them a good long read.",0,15,88,Top-level,Positive
Ugz05lR5wYfgfAmEfOF4AaABAg,Torres causing havoc,@Ldaiboi,0,2 bulan lalu,False,Torres causing havoc,0,3,20,Top-level,Neutral
Ugyym4Mh45AVe-Mh1554AaABAg,"WORLD CLIMATOLOGISTS SAY 68 COUNTRIES WILL SET ALL TIME EXTREME HEAT TEMPS IN THE NEXT 4-5 MONTHS . AUSTRALIA WILL HAVE MASSIVE WILD FIRES IN THEIR WINTER . 

CALIFORNIA WILL HAVE MORE THAN 30-40 MASSIVE UNCONTROLLABLE WILD FIRES SO WILL INDONESIA GREECE AND RUSSIA.",@kodyadams5561,1,2 bulan lalu (diedit),False,WORLD CLIMATOLOGISTS SAY 68 COUNTRIES WILL SET ALL TIME EXTREME HEAT TEMPS IN THE NEXT 4-5 MONTHS . AUSTRALIA WILL HAVE MASSIVE WILD FIRES IN THEIR WINTER . CALIFORNIA WILL HAVE MORE THAN 30-40 MASSIVE UNCONTROLLABLE WILD FIRES SO WILL INDONESIA GREECE AND RUSSIA.,1,44,264,Top-level,Positive
UgwsagienFpSUftjqR94AaABAg,The Caribbean…is not…in Africa…,@TriniTrent,0,2 bulan lalu,False,The Caribbean…is not…in Africa…,0,4,31,Top-level,Neutral
UgwH-viXsv6NL0MP8MF4AaABAg,Are we cooked??,@loonylobo,0,2 bulan lalu,False,Are we cooked??,0,3,15,Top-level,Neutral
UgwMl9aO_Jg6v_fThJt4AaABAg,Its going to be 95 today in Maryland.. not Florida.. Maryland. It's not going to get any better. I think thats why we don't see anymore recycling. They know it doesn't matter,@crb_94,0,2 bulan lalu,False,Its going to be 95 today in Maryland.. not Florida.. Maryland. It's not going to get any better. I think thats why we don't see anymore recycling. They know it doesn't matter,0,32,174,Top-level,Positive
Ugxm2cVaCWABRNtBs354AaABAg,no it's not coming. Don't worry too much. live a little.,@EmanuelFuchs,0,2 bulan lalu,False,no it's not coming. Don't worry too much. live a little.,0,11,56,Top-level,Neutral
Ugx4ECQfML2lub4Cckl4AaABAg,Hence the Bunker Building!,@patscott2577,0,2 bulan lalu,False,Hence the Bunker Building!,0,4,26,Top-level,Neutral
UgwwcOFlwNW5xxhlISB4AaABAg,1871 SUPER ELÑINO MILLION DEATHS WORLDWIDE 🌎🌎🌎🔥🔥🔥😱😱😱,@NemerBulandres,0,2 bulan lalu,False,1871 SUPER ELÑINO MILLION DEATHS WORLDWIDE 🌎🌎🌎🔥🔥🔥😱😱😱,0,7,52,Top-level,Positive
UgxUgwaZ-AvhLpeh_KV4AaABAg,BBC Just cant stop Doomposting,@FUN_GUY,0,2 bulan lalu,False,BBC Just cant stop Doomposting,0,5,30,Top-level,Neutral
UgxW4o5MDilWcY-jDpZ4AaABAg,Oh no!!!! Just like I heard the ice caps would be melted by the year 2000! Just like I heard the Ozone layer would be gone by 1980! Just like I heard Global Warming would eliminate winter weather! 🙄🙄🙄,@Stevieb1965,0,7 jam lalu,False,Oh no!!!! Just like I heard the ice caps would be melted by the year 2000! Just like I heard the Ozone layer would be gone by 1980! Just like I heard Global Warming would eliminate winter weather! 🙄🙄🙄,0,39,200,Top-level,Neutral
Ugx0AaZhXOfWyL-OEfx4AaABAg,Uk / Ireland finds another reason for poor weather 🌦️,@dsdsdsds88888,0,2 bulan lalu,False,Uk / Ireland finds another reason for poor weather 🌦️,0,10,53,Top-level,Negative
UgzLZH916UVNSpZbmkd4AaABAg,Chocolate got more expensive because dry weather affected the coca harvests? Really?,@tbutterworth1692,0,2 bulan lalu,False,Chocolate got more expensive because dry weather affected the coca harvests? Really?,0,12,84,Top-level,Neutral
UgweE1FwGJ5ezXsgAzJ4AaABAg,Wow. The BBC not being racist for once,@jameskeelinggaming2319,0,2 bulan lalu,False,Wow. The BBC not being racist for once,0,8,38,Top-level,Positive
UgyskyOtTUdHZim7G4N4AaABAg,Still pushing the “ were all doomed “ climate bollocks ffs .,@sggibson62,1,2 bulan lalu,False,Still pushing the “ were all doomed “ climate bollocks ffs .,1,12,60,Top-level,Neutral
UgyVq8tZgrXPxof7wo14AaABAg,Oh noooo a super El Niño 😂. Are we just making up names now?,@RotNcroch,0,2 bulan lalu,False,Oh noooo a super El Niño 😂. Are we just making up names now?,0,14,60,Top-level,Positive
UgyUk_sWZkZxuVwmxi54AaABAg,Oh 3 degrees lovely change from the poison streaks producing sun coverage! Tan top up whoop 😂,@MaJiKz-_-73,0,2 bulan lalu,False,Oh 3 degrees lovely change from the poison streaks producing sun coverage! Tan top up whoop 😂,0,17,93,Top-level,Positive
UgxpzdHZMNNFzus_sjN4AaABAg,Humans are the cause nothing else,@punisheractual-e8x,0,2 bulan lalu,False,Humans are the cause nothing else,0,6,33,Top-level,Neutral
UgwI4nR_Pvnn-DKqf9R4AaABAg,Ethiopia and the caribbean cause they are so close together,@qwertiepie,0,2 bulan lalu,False,Ethiopia and the caribbean cause they are so close together,0,10,59,Top-level,Neutral
UgyULBVkW_CGp3DNRNR4AaABAg,Is 2026 more worst,@Peace00100,0,2 bulan lalu,False,Is 2026 more worst,0,4,18,Top-level,Negative
UgxwTcI8mZvfAbsdZCp4AaABAg,..repeting the title over and over...,@peterweltweit,0,2 bulan lalu,False,..repeting the title over and over...,0,6,37,Top-level,Neutral
UgxGL1BSDkvnDpW4ELd4AaABAg,Chupappi Munaño’s older brother,@Zeettkay,0,2 bulan lalu,False,Chupappi Munaño’s older brother,0,4,31,Top-level,Positive
Ugyym4Mh45AVe-Mh1554AaABAg.AWv4iVhaqTsAWv5891gV2k,world record high temperature was set in 1913,@kmoses582,0,2 bulan lalu,True,world record high temperature was set in 1913,0,8,45,Reply,Positive
Ugyym4Mh45AVe-Mh1554AaABAg.AWv4iVhaqTsAWv5rQBlcgN," @kmoses582 THAT RECORD WAS SET ON JULY 13 1913 OF 134.2 F  IN DEATH VALLEY CALIFORNIA USA , 
IT WAS NOT A WORLD AVERAGE RECORD TEMP.",@kodyadams5561,1,2 bulan lalu (diedit),True,"@kmoses582 THAT RECORD WAS SET ON JULY 13 1913 OF 134.2 F IN DEATH VALLEY CALIFORNIA USA , IT WAS NOT A WORLD AVERAGE RECORD TEMP.",1,26,130,Reply,Negative
Ugyym4Mh45AVe-Mh1554AaABAg.AWv4iVhaqTsAWv6MJIiJJb, @kodyadams5561  Why do you think I was talking about global average temperatures?,@kmoses582,0,2 bulan lalu,True,@kodyadams5561 Why do you think I was talking about global average temperatures?,0,12,80,Reply,Negative
Ugyym4Mh45AVe-Mh1554AaABAg.AWv4iVhaqTsAWvDFGmjP6J, @kmoses582 WHY BRING IT UP THATS NOT WHAT THIS VIDEO WAS ABOUT .,@kodyadams5561,1,2 bulan lalu,True,@kmoses582 WHY BRING IT UP THATS NOT WHAT THIS VIDEO WAS ABOUT .,1,13,64,Reply,Neutral
Ugyym4Mh45AVe-Mh1554AaABAg.AWv4iVhaqTsAWvXm19aDTE, @kodyadams5561  You said 68 countries will set all time highs,@kmoses582,0,2 bulan lalu,True,@kodyadams5561 You said 68 countries will set all time highs,0,10,60,Reply,Neutral
Ugyym4Mh45AVe-Mh1554AaABAg.AWv4iVhaqTsAWvYdqTr_ea, @kmoses582 I DIDN’T SAY THIS WORLD CLIMATOLOGISTS HAVE SAID THIS  . READ ‘’CAREFULLY’’ IT SAYS EXPERTS .,@kodyadams5561,0,2 bulan lalu (diedit),True,@kmoses582 I DIDN’T SAY THIS WORLD CLIMATOLOGISTS HAVE SAID THIS . READ ‘’CAREFULLY’’ IT SAYS EXPERTS .,0,17,103,Reply,Negative
Ugyym4Mh45AVe-Mh1554AaABAg.AWv4iVhaqTsAWvZLWG5W63, @kodyadams5561  That does not change the fact that you were talking about individual records and not global average.,@kmoses582,0,2 bulan lalu,True,@kodyadams5561 That does not change the fact that you were talking about individual records and not global average.,0,18,115,Reply,Neutral
Ugyx_IwTeXZhBtiHBuZ4AaABAg,"Can I for one just tell El Niño to eff off and come back in say 10 years, we’ve got a few other things on our plate right now.",@MountVicBlue,0,2 bulan lalu,False,"Can I for one just tell El Niño to eff off and come back in say 10 years, we’ve got a few other things on our plate right now.",0,29,126,Top-level,Neutral
Ugw_p6hycbD2wfYaPN54AaABAg,But self taught armed EXPERTS have repeatedly told us that Climate Change is a big fat lie? 😱😱,@lovelywaz,1,2 bulan lalu,False,But self taught armed EXPERTS have repeatedly told us that Climate Change is a big fat lie? 😱😱,1,18,94,Top-level,Neutral
Ugw4UMvvbwgVw-iBseR4AaABAg,Only we are responsible for this,@purbamukherjee4306,0,2 bulan lalu,False,Only we are responsible for this,0,6,32,Top-level,Positive
UgyAH2SirDvJt5KP0kN4AaABAg,"No matter how the big media groups want to hide it, but the reality is that the weather of whole region has changed after destruction of US installations in the Gulf.",@asad-unitedkingdom,0,2 bulan lalu,False,"No matter how the big media groups want to hide it, but the reality is that the weather of whole region has changed after destruction of US installations in the Gulf.",0,31,166,Top-level,Positive
UgyLeBXmxIDSIoscxwd4AaABAg,DANGER! DANGER! DANGER!! 😂,@NicoFliesDenmark,0,2 bulan lalu,False,DANGER! DANGER! DANGER!! 😂,0,4,26,Top-level,Neutral
UgyYAgQ_DtZqtOoGDIh4AaABAg,Did bbc seriously use chat gpt to write this script?,@ChilledFilms,0,2 bulan lalu,False,Did bbc seriously use chat gpt to write this script?,0,10,52,Top-level,Negative
Ugz4dTAx2RwuUF5NqwR4AaABAg,"Typical UK. When the average temperature is set to rise 2.5 degrees, all we get is a colder winter.",@OCDean24,0,2 bulan lalu,False,"Typical UK. When the average temperature is set to rise 2.5 degrees, all we get is a colder winter.",0,19,99,Top-level,Negative
UgyL8v289vIDGVqMzSB4AaABAg,How is this even possible if global warming doesn´t exist?,@GG_AJfan,0,2 bulan lalu,False,How is this even possible if global warming doesn´t exist?,0,10,58,Top-level,Neutral
UgytszekC1B11Ud0Ksd4AaABAg,while this is happening people still believe climate change us purely natural or doesn't even exist.,@LilBlakestein,0,2 bulan lalu,False,while this is happening people still believe climate change us purely natural or doesn't even exist.,0,16,100,Top-level,Positive
UgxPj2ZFseYsShXEpz54AaABAg,Nothing ever happens,@bbqaddict33,0,2 bulan lalu,False,Nothing ever happens,0,3,20,Top-level,Neutral
UgwoK6E8TiDHb7At3IV4AaABAg,not el nino as all ocean temputures are increasing due deep sea volcanos,@alexgundy1120,0,2 bulan lalu,False,not el nino as all ocean temputures are increasing due deep sea volcanos,0,13,72,Top-level,Negative
UgyPilDTyl6LF4TwKDd4AaABAg,Oh well…. Tea up☕️,@AndySmith-p7g,0,2 bulan lalu,False,Oh well…. Tea up☕️,0,4,18,Top-level,Neutral
Ugy7iRMCrMn4NodYM3d4AaABAg,Oh no… not chocolates!!,@andresdavila4500,0,2 bulan lalu,False,Oh no… not chocolates!!,0,4,23,Top-level,Neutral
UgzPM_BHd0xttpuYzwZ4AaABAg,Earth has temperature and killing a virus,@nyamazan-d2k,0,2 bulan lalu,False,Earth has temperature and killing a virus,0,7,41,Top-level,Neutral
Ugxa7ERwefbmguUsH_h4AaABAg,Ah hell nah,@Raptor_Tamer,0,2 bulan lalu,False,Ah hell nah,0,3,11,Top-level,Neutral
UgxSeuZkBwoTocAbwC94AaABAg,Could! go away when you have proof.,@MarionGolbourn,0,2 bulan lalu,False,Could! go away when you have proof.,0,7,35,Top-level,Neutral
Ugxyn9KSkj_EwyECdjd4AaABAg,Aliens data center below the America's continent,@malvarez3611,0,2 bulan lalu,False,Aliens data center below the America's continent,0,7,48,Top-level,Negative
UgyA9zedfzLsbJKMejZ4AaABAg,the only thing that is happening is blocking out the sun and making us all ill and cold resulting in food shortages.,@serenathorne,0,2 bulan lalu,False,the only thing that is happening is blocking out the sun and making us all ill and cold resulting in food shortages.,0,22,116,Top-level,Negative
UgxREq8wzHjRGTyLEeN4AaABAg,"California should prepare for the worst flooding they’ve ever seen. I’m sorry to say this, I know it’s your worst fear, but I’d rather you be afraid and prepared than carefree and unprepared when that disaster hits. Saving as many souls as possible is all that matters",@hera7884,0,2 bulan lalu,False,"California should prepare for the worst flooding they’ve ever seen. I’m sorry to say this, I know it’s your worst fear, but I’d rather you be afraid and prepared than carefree and unprepared when that disaster hits. Saving as many souls as possible is all that matters",0,47,268,Top-level,Negative
UgwT6ODQuKpKeVqos294AaABAg,"Sigh... The only thing left is a giant asteroid stike and Godzilla emerging from the ocean... These two things and our misery is complete.
And somehow, even this seems plausible!",@friedtemper,0,2 bulan lalu (diedit),False,"Sigh... The only thing left is a giant asteroid stike and Godzilla emerging from the ocean... These two things and our misery is complete. And somehow, even this seems plausible!",0,30,178,Top-level,Positive
UgwH4LIvuUyNwt6oRC14AaABAg,Save the chocolate!!!,@Ladyhawk_79jh,0,2 bulan lalu (diedit),False,Save the chocolate!!!,0,3,21,Top-level,Neutral
UgzXCwqOVn7TZGTBpCR4AaABAg,"So weather reports from BBC say major heat wave coming, severe snow coming 😂 make your mind up!",@shanemaugham7420,0,2 bulan lalu,False,"So weather reports from BBC say major heat wave coming, severe snow coming 😂 make your mind up!",0,18,95,Top-level,Positive
Ugz3K3BBU1SKg4f9LdN4AaABAg,Good weed!,@djfreaknique1587,0,2 bulan lalu,False,Good weed!,0,2,10,Top-level,Positive
UgyA_Ft2gfvpP8XE-YJ4AaABAg,The world’s falling apart but somehow the stock markets keep growing. Go figure.,@Ron.xionzre,0,2 bulan lalu,False,The world’s falling apart but somehow the stock markets keep growing. Go figure.,0,13,80,Top-level,Neutral
Ugzm4sLCP-4nlXXEddl4AaABAg,Mother Earth about to nerf the human civilisation by cooking some cat 5 storms,@buttercups2537,0,2 bulan lalu,False,Mother Earth about to nerf the human civilisation by cooking some cat 5 storms,0,14,78,Top-level,Neutral
UgyTL_xVWGtMgEmOOxZ4AaABAg,Endless war and record-breaking fossil fuel consumption will kill us all. We are so fkd.,@ziziroberts8041,0,2 bulan lalu,False,Endless war and record-breaking fossil fuel consumption will kill us all. We are so fkd.,0,15,88,Top-level,Negative
UgzCmNIn8g47MxRdqap4AaABAg,This is keir starmers fault,@Uptowngirlatlantic,0,2 bulan lalu,False,This is keir starmers fault,0,5,27,Top-level,Neutral
Ugx_aYlf8gV0doxWUW94AaABAg,So the CO2 models may have not accounted for this cyclical kiss ……. Who would have guessed 😢,@JerryGunn-f7v,0,2 bulan lalu,False,So the CO2 models may have not accounted for this cyclical kiss ……. Who would have guessed 😢,0,18,92,Top-level,Neutral
UgxYiyNfY6fpY3UNQat4AaABAg,"Somehow recently we have had…
1. A new virus scare 
2. A tick that produces an illness making you allergic to meat 
3. Global tension due to conflict in the middle east 
4. UFO confirmation 
& now for the 5th thing this… 
Still not arrests from the files though.
I’m not particularly religious, however, sure as hell feels like the beginning of Armageddon rn. What a brilliant time to be young. 🙄",@Jim_be_Jamming,0,2 bulan lalu (diedit),False,"Somehow recently we have had… 1. A new virus scare 2. A tick that produces an illness making you allergic to meat 3. Global tension due to conflict in the middle east 4. UFO confirmation & now for the 5th thing this… Still not arrests from the files though. I’m not particularly religious, however, sure as hell feels like the beginning of Armageddon rn. What a brilliant time to be young. 🙄",0,72,391,Top-level,Positive
UgxU2ztQJLNDXhNxvL94AaABAg,The Earth would certainly be a lot better without humans.,@michaelgallagher7082,0,2 bulan lalu,False,The Earth would certainly be a lot better without humans.,0,10,57,Top-level,Positive
UgwEym7WM-c7-OZxRqR4AaABAg,I doubt anything said in this video will come true,@MAGNUMace100,0,2 bulan lalu,False,I doubt anything said in this video will come true,0,10,50,Top-level,Positive
Ugzgzycr0RCqbUEi_lN4AaABAg,"Yea some more alarmist predictions that won’t materialize. 
BBC’s “ahhhhh we’re all gonna die ahhhhhh,” is another person’s “hey it’s nice outside.”
Check back in 365 days. It’ll be fine.",@arecbardwin8954,1,2 bulan lalu,False,"Yea some more alarmist predictions that won’t materialize. BBC’s “ahhhhh we’re all gonna die ahhhhhh,” is another person’s “hey it’s nice outside.” Check back in 365 days. It’ll be fine.",1,30,186,Top-level,Positive
Ugw4IbEhS5UKKp9Khcp4AaABAg,Trombone zooming has fallen out of favour with ‘influencers’ as its annoying to viewers. Please stop it - This isn’t America.,@jjay775,0,2 bulan lalu,False,Trombone zooming has fallen out of favour with ‘influencers’ as its annoying to viewers. Please stop it - This isn’t America.,0,21,125,Top-level,Negative
Ugzaj3u7GOjV62IVdCh4AaABAg,Yeah yeah yeah. When I was a kid we were told half of britain will be underwater by the year 2000.,@A-raving-lunatic,0,2 bulan lalu,False,Yeah yeah yeah. When I was a kid we were told half of britain will be underwater by the year 2000.,0,21,98,Top-level,Negative
Ugy93GNooH-XFu6WBF94AaABAg,Ai bull,@mikeglover8364,0,2 bulan lalu,False,Ai bull,0,2,7,Top-level,Neutral
UgzJCvoUrazof_525iV4AaABAg,We're actually cooked,@hubcityman,0,2 bulan lalu,False,We're actually cooked,0,3,21,Top-level,Neutral
UgyKwMIiFkTJ4qal1-l4AaABAg,Ooohhh spooky language!,@imac-h3u,0,2 bulan lalu,False,Ooohhh spooky language!,0,3,23,Top-level,Neutral
UgyL5GxJgei6pS5jd-54AaABAg,How convenient,@phillmitchell7273,0,2 bulan lalu,False,How convenient,0,2,14,Top-level,Neutral
UgwaKlY-Eg7ycmyqjPh4AaABAg,The US and Israel will probably blame this on Iran,@LethaboMatlala-z7y,0,2 bulan lalu,False,The US and Israel will probably blame this on Iran,0,10,50,Top-level,Neutral
UgxE8I9dl7MoHN2VlCp4AaABAg,"1:54, Yup, use fear mongering words to push the climate agenda! Words like Atmospheric River, and Polar Vortex!!",@spencermatthews5942,1,2 bulan lalu,False,"1:54, Yup, use fear mongering words to push the climate agenda! Words like Atmospheric River, and Polar Vortex!!",1,18,112,Top-level,Negative
Ugw_S8MWztls-USocJx4AaABAg,"But but but, we've been told this is all to do with global warming and reaching net zero will fix it all... 👀",@CoderTheGrey,0,2 bulan lalu,False,"But but but, we've been told this is all to do with global warming and reaching net zero will fix it all... 👀",0,23,109,Top-level,Neutral
UgwcVCgzRc_dkKFA7D54AaABAg,So basically the video says: maybe it will be worse and some regions on earth will suffer more than others. Information at its best…,@stratos9212,0,2 bulan lalu,False,So basically the video says: maybe it will be worse and some regions on earth will suffer more than others. Information at its best…,0,24,132,Top-level,Neutral
UgwwlzrhChJ-sAhwrfd4AaABAg,Tehiqna nuk terhiqna 3 muje kam ju mbajte tmerrin sy keqi me shiqu epedemi.    Mesoni epedemin mesoni virusi. Vertet,@emermbiemeri,0,2 bulan lalu,False,Tehiqna nuk terhiqna 3 muje kam ju mbajte tmerrin sy keqi me shiqu epedemi. Mesoni epedemin mesoni virusi. Vertet,0,19,113,Top-level,Neutral
Ugwe4WAjR3oF8qSCSxB4AaABAg,"Will the Earth Be Destroyed?
The Bible’s answer

No, planet Earth will never be destroyed, burned in fire, or replaced. The Bible teaches that God created the earth to be inhabited forever.
 “The righteous will possess the earth, and they will live forever on it.”—Psalm 37:29.
 “[God] has established the earth on its foundations; it will not be moved from its place forever and ever.”—Psalm 104:5.
“The earth remains forever.”—Ecclesiastes 1:4.
“The One who formed the earth, its Maker who firmly established it, . . . did not create it simply for nothing, but formed it to be inhabited.”—Isaiah 45:18.
Will humans ruin the earth?

God will not allow humans to ruin the earth completely by pollution, warfare, or any other means. Rather, he will “bring to ruin those ruining the earth.” (Revelation 11:18) How will he accomplish that?*
God will replace human governments, which have been unable to protect the earth, with a perfect heavenly Kingdom. (Daniel 2:44; Matthew 6:9, 10) That Kingdom will be ruled by God’s Son, Jesus Christ. (Isaiah 9:6, 7) When on earth, Jesus exercised miraculous powers over natural elements. (Mark 4:35-41) As the King of God’s Kingdom, Jesus will exercise full control over earth and its elements. He will re-create, or renew, conditions on earth, making them similar to those that existed in the garden of Eden.—Matthew 19:28; Luke 23:43.

*Doesn’t the Bible teach that the earth will be burned in fire?
No, it does not.*
 Such a misconception often comes from a misunderstanding of 2 Peter 3:7, which says: “The heavens and the earth that now exist are reserved for fire.” Consider two important points that help us understand the meaning of those words:
The Bible uses the terms “heavens,” “earth,” and “fire” to refer to more than one thing. For example, Genesis 11:1 says: “All the earth continued to be of one language.” Here, “earth” refers to human society.
The context of 2 Peter 3:7 indicates the meaning of the heavens, earth, and fire mentioned there. Verses 5 and 6 draw a parallel with the Flood of Noah’s day. On that occasion, an ancient world was destroyed, yet our planet did not disappear. Instead, the Flood wiped out a violent society, or “earth.” (Genesis 6:11) It also destroyed a kind of “heavens”—the people who ruled over that earthly society. Thus, wicked people were destroyed, not our planet. Noah and his family survived the destruction of that world and inhabited the earth after the Flood.—Genesis 8:15-18.

Similar to the waters of the Flood, the destruction, or “fire,” of 2 Peter 3:7 will bring an end to the world of wicked people, not to planet Earth. God promises “new heavens and a new earth” in which “righteousness is to dwell.” (2 Peter 3:13) A “new earth,” or new human society, will be ruled over by “new heavens,” or new leadership—God’s Kingdom. Under the rule of that Kingdom, the earth will become a peaceful paradise.—Revelation 21:1-4.


😊😊😊😊😊😊😊😊😊
🎉🎉🎉🎉🎉🎉🎉🎉🎉
☺️☺️☺️☺️☺️☺️☺️☺️☺️
😄😄😄😄😄😄😄😄😄
😉😉😉😉😉😉😉😉😉",@MT37191,2,2 bulan lalu (diedit),False,"Will the Earth Be Destroyed? The Bible’s answer No, planet Earth will never be destroyed, burned in fire, or replaced. The Bible teaches that God created the earth to be inhabited forever. “The righteous will possess the earth, and they will live forever on it.”—Psalm 37:29. “[God] has established the earth on its foundations; it will not be moved from its place forever and ever.”—Psalm 104:5. “The earth remains forever.”—Ecclesiastes 1:4. “The One who formed the earth, its Maker who firmly established it, . . . did not create it simply for nothing, but formed it to be inhabited.”—Isaiah 45:18. Will humans ruin the earth? God will not allow humans to ruin the earth completely by pollution, warfare, or any other means. Rather, he will “bring to ruin those ruining the earth.” (Revelation 11:18) How will he accomplish that?* God will replace human governments, which have been unable to protect the earth, with a perfect heavenly Kingdom. (Daniel 2:44; Matthew 6:9, 10) That Kingdom will be ruled by God’s Son, Jesus Christ. (Isaiah 9:6, 7) When on earth, Jesus exercised miraculous powers over natural elements. (Mark 4:35-41) As the King of God’s Kingdom, Jesus will exercise full control over earth and its elements. He will re-create, or renew, conditions on earth, making them similar to those that existed in the garden of Eden.—Matthew 19:28; Luke 23:43. *Doesn’t the Bible teach that the earth will be burned in fire? No, it does not.* Such a misconception often comes from a misunderstanding of 2 Peter 3:7, which says: “The heavens and the earth that now exist are reserved for fire.” Consider two important points that help us understand the meaning of those words: The Bible uses the terms “heavens,” “earth,” and “fire” to refer to more than one thing. For example, Genesis 11:1 says: “All the earth continued to be of one language.” Here, “earth” refers to human society. The context of 2 Peter 3:7 indicates the meaning of the heavens, earth, and fire mentioned there. Verses 5 and 6 draw a parallel with the Flood of Noah’s day. On that occasion, an ancient world was destroyed, yet our planet did not disappear. Instead, the Flood wiped out a violent society, or “earth.” (Genesis 6:11) It also destroyed a kind of “heavens”—the people who ruled over that earthly society. Thus, wicked people were destroyed, not our planet. Noah and his family survived the destruction of that world and inhabited the earth after the Flood.—Genesis 8:15-18. Similar to the waters of the Flood, the destruction, or “fire,” of 2 Peter 3:7 will bring an end to the world of wicked people, not to planet Earth. God promises “new heavens and a new earth” in which “righteousness is to dwell.” (2 Peter 3:13) A “new earth,” or new human society, will be ruled over by “new heavens,” or new leadership—God’s Kingdom. Under the rule of that Kingdom, the earth will become a peaceful paradise.—Revelation 21:1-4. 😊😊😊😊😊😊😊😊😊 🎉🎉🎉🎉🎉🎉🎉🎉🎉 ☺️☺️☺️☺️☺️☺️☺️☺️☺️ 😄😄😄😄😄😄😄😄😄 😉😉😉😉😉😉😉😉😉",2,496,2972,Top-level,Positive
Ugzuew3e2lZhGdHIacd4AaABAg,We are Lost.,@Ricardo-c6l5j,0,2 bulan lalu,False,We are Lost.,0,3,12,Top-level,Neutral
UgxzMZCt_964AjuP-N94AaABAg,"You only mention the American continents, Australia, Asia, Europe..... just a reminder; there's another big continent...",@robinsonkiarii9042,0,1 bulan lalu,False,"You only mention the American continents, Australia, Asia, Europe..... just a reminder; there's another big continent...",0,16,120,Top-level,Neutral
UgypVVIrVXMZ6dW5Sq94AaABAg,"is it possible this is created by drilling in the earth what is happening really but could that create such change bij drilling in the right places making shifts in some plates, because this would be a perfect thing to use by the gouverments in the klimatechange BS",@hollandseglorie25,0,2 bulan lalu,False,"is it possible this is created by drilling in the earth what is happening really but could that create such change bij drilling in the right places making shifts in some plates, because this would be a perfect thing to use by the gouverments in the klimatechange BS",0,48,265,Top-level,Positive
Ugxkj-Pj1iu6u---Cud4AaABAg,"so politics, and companies damaged everything",@BoxedByJaguar,0,2 bulan lalu,False,"so politics, and companies damaged everything",0,6,45,Top-level,Neutral
UgzwPCJa7Dsz9H6Deih4AaABAg,"El Nino wouldn't happen due to Volcano activity ""do the math"" new weather phenomenon will.",@showandtell41,0,2 bulan lalu,False,"El Nino wouldn't happen due to Volcano activity ""do the math"" new weather phenomenon will.",0,15,90,Top-level,Neutral
UgzcorDPfbzxqNOkREx4AaABAg,"Let me Guess, the only way to save ourselves is to be hit with even more crippling tax, more bullying into spending on incredibly expensive but marginally effective "" renewable energy """,@Halberd1216,0,2 bulan lalu,False,"Let me Guess, the only way to save ourselves is to be hit with even more crippling tax, more bullying into spending on incredibly expensive but marginally effective "" renewable energy """,0,32,185,Top-level,Positive
UgxPjmUCBRUowmQg_Lt4AaABAg,"We will all die this summer, no gta 6 for us 💀",@JohnGaming97,0,2 bulan lalu,False,"We will all die this summer, no gta 6 for us 💀",0,12,46,Top-level,Neutral
UgyXEvzEs9hoAOD8lld4AaABAg,"Fertilizer prices got to do with the human made wars than climate.

Keep your leaders accountable, not nature",@dolphindusk,0,2 bulan lalu,False,"Fertilizer prices got to do with the human made wars than climate. Keep your leaders accountable, not nature",0,18,108,Top-level,Neutral
UgwynQaPIO_RtM4YSA54AaABAg,lagi nalang coming di p ba dadating,@mitch81,0,2 bulan lalu,False,lagi nalang coming di p ba dadating,0,7,35,Top-level,Neutral
Ugzdk7L0zdeEHHq3VTp4AaABAg,A wonder video full of wild speculation while being almost free of any factual information.,@Stan_in_Shelton_WA,0,2 bulan lalu,False,A wonder video full of wild speculation while being almost free of any factual information.,0,15,91,Top-level,Positive
Ugxqe2e3Y_-5hLJYhCp4AaABAg,And in 1887 when it was 2.7 above average.... who was pumping out the carbon then?,@patrickwoodley9823,0,2 bulan lalu,False,And in 1887 when it was 2.7 above average.... who was pumping out the carbon then?,0,16,82,Top-level,Negative
Ugz4Eru2kJ4hdFTUtJ54AaABAg,"Not surprised, since Israel and US is trying their utmost to f….up everything. Dropping bombs of all sorts, spitting out pollution like there is no tomorrow.",@1984amini,1,2 bulan lalu,False,"Not surprised, since Israel and US is trying their utmost to f….up everything. Dropping bombs of all sorts, spitting out pollution like there is no tomorrow.",1,26,157,Top-level,Neutral
UgwaQ4scEL25Fer_PdR4AaABAg,"I hate el nińo, I don’t go outside with that heat. AT ALL",@staphers_theoneandonly3933,0,2 bulan lalu,False,"I hate el nińo, I don’t go outside with that heat. AT ALL",0,13,57,Top-level,Negative
UgxeQebyxGC4HEprD7Z4AaABAg,65% chance of happening.,@falknasturi16,0,2 bulan lalu,False,65% chance of happening.,0,4,24,Top-level,Neutral
Ugxc6UqoqDHMLsiDxtB4AaABAg,"And here I was wondering it's already may and it's pretty cold in Taiwan
Good luck to us generation 
We will see how this evolution goes 
What will actually happen in 2028?
Stay tuned and find out~",@HAWKWOLF41,0,2 bulan lalu (diedit),False,And here I was wondering it's already may and it's pretty cold in Taiwan Good luck to us generation We will see how this evolution goes What will actually happen in 2028? Stay tuned and find out~,0,37,195,Top-level,Positive
Ugwzre0qP-SmT_sksgV4AaABAg,"Who cares, werent you guys telling me I'd be out of fuel by now only a month ago? You guys have no idea whats going on.",@RoyBrown777,0,2 bulan lalu,False,"Who cares, werent you guys telling me I'd be out of fuel by now only a month ago? You guys have no idea whats going on.",0,26,119,Top-level,Neutral
Ugy0jFHIrwGRXd80CHF4AaABAg,"Dear Lord, you know everything holy father, you are all seeing all knowing all powerful divine father. thank you for everything you do. Please save us from evil beings 🙏 Pray that truth , justice , peace, happiness and abundance be restored in divine mother earth 🌍❤️🥀🌺💐🍀🍀🌄🏡🕊️🦚🏞️",@nithyasrinivasan8077,0,2 bulan lalu (diedit),False,"Dear Lord, you know everything holy father, you are all seeing all knowing all powerful divine father. thank you for everything you do. Please save us from evil beings 🙏 Pray that truth , justice , peace, happiness and abundance be restored in divine mother earth 🌍❤️🥀🌺💐🍀🍀🌄🏡🕊️🦚🏞️",0,47,279,Top-level,Neutral
Ugw_uIwP6AqHYWfn0gR4AaABAg,"More countries need real cash to fix the priorities for their 99% citizens.... instead of some insane countries spend billions $ on weapons to kill lives, more sane countries are spending billions to rescue their people from the inevitable climate change crisis....money is spent for saving lives, not for weapons of killing lives 😢😢😢😢",@elainng3347,0,2 bulan lalu,False,"More countries need real cash to fix the priorities for their 99% citizens.... instead of some insane countries spend billions $ on weapons to kill lives, more sane countries are spending billions to rescue their people from the inevitable climate change crisis....money is spent for saving lives, not for weapons of killing lives 😢😢😢😢",0,54,335,Top-level,Neutral
Ugx8-mUOCw50VKIWHDp4AaABAg,"Ask the Lord for wisdom on how to prepare. We are not to fear, but trust that Lord Jesus covers us 🙏",@melctes,0,2 bulan lalu,False,"Ask the Lord for wisdom on how to prepare. We are not to fear, but trust that Lord Jesus covers us 🙏",0,22,100,Top-level,Neutral
UgxZq8XWjcaPySjIppp4AaABAg,Nooooooo...NOT CHOCOLATE!!!,@keeponkeepinon25,0,2 bulan lalu,False,Nooooooo...NOT CHOCOLATE!!!,0,2,27,Top-level,Neutral
UgyT7PDRked2MxLtnJ94AaABAg,"Super the Boy doesn't make much sense, can we revisit the name please 😂",@SOCC_Marx,0,2 bulan lalu,False,"Super the Boy doesn't make much sense, can we revisit the name please 😂",0,14,71,Top-level,Positive
UgxqL-J-qGZ80qkvK7F4AaABAg,"Please advise UAE, USA & Israel to stop interfering with Iran rain pattern
So evil",@bareamin2017,0,2 bulan lalu,False,"Please advise UAE, USA & Israel to stop interfering with Iran rain pattern So evil",0,15,82,Top-level,Negative
Ugw1-FhLtLozD-RS7St4AaABAg,Someone Tell Fernando Torres to stop,@dxcksey999,0,2 bulan lalu,False,Someone Tell Fernando Torres to stop,0,6,36,Top-level,Neutral
UgzuyClGAxqtTzjIgJZ4AaABAg,I'm going to die,@gastrodonfan2k07,0,2 bulan lalu,False,I'm going to die,0,4,16,Top-level,Neutral
UgxEMkiCkA_4esRDkbF4AaABAg,Why does Fernando Torres want to bring chaos to the world’s weather?,@PickupBasketball,0,2 bulan lalu,False,Why does Fernando Torres want to bring chaos to the world’s weather?,0,12,68,Top-level,Neutral
Ugwk50adMU8yLJNzYIR4AaABAg,"Loving the dramatic thumbnail and inappropriate use of the word ""chaos"" but are you sure you want to go with ""super""? Maybe something more apocalyptic like ""End Times Nino"" or ""Ninogeddon""? Maybe ""could"" could be much larger? Just spitballing, no judgement.",@sedorsyoutube,0,2 bulan lalu,False,"Loving the dramatic thumbnail and inappropriate use of the word ""chaos"" but are you sure you want to go with ""super""? Maybe something more apocalyptic like ""End Times Nino"" or ""Ninogeddon""? Maybe ""could"" could be much larger? Just spitballing, no judgement.",0,41,257,Top-level,Positive
UgyhaDS8riLynWmiFw54AaABAg,Too many people,@telescopicS627,0,2 bulan lalu,False,Too many people,0,3,15,Top-level,Positive
UgyCVhEraOD-RP1HQ0B4AaABAg,"Dont listen to this guy , he's an expert.",@originalbadboy32,0,2 bulan lalu,False,"Dont listen to this guy , he's an expert.",0,9,41,Top-level,Neutral
Ugyzxw3iSMzd9kZBHgd4AaABAg,"Ah, so the average Southeast Asian weather it is then.",@jjpasay,0,2 bulan lalu,False,"Ah, so the average Southeast Asian weather it is then.",0,10,54,Top-level,Negative
UgyDdyOnU0W-LWIv2u14AaABAg,The Caribbean is in Africa according to this journalist 😂,@Dash101,0,2 bulan lalu,False,The Caribbean is in Africa according to this journalist 😂,0,10,57,Top-level,Neutral
Ugy2bgzYx3rumyYbgj54AaABAg,"What a shame the BBC is no longer believed by most people in the UK. This could all be true and most will ignore it, although if around 50% of predictions are that this could be record year for El Nino, doesn't that mean 50% are predicting it won't??? More BBC scaremongering? Bring back Michael Fish!",@stephenrobbins2931,0,2 bulan lalu,False,"What a shame the BBC is no longer believed by most people in the UK. This could all be true and most will ignore it, although if around 50% of predictions are that this could be record year for El Nino, doesn't that mean 50% are predicting it won't??? More BBC scaremongering? Bring back Michael Fish!",0,56,301,Top-level,Positive
UgxBCOticCJ04IkRWpt4AaABAg,No it is not!,@pagosabob10,0,2 bulan lalu,False,No it is not!,0,4,13,Top-level,Neutral
UgwXHfeSnJ8eLAA3eFd4AaABAg,"In California, I welcome an El Niño. More rain. More La Niñas, no. Please no.",@followerofchristofthetrini1692,0,2 bulan lalu,False,"In California, I welcome an El Niño. More rain. More La Niñas, no. Please no.",0,15,77,Top-level,Positive
Ugw5uRMn0NUF3iKbDRt4AaABAg,the humans ruin the natural equilibrium and the planet restores it,@Pintuuuxo,0,2 bulan lalu,False,the humans ruin the natural equilibrium and the planet restores it,0,11,66,Top-level,Positive
UgyhkwjbfQxMYEREj3F4AaABAg,"to make things worse, big war in June",@everyday.smarts.official,0,2 bulan lalu,False,"to make things worse, big war in June",0,8,37,Top-level,Negative
UgxlCcjXCuwXZ9NDnn14AaABAg,And now for the bad news…………,@HelloTiggs1,0,2 bulan lalu,False,And now for the bad news…………,0,6,28,Top-level,Negative
Ugx4uKLNvFJm40qsVhZ4AaABAg,"stopped eating chocolate here in the UK it's crap now, nothing but palm oil, tatses diff too and melts just by looking at it the wring way....garbage !",@andypandy1964,1,2 bulan lalu,False,"stopped eating chocolate here in the UK it's crap now, nothing but palm oil, tatses diff too and melts just by looking at it the wring way....garbage !",1,28,151,Top-level,Negative
Ugy7P0qLcZ4n_3F-L514AaABAg,JFC! BBC allows this sort of hysteria-building report? Can you imagine a BBC report this hysterical during the Blitz? What happened to ...Calm and Carry On?,@theindependentdaily,0,2 bulan lalu,False,JFC! BBC allows this sort of hysteria-building report? Can you imagine a BBC report this hysterical during the Blitz? What happened to ...Calm and Carry On?,0,26,156,Top-level,Negative
UgyOPL5iC34aHAXERGN4AaABAg,Fear fear fear!!!!!,@christiaanmomberg5584,0,2 bulan lalu,False,Fear fear fear!!!!!,0,3,19,Top-level,Neutral
Ugys6kpw8grU3wKokCJ4AaABAg,Is this AI?,@Cardyke-x8x,0,2 bulan lalu,False,Is this AI?,0,3,11,Top-level,Neutral
Ugzd_iL1NAKLm6LJdQF4AaABAg,So there gona coz all this manually n blame el nino,@bennybenasi,0,2 bulan lalu,False,So there gona coz all this manually n blame el nino,0,11,51,Top-level,Neutral
Ugy7kTp9egiSm0eETAF4AaABAg,Who chooses it’s adjectives? GODZILLA??? 😂😂😂,@CamilaDantas-tv8fd,0,2 bulan lalu,False,Who chooses it’s adjectives? GODZILLA??? 😂😂😂,0,6,44,Top-level,Neutral
UgwnrNU3tAGqjTk1b2h4AaABAg,AI WILL HELP WITH THE AGRICULTURE PROBLEM IN AT LEAST LESS THEN 5 YEARS,@thecreativetechgod-h7b,0,2 bulan lalu,False,AI WILL HELP WITH THE AGRICULTURE PROBLEM IN AT LEAST LESS THEN 5 YEARS,0,14,71,Top-level,Negative
UgwjcTJ-UWhmES7lnRB4AaABAg,Iranians destroyed Dubai's Weather manipulation facility recently and it's been non stop raining in Iran that has severe water shortages and droughts for 15 years. In fact there reservists and land is full of water stored for next 15 years as dams and rivers are flooding.,@Sadatiana,0,2 bulan lalu,False,Iranians destroyed Dubai's Weather manipulation facility recently and it's been non stop raining in Iran that has severe water shortages and droughts for 15 years. In fact there reservists and land is full of water stored for next 15 years as dams and rivers are flooding.,0,46,272,Top-level,Positive
Ugwhtr7pk1UqHk_BvaR4AaABAg,"Meanwhile, the Philippines, instead of preparing for this, they are preparing for impeachment for a VP. Where in the congressmen who are approved on the impeachment are scared because of 2028 presidential bid who clearly she is going to win. Whats the connection to the el niño? Floods the said congressmen are corrupt and  the cause of misappropriating flood control project fund.",@GinamosWithCherryOnTop,0,2 bulan lalu,False,"Meanwhile, the Philippines, instead of preparing for this, they are preparing for impeachment for a VP. Where in the congressmen who are approved on the impeachment are scared because of 2028 presidential bid who clearly she is going to win. Whats the connection to the el niño? Floods the said congressmen are corrupt and the cause of misappropriating flood control project fund.",0,62,380,Top-level,Positive
UgyxDREzE4hYyrfmGZp4AaABAg,"BELOW. EARTH. 7. LAYERS  THERE. ARE. FIRE. BELOW. SEA. 
ABOVE. THE. SKY. THERE. ARE. 7. LAYERS. THERE. ARE. HOT SUN.  &   HOTTEST. FIRE. WE. NEVER. SEEN BEFORE,",@ratnarona2686,0,2 bulan lalu,False,"BELOW. EARTH. 7. LAYERS THERE. ARE. FIRE. BELOW. SEA. ABOVE. THE. SKY. THERE. ARE. 7. LAYERS. THERE. ARE. HOT SUN. & HOTTEST. FIRE. WE. NEVER. SEEN BEFORE,",0,27,155,Top-level,Positive
Ugy90OlqzwXa1nNRUR14AaABAg,Taxes for all.,@nicelydone9776,0,2 bulan lalu,False,Taxes for all.,0,3,14,Top-level,Neutral
Ugz_Anxh-6SMPEoQsUR4AaABAg,Ah ! Nothing to see here …,@Redrum8989,0,2 bulan lalu,False,Ah ! Nothing to see here …,0,7,26,Top-level,Neutral
Ugw7pZblpiq851Hl0NJ4AaABAg,I was quite interested and then you mentioned the BBC. shame.....,@Michael-is2se,0,2 bulan lalu,False,I was quite interested and then you mentioned the BBC. shame.....,0,11,65,Top-level,Positive
Ugy9ygTKvW9rxwTK5h94AaABAg,This video is inaccurate cause Fernando Torres has already retired,@Roni_N77,0,2 bulan lalu (diedit),False,This video is inaccurate cause Fernando Torres has already retired,0,10,66,Top-level,Neutral
Ugy-YFa0vxi2kSWBOJJ4AaABAg,Don't tell me.....it's global warming..even though it's a natural event,@robertwallace8611,0,2 bulan lalu,False,Don't tell me.....it's global warming..even though it's a natural event,0,10,71,Top-level,Neutral
UgxMeD_lZK554NgDEyh4AaABAg,Fear mongering final boss,@Diegomistakevr,0,1 bulan lalu,False,Fear mongering final boss,0,4,25,Top-level,Neutral
UgxV9m3XYkPHrRD9IVh4AaABAg,Are you stressed yet?,@agrosyntrop,0,2 bulan lalu,False,Are you stressed yet?,0,4,21,Top-level,Neutral
UgxRhlZKSeh6r4DT1y94AaABAg,Weather Fear Porn. No one them still know what they are predicting. It will or won't happen.,@brionity,0,2 bulan lalu,False,Weather Fear Porn. No one them still know what they are predicting. It will or won't happen.,0,17,92,Top-level,Neutral
UgyaujA9s_Dej2GNRJp4AaABAg,"so if all this man made global warming is going to break records at 2.6+ above average, yet in the 1800s it went to 2.7+ above average, what was driving it then? Ah yeh, wait",@kjeksklaus7944,0,2 bulan lalu,False,"so if all this man made global warming is going to break records at 2.6+ above average, yet in the 1800s it went to 2.7+ above average, what was driving it then? Ah yeh, wait",0,35,174,Top-level,Negative
Ugz9ObSR1diZhYM_Zcx4AaABAg,Why is he talking like he is presenting this to an audience of 5 year olds?,@damiansomebody1037,0,2 bulan lalu,False,Why is he talking like he is presenting this to an audience of 5 year olds?,0,16,75,Top-level,Neutral
UgwcEmHZ3MY_BPE3sz94AaABAg,"I expect those that know about all this will have a part in making sure it happens, after all they've been controlling weather patterns for decades! 
There's nature and then there's governments plotting to displace people, control the food supply and destroy farming, this would be very convenient for them and fit nicely into the 2030 agenda and now they have the means to make it happen.",@AgnesSmith6458,0,2 bulan lalu,False,"I expect those that know about all this will have a part in making sure it happens, after all they've been controlling weather patterns for decades! There's nature and then there's governments plotting to displace people, control the food supply and destroy farming, this would be very convenient for them and fit nicely into the 2030 agenda and now they have the means to make it happen.",0,67,388,Top-level,Positive
UgwsYXA8KIVQl2750LN4AaABAg,Are we going to die?,@aki_aki7,0,2 bulan lalu,False,Are we going to die?,0,5,20,Top-level,Neutral
UgxFO-JU8OaZ_C0oJwN4AaABAg,Why the fear mongering?,@MelissaR784,0,2 bulan lalu,False,Why the fear mongering?,0,4,23,Top-level,Neutral
UgyLHtbNVh1RCeTIt-x4AaABAg,The worst was 1877 and this one is projected to be worse,@brandonmcbroom9209,0,2 bulan lalu,False,The worst was 1877 and this one is projected to be worse,0,12,56,Top-level,Negative
UgwQSxw2yczTAfpCzbl4AaABAg,A remembrance of the real brother hood not a fake one  frequency one.     ▪️▪️▪️▪️〰️➕,@Move-4-,0,2 bulan lalu,False,A remembrance of the real brother hood not a fake one frequency one. ▪️▪️▪️▪️〰️➕,0,14,80,Top-level,Positive
Ugy9dubUpcgetq5hUdR4AaABAg,more tax should help,@stronzogtt,0,2 bulan lalu,False,more tax should help,0,4,20,Top-level,Positive
UgyKFVVm4VtK-2ueZ5x4AaABAg,Why can’t the bbc talk about the migrant crisis,@GlitterandCrystals,0,2 bulan lalu,False,Why can’t the bbc talk about the migrant crisis,0,9,47,Top-level,Neutral
Ugw_ZUwBIezUCWSeKgl4AaABAg,As if the war in middle east was not enough 😒,@GoldenArrow297,0,2 bulan lalu,False,As if the war in middle east was not enough 😒,0,11,45,Top-level,Neutral
Ugzf-G0pFDldDvAZyfl4AaABAg,Cartel leader El Niño?,@HyunsReport,0,2 bulan lalu,False,Cartel leader El Niño?,0,4,22,Top-level,Neutral
UgwE4wOfKOspRrCyu6t4AaABAg,"Typical scaremongering, el Nino and la Nina are well established cycles. Could/ would, maybe, don’t know….1877 strongest el Nino? Was there even global coverage of weather measurements? Let’s see…",@marcrajal7769,1,2 bulan lalu,False,"Typical scaremongering, el Nino and la Nina are well established cycles. Could/ would, maybe, don’t know….1877 strongest el Nino? Was there even global coverage of weather measurements? Let’s see…",1,29,196,Top-level,Negative
UgxXVFvzZGRZFg3W4El4AaABAg,"Meanwhile world leaders don't give AF about all the bombs and heavy oil being used in questionable wars.......anyhoo, the world is cooked.",@jakestechtravels4864,0,2 bulan lalu,False,"Meanwhile world leaders don't give AF about all the bombs and heavy oil being used in questionable wars.......anyhoo, the world is cooked.",0,22,138,Top-level,Negative
UgxWfhLEMY1xgE_zcq54AaABAg,No please ffs,@ShadowRap-y5l,0,2 bulan lalu,False,No please ffs,0,3,13,Top-level,Neutral
UgxkY36W1cnCqV6f7oN4AaABAg,So no one is trying to connect the dots that the recent overwhelming bombing activity in the Middle East + Ukraine could be the direct cause the heat recycling problem from the so called elnino.,@rajiabdulblacjar,0,2 bulan lalu,False,So no one is trying to connect the dots that the recent overwhelming bombing activity in the Middle East + Ukraine could be the direct cause the heat recycling problem from the so called elnino.,0,35,194,Top-level,Positive
UgzKQajpC6FcDx0nSCN4AaABAg,"Tax it, it'll go away.",@andrewTXRX,0,2 bulan lalu,False,"Tax it, it'll go away.",0,5,22,Top-level,Neutral
UgyUbjAqYv8iK9kOUqF4AaABAg,Yeah right Australia dribbled this prediction for 2024and 2025 after wiping egg of their expert faces I’m looking forward too it again,@Ronnie-w4h,0,2 bulan lalu,False,Yeah right Australia dribbled this prediction for 2024and 2025 after wiping egg of their expert faces I’m looking forward too it again,0,22,134,Top-level,Positive
UgworAgKk_z19fPHGCd4AaABAg,"Perpetual crisis.  Just tell us how much the cost of fuel, energy and food will increase by and save us the bull s#£t.",@162tsb7,0,2 bulan lalu,False,"Perpetual crisis. Just tell us how much the cost of fuel, energy and food will increase by and save us the bull s#£t.",0,23,117,Top-level,Positive
UgyjbelNWJMDyumcRyp4AaABAg,California better get ready for wildfires worse than Jan 2025.,@HotScones-3231c,0,2 bulan lalu,False,California better get ready for wildfires worse than Jan 2025.,0,10,62,Top-level,Positive
UgwSlyfOAESaQWOMgXJ4AaABAg,"Take into consideration the current corona mass ejections slamming into us! Volcanic activity building up,",@megajohnson1984,0,2 bulan lalu,False,"Take into consideration the current corona mass ejections slamming into us! Volcanic activity building up,",0,15,106,Top-level,Neutral
Ugzdjq5bdgvDBplpl1x4AaABAg,"what a time to be alive
war in iran, in ukraine, trump lost his mind, after corona now ebola and nature is freaking out too
i wish me back to a time where i was a child without internet and mobile phones and only allowed to watch 20min television",@DregiT82,0,2 bulan lalu,False,"what a time to be alive war in iran, in ukraine, trump lost his mind, after corona now ebola and nature is freaking out too i wish me back to a time where i was a child without internet and mobile phones and only allowed to watch 20min television",0,49,246,Top-level,Neutral
UgyUtNbvyHjDYDvkvnN4AaABAg,"If in climate change, Human activities is the main factor, then why not mention the Wars with too much ammunitions with threat with the Nuclear weapons. Yes, America is the most advanced country, with its most educated, tallented & wisest people, & its President the most Revered person, then why waging war, with crude & cruel threat   Destruction. Of civiliztion.
Does this language suits to Anerica or to the Barberians.",@enayatullahdalvi7128,0,2 bulan lalu,False,"If in climate change, Human activities is the main factor, then why not mention the Wars with too much ammunitions with threat with the Nuclear weapons. Yes, America is the most advanced country, with its most educated, tallented & wisest people, & its President the most Revered person, then why waging war, with crude & cruel threat Destruction. Of civiliztion. Does this language suits to Anerica or to the Barberians.",0,70,421,Top-level,Positive
UgwsYXA8KIVQl2750LN4AaABAg.AWyvfYtTiftAWywMwNAmMj,Probably not...,@FuryianMan,0,2 bulan lalu,True,Probably not...,0,2,15,Reply,Neutral
UgxqpTw8aBvRBIkA_PZ4AaABAg,This is the most over dramatic comment section I’ve seen in a while 😂,@raff23able,0,2 bulan lalu,False,This is the most over dramatic comment section I’ve seen in a while 😂,0,14,69,Top-level,Neutral
UgxTJ5jb0QKLvD0ABgV4AaABAg,Is that why the rich are silently moving out and moving into bunkers?,@zlatyan,0,2 bulan lalu,False,Is that why the rich are silently moving out and moving into bunkers?,0,13,69,Top-level,Positive
Ugzv8_E4gXDmL0LD6LB4AaABAg,Are you lost your mind not gonna happen in canada and the world depend for the suns,@JosephSirame,0,2 bulan lalu,False,Are you lost your mind not gonna happen in canada and the world depend for the suns,0,17,83,Top-level,Neutral
UgxddxRyq3gZdb5I_hh4AaABAg,You know it doesn't help that people in power believe in a biblical righteous war right now in the middle east,@danielburch8588,0,2 bulan lalu,False,You know it doesn't help that people in power believe in a biblical righteous war right now in the middle east,0,21,110,Top-level,Positive
UgyI6CitISYiRveUAFJ4AaABAg,"Mission to Mars
Mission to moon
Missile testing
Satellite lunching 
Military Exercise 
New iCBM testing 
New aircraft testing
New airoplane lunching 
New fighter plane testing 
New bike, car lunching
New road project etc etc etc

All of above have Zero pollution and human is getting more facility, more technology.",@jenatk,0,2 bulan lalu,False,"Mission to Mars Mission to moon Missile testing Satellite lunching Military Exercise New iCBM testing New aircraft testing New airoplane lunching New fighter plane testing New bike, car lunching New road project etc etc etc All of above have Zero pollution and human is getting more facility, more technology.",0,49,309,Top-level,Positive
UgxA5frvMTp0Qunrxll4AaABAg,2026 is looking great! 😂,@sirholycow,0,2 bulan lalu,False,2026 is looking great! 😂,0,5,24,Top-level,Positive
UgzDG7z9Hd1fnWMBXY94AaABAg,"With this coming up and the useless and unnecessary blockage of the strait of Hormuz, we’re working towards a world wide famine.",@haseeb9090,1,2 bulan lalu,False,"With this coming up and the useless and unnecessary blockage of the strait of Hormuz, we’re working towards a world wide famine.",1,22,128,Top-level,Negative
UgxHKE5l3cKQSyaRJZl4AaABAg,"End Times, God just ask for a realtionship. We all sin and fall short of God's glory but thats why He came to save all through His blood. If you believe, put your faith in Him and trust are you saved. Repent. Wars, rumors of wars, plagues, famines, earthquakes, signs, scoffers scoffing of Christ return, false prophets and so much more. All it is- is a relationship, no ones perfect, we all are human, Jesus saves.",@darlingphantom4370,0,2 bulan lalu,False,"End Times, God just ask for a realtionship. We all sin and fall short of God's glory but thats why He came to save all through His blood. If you believe, put your faith in Him and trust are you saved. Repent. Wars, rumors of wars, plagues, famines, earthquakes, signs, scoffers scoffing of Christ return, false prophets and so much more. All it is- is a relationship, no ones perfect, we all are human, Jesus saves.",0,76,415,Top-level,Positive
UgyQYs3gA91HENngnK94AaABAg,Climate change… yes climate changes like the weather. Im sure we will survive what ever it is. Humans are over dramatic these days,@Harper-o8l4s,0,2 bulan lalu,False,Climate change… yes climate changes like the weather. Im sure we will survive what ever it is. Humans are over dramatic these days,0,23,130,Top-level,Neutral
Ugw8Dry_YYNXzszsWad4AaABAg,I thought it was climate change,@sahara-sandmaster,0,2 bulan lalu,False,I thought it was climate change,0,6,31,Top-level,Neutral
UgzXzZXUUo2SFqtfHfN4AaABAg,EL NO NO ..,@andrew9486,0,2 bulan lalu,False,EL NO NO ..,0,4,11,Top-level,Neutral
UgyjFDHNt_ohvatwJTp4AaABAg,well i guess we might as well just die already jfc,@jake_o_lanternnn,0,2 bulan lalu,False,well i guess we might as well just die already jfc,0,11,50,Top-level,Neutral
UgxevKyQZLvmkc-IeMF4AaABAg,"Humans:  You where to be the Caretakers  of the  Earth  &  Each  other ! 
  How Grate that would have Been !         -    But you would Not -
  So the Earth it self  -      Shall rise up    - & -    slay you !                  ""Sorry""            Have A Blessed Day !",@apincyahoocom,0,2 bulan lalu,False,"Humans: You where to be the Caretakers of the Earth & Each other ! How Grate that would have Been ! - But you would Not - So the Earth it self - Shall rise up - & - slay you ! ""Sorry"" Have A Blessed Day !",0,48,204,Top-level,Negative
UgyGCt2XWfL473BgAgt4AaABAg,"Every year moving forward will the warmest year on record. The earth is moving closer to the sun as every planet does over time. Global warming occurs naturally. We do not cause it. O well, we can't change mother earth at all... we have to deal with it!",@RetlerTango39,0,2 bulan lalu,False,"Every year moving forward will the warmest year on record. The earth is moving closer to the sun as every planet does over time. Global warming occurs naturally. We do not cause it. O well, we can't change mother earth at all... we have to deal with it!",0,48,253,Top-level,Neutral
Ugzbl0YVL05TiJPblFp4AaABAg,"It’s okay lads, we’re spraying the globe 24/7 with aluminium, no need to fear 😘",@Mr_Pink_FTW,0,2 bulan lalu,False,"It’s okay lads, we’re spraying the globe 24/7 with aluminium, no need to fear 😘",0,15,79,Top-level,Positive
Ugx9CUdpr58w-h7mzz94AaABAg,"Jesus is coming soon! No man knows the day or hour! Just be ready. 

Lord Jesus i am a sinner and in need of your forgiveness. Please forgive me,  save me and cleanse my from all my sins and fill me with your Holy Spirit. ❤",@kimAb983,1,2 bulan lalu,False,"Jesus is coming soon! No man knows the day or hour! Just be ready. Lord Jesus i am a sinner and in need of your forgiveness. Please forgive me, save me and cleanse my from all my sins and fill me with your Holy Spirit. ❤",1,46,220,Top-level,Positive
UgwN_zN6FbtGmnIj1xB4AaABAg,Fear…fear…..FEARRRRRR!!!,@gbr1ryder,0,2 bulan lalu,False,Fear…fear…..FEARRRRRR!!!,0,1,24,Top-level,Neutral
UgyvA7ehJhw2_NJfxY94AaABAg,"""SUPER EL NINO"" ""you would have to go back OVER A DECADE to see anything like it! "" (decade=10y) ""IN MODERN HISTORY"" (???)  
02:00  ""last times it happened: 1997, 1998, 2015, 2016""

What's with the unneeded panic provoking title and text? Facts mentioned in the video don't match it.  Is this a news channel or clickbait? BBC needs the ad money from youtube? lmao

Maybe try: ""We didn't have it in the last 10 years, but it happens frequently, many times in an average human lifetime, most recently 2015,2016. We should definitely use this knowledge to try and be proactive, but there is nothing coming we haven't seen many times before.""",@BliteOG,0,2 bulan lalu,False,"""SUPER EL NINO"" ""you would have to go back OVER A DECADE to see anything like it! "" (decade=10y) ""IN MODERN HISTORY"" (???) 02:00 ""last times it happened: 1997, 1998, 2015, 2016"" What's with the unneeded panic provoking title and text? Facts mentioned in the video don't match it. Is this a news channel or clickbait? BBC needs the ad money from youtube? lmao Maybe try: ""We didn't have it in the last 10 years, but it happens frequently, many times in an average human lifetime, most recently 2015,2016. We should definitely use this knowledge to try and be proactive, but there is nothing coming we haven't seen many times before.""",0,111,632,Top-level,Positive
Ugw2r4ZTHd6PyVInCB94AaABAg,ENOUGH!!!!!!!!! We need a break,@FutileGrief,0,2 bulan lalu (diedit),False,ENOUGH!!!!!!!!! We need a break,0,5,31,Top-level,Neutral
UgwZOrqIro6sjGwkvrh4AaABAg,"Hey Simon, would you mind reporting on the connection between increased solar activity and how it connects to the weather? I dont think its a coincidence that our sun is as active as its been in 300 years, and how that may connect to the increase in storm magnitude. 

Please dont immediately dismiss this because of potential false science in the past. 

A solar flare is an ejection of energy, and there is proof of that energy entering earth's atmosphere with the Northern lights. And I find it unacceptable, modern science says that the light show in the sky is the only effects from this. And cell interference.",@andrewmckinley9017,0,2 bulan lalu (diedit),False,"Hey Simon, would you mind reporting on the connection between increased solar activity and how it connects to the weather? I dont think its a coincidence that our sun is as active as its been in 300 years, and how that may connect to the increase in storm magnitude. Please dont immediately dismiss this because of potential false science in the past. A solar flare is an ejection of energy, and there is proof of that energy entering earth's atmosphere with the Northern lights. And I find it unacceptable, modern science says that the light show in the sky is the only effects from this. And cell interference.",0,108,612,Top-level,Neutral
UgwTt8UdpPhircDmpEF4AaABAg,Its called biblical prophecy,@joebojito,1,2 bulan lalu,False,Its called biblical prophecy,1,4,28,Top-level,Neutral
UgxBOf5_KR3Ei2cNRbd4AaABAg,I'm 💯 sure there will be a severe drought in East Africa in 2027.,@People_watu,0,2 bulan lalu,False,I'm 💯 sure there will be a severe drought in East Africa in 2027.,0,14,65,Top-level,Positive
UgzYCzmrk0jnwyhXmKp4AaABAg,O maior el Nino são vocês que andam constantemente a mentir a inventar para espalhar o medo,@Roberto-v6x6j,0,2 bulan lalu,False,O maior el Nino são vocês que andam constantemente a mentir a inventar para espalhar o medo,0,17,91,Top-level,Neutral
UgwBrA-s4FqmAkLYjkB4AaABAg,"I understand that climate control is a big factor, just let's not forget that technically we are getting slowly pulled into the sun and nothing will stop that.",@AzzaB089,0,2 bulan lalu,False,"I understand that climate control is a big factor, just let's not forget that technically we are getting slowly pulled into the sun and nothing will stop that.",0,28,159,Top-level,Negative
UgySmV-0YdF4tAPynit4AaABAg,You spoke for 5-1/2 minutes and  said  nothing.,@Yet1moreUtuber,0,2 bulan lalu,False,You spoke for 5-1/2 minutes and said nothing.,0,8,45,Top-level,Neutral
Ugw9_fYcuY-vL5KM0J54AaABAg,The Caribbean is not part of Africa my dude,@bamig8063,0,2 bulan lalu,False,The Caribbean is not part of Africa my dude,0,9,43,Top-level,Neutral
UgxKAMXeWGpdW8YT0bB4AaABAg,"Fake News -> United Nations • Climate change refers to long-term shifts in temperatures and weather patterns. Human activities have been the main driver of climate change, primarily due to the burning of fossil fuels like coal, oil and gas.",@RelaxwithSeizure,0,2 bulan lalu,False,"Fake News -> United Nations • Climate change refers to long-term shifts in temperatures and weather patterns. Human activities have been the main driver of climate change, primarily due to the burning of fossil fuels like coal, oil and gas.",0,40,240,Top-level,Negative
UgzIJbib1Pl9dQJ8E1F4AaABAg,"This plus fertiliser shortage = food crisis ahead. Prepare, because the UK government is paralysed.",@deborahevans4811,0,1 bulan lalu (diedit),False,"This plus fertiliser shortage = food crisis ahead. Prepare, because the UK government is paralysed.",0,15,99,Top-level,Neutral
UgwEzkSfT3xCSl15zYV4AaABAg,And yet here we are everyday fighting over made up digital numbers…,@awolf913,0,2 bulan lalu,False,And yet here we are everyday fighting over made up digital numbers…,0,12,67,Top-level,Negative
Ugwqwv9pfEma4Uc_Xvl4AaABAg,"Yes super virus, super rain, super volcano, super 🐂 💩",@Herbalist-athari,2,2 bulan lalu,False,"Yes super virus, super rain, super volcano, super 🐂 💩",2,10,53,Top-level,Positive
UgxtSW0GDwRuzZxpjRd4AaABAg,All the recent wildfires were arson.,@Alligator699,0,2 bulan lalu,False,All the recent wildfires were arson.,0,6,36,Top-level,Neutral
UgzLxR57j1YEtuOAvo14AaABAg,"There was never a time in history where the climate was perfect for all of earth’s inhabitants 

There is no equilibrium 

The climate has never been static

Remove all human carbon output and still there are many factors that will change the climate 

Be a good steward but don’t by into the alarmist propaganda 

Adapt is the best we can do",@andrewkierans,0,2 bulan lalu (diedit),False,There was never a time in history where the climate was perfect for all of earth’s inhabitants There is no equilibrium The climate has never been static Remove all human carbon output and still there are many factors that will change the climate Be a good steward but don’t by into the alarmist propaganda Adapt is the best we can do,0,61,333,Top-level,Positive
Ugx4dXtGJTEvUFNHNW94AaABAg,Bill Gates had nothing to do with this.,@wildprongs,0,2 bulan lalu,False,Bill Gates had nothing to do with this.,0,8,39,Top-level,Neutral
UgzVBIW1PdMRCJ-D3z54AaABAg,The next reset/reboot. They can manipulate the weather folks.,@stewarty28,0,2 bulan lalu,False,The next reset/reboot. They can manipulate the weather folks.,0,9,61,Top-level,Neutral
UgxAhozoK3BQYdolwkt4AaABAg,That thumbnail has nothing to do with journalism but screams propaganda.,@dennis96381,0,2 bulan lalu,False,That thumbnail has nothing to do with journalism but screams propaganda.,0,11,72,Top-level,Negative
Ugw-GOR7TOhTQO9-Yyt4AaABAg,"dont worry, the billionaires have made sure we have an AI assistant to tell us the weather for tomorrow!! The only cost is trees cut down and water contaminated..but its okay...RIGHT?",@reputedwheat,0,2 bulan lalu,False,"dont worry, the billionaires have made sure we have an AI assistant to tell us the weather for tomorrow!! The only cost is trees cut down and water contaminated..but its okay...RIGHT?",0,31,183,Top-level,Positive
UgyGUPSwLM1XWtzuYZt4AaABAg,We are cooked🙏🙏🙏,@ustinA-s9p6b,0,2 bulan lalu (diedit),False,We are cooked🙏🙏🙏,0,3,16,Top-level,Neutral
UgxL5uMXLRGvFIoNOVl4AaABAg,El Nino ? more like build more AI data centers,@ryanlawrence3690,0,2 bulan lalu,False,El Nino ? more like build more AI data centers,0,10,46,Top-level,Positive
UgzgntcCaQvqfLhuncR4AaABAg,"It seems earlier races looked after the earth better than our industrial age now. I think earth is trying to cleanse itself and fix what we have broken?
Could this be quite devastating for man…definitely!",@Aangel452,0,2 bulan lalu,False,It seems earlier races looked after the earth better than our industrial age now. I think earth is trying to cleanse itself and fix what we have broken? Could this be quite devastating for man…definitely!,0,35,204,Top-level,Negative
UgxUB0Sl01XTUgSTCYN4AaABAg,End times folks!!!,@Geoff-x8m2t,0,2 bulan lalu,False,End times folks!!!,0,3,18,Top-level,Neutral
UgwcLQAh0l1JauvtQWl4AaABAg,I really hate to say this but I pray you are completely wrong.,@benfranklin3963,0,2 bulan lalu,False,I really hate to say this but I pray you are completely wrong.,0,13,62,Top-level,Negative
UgynLsgIF0B9_mPwamN4AaABAg,You lost me at the accent,@paytechwiz5071,0,2 bulan lalu,False,You lost me at the accent,0,6,25,Top-level,Neutral
Ugx7vTEEaXX7atmyU_R4AaABAg,"These insane environmentalist haven’t been right about anything yet; but they continue to spread a fear to generate money.

I’m so sick of this new world we live in where both sides of the political spectrum are just hanging us upside down to empty our pockets",@Ont785,1,2 bulan lalu,False,These insane environmentalist haven’t been right about anything yet; but they continue to spread a fear to generate money. I’m so sick of this new world we live in where both sides of the political spectrum are just hanging us upside down to empty our pockets,1,46,259,Top-level,Negative
UgzK_KXhOGxySh7hHXt4AaABAg,Over 80 million people will die if it’s not handled by the world better than last time,@SolaraSinclaire,0,3 minggu lalu,False,Over 80 million people will die if it’s not handled by the world better than last time,0,17,86,Top-level,Positive
UgwCAuQxUA-GUHcYjMZ4AaABAg,We’re cooked. For real this time,@HahWish123,0,2 bulan lalu,False,We’re cooked. For real this time,0,6,32,Top-level,Positive
Ugy83eQWpaciC2a_e4d4AaABAg,Stop spraying the skies!,@JakandG,0,2 bulan lalu,False,Stop spraying the skies!,0,4,24,Top-level,Neutral
UgzIj3Na9DTJ-8J7we94AaABAg,Already here folks just a blink n itll be way too hot to quick again not good if already bad drought so respirators masks etc fire gear up .away to open ground flea the forest itll burn too fast in tge west n parts of tge eastern is overdue any clearings of fuel also west is blite east has multiple blites dead wood abounds in tge forests like ive not seen since after fire in yellowstone tgen in 0103 roberts fire glacier terrible loss of beautiful native timber likely not coming back .,@davidr.walters371,0,2 bulan lalu,False,Already here folks just a blink n itll be way too hot to quick again not good if already bad drought so respirators masks etc fire gear up .away to open ground flea the forest itll burn too fast in tge west n parts of tge eastern is overdue any clearings of fuel also west is blite east has multiple blites dead wood abounds in tge forests like ive not seen since after fire in yellowstone tgen in 0103 roberts fire glacier terrible loss of beautiful native timber likely not coming back .,0,93,489,Top-level,Negative
UgzrVrkSDrcKl1uyXFl4AaABAg,Can’t wait to get my vaccine to protect me from El Niño,@ItsAll4Gaming,0,2 bulan lalu,False,Can’t wait to get my vaccine to protect me from El Niño,0,12,55,Top-level,Neutral
UgyrX8al2zP-UkpdiSl4AaABAg,"Ahhh so theyre pushing climate control again, didnt iran hit the harrp radar then it suddenly started raining, . Give it a few years coincidentally 2030 big reset and they will have orchestrated weather stats to strengthen the narrative for another tax and control",@lesleyduncan8064,0,2 bulan lalu,False,"Ahhh so theyre pushing climate control again, didnt iran hit the harrp radar then it suddenly started raining, . Give it a few years coincidentally 2030 big reset and they will have orchestrated weather stats to strengthen the narrative for another tax and control",0,44,264,Top-level,Negative
UgweVH56SjcCcwwiuQx4AaABAg,Maybe the Holy Bible is true and this is a wake up call JESUS IS COMING BACK 🤔,@gideonsvedik3781,1,2 bulan lalu,False,Maybe the Holy Bible is true and this is a wake up call JESUS IS COMING BACK 🤔,1,18,78,Top-level,Positive
UgxPU2YacJV5-AvdhMh4AaABAg,imagine someone told this to Netanyahu and israeli people haha what they say... when world is worrying about global warming and nature and el nino israel say good fuel it and burned everything cause it was written 3000 years back...,@saahilbaba99,0,2 bulan lalu,False,imagine someone told this to Netanyahu and israeli people haha what they say... when world is worrying about global warming and nature and el nino israel say good fuel it and burned everything cause it was written 3000 years back...,0,40,232,Top-level,Positive
UgxQyN3JHuAn6cesyOV4AaABAg,"He said ""it's going to go from strong to very strong"" 😂... chocolate is going from expensive to very expensive 🤣 wild fires are going from bad to very bad ...oh gosh everything I going up by ""Very"" hahaha
...what out for the ""Very""!!",@peapodgreens,0,2 bulan lalu (diedit),False,"He said ""it's going to go from strong to very strong"" 😂... chocolate is going from expensive to very expensive 🤣 wild fires are going from bad to very bad ...oh gosh everything I going up by ""Very"" hahaha ...what out for the ""Very""!!",0,44,233,Top-level,Negative
UgzlBq64AetX5w3zEyx4AaABAg,People  are that dumb these  elites slowly killing us and children . Let's go visit area 51 see what is going on in there sorry no  humans allowed I wonder 🤔 why?  wake group up .,@NorthSiXJames,0,2 bulan lalu (diedit),False,People are that dumb these elites slowly killing us and children . Let's go visit area 51 see what is going on in there sorry no humans allowed I wonder 🤔 why? wake group up .,0,36,175,Top-level,Negative
Ugx-Hi5ycnu70W2MnsZ4AaABAg,BBC Fear Fear Fear. You can't even get the weather right for tomorrow. Sitting here freezing in May.,@keithdenton8386,0,2 bulan lalu,False,BBC Fear Fear Fear. You can't even get the weather right for tomorrow. Sitting here freezing in May.,0,18,100,Top-level,Positive
UgwPRu8r-ug8Cba6YUF4AaABAg,"People never connect the dots. I don't know if it's because they believe it's all bs, they're uneducated, or they honestly could care less.

Hotter drier summers mean less food. Compounded by more insects, drought, fertilizer shortages, cannery closures, and in the US, no one willing to pick what crops there are (Trump has jailed and/or deported them all).",@carolew994,0,2 bulan lalu,False,"People never connect the dots. I don't know if it's because they believe it's all bs, they're uneducated, or they honestly could care less. Hotter drier summers mean less food. Compounded by more insects, drought, fertilizer shortages, cannery closures, and in the US, no one willing to pick what crops there are (Trump has jailed and/or deported them all).",0,59,357,Top-level,Positive
Ugwjt0ZCQacLQ78TeOJ4AaABAg,Not like the BBC to cause terror in the world. I bet you'll be showing  the lovely temperature of 30°c as very dark red instead of warm orange 20yrs ago. Shame on you,@have-a-gorepairhero2760,0,2 bulan lalu,False,Not like the BBC to cause terror in the world. I bet you'll be showing the lovely temperature of 30°c as very dark red instead of warm orange 20yrs ago. Shame on you,0,33,165,Top-level,Positive
UgwNpsbkoXikxLiyfj14AaABAg,this thing could peter out. its done it before. all this hype building just because of computer simulations. i'm gonna laugh my ass off if the spring unpredictability tricks them again,@gregh7457,0,2 bulan lalu,False,this thing could peter out. its done it before. all this hype building just because of computer simulations. i'm gonna laugh my ass off if the spring unpredictability tricks them again,0,31,184,Top-level,Positive
UgwWY7yFMhi6vxuopbB4AaABAg,"So basically people all over are reporting life altering changes to the environment that they live in and a little resea3ch should make most come to the conclusion that these changes are caused by human activity. Now if you can pinpoint the industries and actions that are a source problem you will also see that there are new laws in place to criminalize people who take any action to stop projects or oppose actions that destroy the environment.  You will also see that mining and production that seems to be part of the problem have protections in place that were established by the governments that support the corporate interests that may be largely responsible.  

For most solutions that could allow down to the point of averting the slide towards an unsustainable environment and ecosystem you will see that corporations and the governments they benefit have made it even criminal to try and stop said actions and there is extreme resistance to anyone wanting to hold states and companies that perpetrate climate altering actions.

In the USA if one tries to physically stop an action that is sure to poison water and life for local or greater communities the government has put terrorist charge enhancements on actions that could stop pipelines or construction of infrastructure that will pollute and destroy ecosystems that sustain life. If you try to block damaging actions to protect your lands and community and the future of your children and family livelihood, you will be criminalized, called subversive, put on watch lists or designated an ""undesirable"" activist element.

People see that if we do not do something to oppose systems that sell off our future and our trees and polluted our waters, etc, we will be charged as criminals or terrorists.

People see that wars over fossil fuels are prevalent yet no states want to take steps to stop being reliant upon them because there is so much profit to be made producing and selling them.

We have seen island societies that were isolated from the rest of the world become extinct and they all knew that the leaders and elite powers on that island were aware that they would soon die off if they did not stop depleting resources and overheating and cutting down trees to develop more and in EVERY case nobody did anything until every human was dead on those islands.  I doubt they even teach these things to children growing up these days because they want nobody to see that we are doing it again.

They want you to hate AI data centers because they are not good for the environment but AI has been around for ages so why are they building so many new data centers? These data centers have nothing to do with the AI you use right now. That AI has been working just fine without the need for massive new centers being built.

AI data centers are being build to incorporate AI into military applications to wage extreme warfare against other nations and to store massive data points that profile human beings, for predictive policing, for mass control and surveillance, and to run entire digital infrastructure off automated systems. AI data centers are a threat to human liberty and will be used to control and profile each and every person in every developed country. 

There is very little new data to be stored. If you search the consumer grade internet it is a very small amount of data being rephrased and copy+pasted over and over. Even new news stories are just repeating each other.

Instead of complaining about the pollution that AI data centers will create and the nuisance, understand WHAT they are and once you realize what they will be used for and how they will categorized and control you, you will not just fear them but hate them. 

At a certain point people will need to risk their lives and liberty to stop the small number of greedy people and companies that are constructing our destruction but many will wait until it is too late and too late means massive violence and loss of life and state slaughter of human beings on a scale larger than Palestine or what we have seen in Iran. I predict we will have concentration camps again as the most dissenting undesirables and rebels are classified and there will be mass incarceration and pharmacological crime and punishment modules where millions of humans will be hooked to IVs and drugs designed to torture and make hours seem like years will be used at facilities to punish those deemed criminal. Brain interface implants will be used in Thought Policing, and Predictive Policing will be used to neutralize possible threats before they manifest,  meaning your children will be grabbed and quarantined and forced into re-education programs based on predictive analysis that is AI powered.

Before you dismiss what I have just written, feel free to Google or research every thing I have labeled and pointed out in this comment and you will be amazed to see that these are actual real and currently funded and in development programs.  Every single thing I wrote about is based off of real science and there are countless journal entries and articles and scientific data that exist. Back when libraries had books there was even more data about these programs, but especially in the USA you must have noticed that there are fewer and fewer libraries.  The reason for this is that library books cannot be easily censored and reviewed for material yearly that threatens political or government narratives as they change,  but electronic publications and videos can be censored in milliseconds and can be deleted, blocked, denied space on domains, etc.

In essence, wisdom and knowledge are now seen as threats to National and international security. 

Read this comment once more of it didn't truly sink in what is being said the first time, and good luck resisting the evil that is coming because not much is currently being done to stop it. You see all the signs and yet there is no organized resiatance...",@truthinlightministries,1,2 bulan lalu,False,"So basically people all over are reporting life altering changes to the environment that they live in and a little resea3ch should make most come to the conclusion that these changes are caused by human activity. Now if you can pinpoint the industries and actions that are a source problem you will also see that there are new laws in place to criminalize people who take any action to stop projects or oppose actions that destroy the environment. You will also see that mining and production that seems to be part of the problem have protections in place that were established by the governments that support the corporate interests that may be largely responsible. For most solutions that could allow down to the point of averting the slide towards an unsustainable environment and ecosystem you will see that corporations and the governments they benefit have made it even criminal to try and stop said actions and there is extreme resistance to anyone wanting to hold states and companies that perpetrate climate altering actions. In the USA if one tries to physically stop an action that is sure to poison water and life for local or greater communities the government has put terrorist charge enhancements on actions that could stop pipelines or construction of infrastructure that will pollute and destroy ecosystems that sustain life. If you try to block damaging actions to protect your lands and community and the future of your children and family livelihood, you will be criminalized, called subversive, put on watch lists or designated an ""undesirable"" activist element. People see that if we do not do something to oppose systems that sell off our future and our trees and polluted our waters, etc, we will be charged as criminals or terrorists. People see that wars over fossil fuels are prevalent yet no states want to take steps to stop being reliant upon them because there is so much profit to be made producing and selling them. We have seen island societies that were isolated from the rest of the world become extinct and they all knew that the leaders and elite powers on that island were aware that they would soon die off if they did not stop depleting resources and overheating and cutting down trees to develop more and in EVERY case nobody did anything until every human was dead on those islands. I doubt they even teach these things to children growing up these days because they want nobody to see that we are doing it again. They want you to hate AI data centers because they are not good for the environment but AI has been around for ages so why are they building so many new data centers? These data centers have nothing to do with the AI you use right now. That AI has been working just fine without the need for massive new centers being built. AI data centers are being build to incorporate AI into military applications to wage extreme warfare against other nations and to store massive data points that profile human beings, for predictive policing, for mass control and surveillance, and to run entire digital infrastructure off automated systems. AI data centers are a threat to human liberty and will be used to control and profile each and every person in every developed country. There is very little new data to be stored. If you search the consumer grade internet it is a very small amount of data being rephrased and copy+pasted over and over. Even new news stories are just repeating each other. Instead of complaining about the pollution that AI data centers will create and the nuisance, understand WHAT they are and once you realize what they will be used for and how they will categorized and control you, you will not just fear them but hate them. At a certain point people will need to risk their lives and liberty to stop the small number of greedy people and companies that are constructing our destruction but many will wait until it is too late and too late means massive violence and loss of life and state slaughter of human beings on a scale larger than Palestine or what we have seen in Iran. I predict we will have concentration camps again as the most dissenting undesirables and rebels are classified and there will be mass incarceration and pharmacological crime and punishment modules where millions of humans will be hooked to IVs and drugs designed to torture and make hours seem like years will be used at facilities to punish those deemed criminal. Brain interface implants will be used in Thought Policing, and Predictive Policing will be used to neutralize possible threats before they manifest, meaning your children will be grabbed and quarantined and forced into re-education programs based on predictive analysis that is AI powered. Before you dismiss what I have just written, feel free to Google or research every thing I have labeled and pointed out in this comment and you will be amazed to see that these are actual real and currently funded and in development programs. Every single thing I wrote about is based off of real science and there are countless journal entries and articles and scientific data that exist. Back when libraries had books there was even more data about these programs, but especially in the USA you must have noticed that there are fewer and fewer libraries. The reason for this is that library books cannot be easily censored and reviewed for material yearly that threatens political or government narratives as they change, but electronic publications and videos can be censored in milliseconds and can be deleted, blocked, denied space on domains, etc. In essence, wisdom and knowledge are now seen as threats to National and international security. Read this comment once more of it didn't truly sink in what is being said the first time, and good luck resisting the evil that is coming because not much is currently being done to stop it. You see all the signs and yet there is no organized resiatance...",1,1018,5918,Top-level,Neutral
UgybUxq3Aa7LyP3PSnV4AaABAg,They gave multiple dates to that events all went past the deadline this video is way past the deadline for that event lol it's 2012 end of world all over again,@tranqpeasolman782,0,2 bulan lalu,False,They gave multiple dates to that events all went past the deadline this video is way past the deadline for that event lol it's 2012 end of world all over again,0,31,159,Top-level,Positive
UgwubN1pwrRDd0xOqLF4AaABAg,"If we pay more tax, will the threat go away?",@damianleon9837,0,2 bulan lalu,False,"If we pay more tax, will the threat go away?",0,10,44,Top-level,Positive
UgwWY7yFMhi6vxuopbB4AaABAg.AWwsKg9QVmxAWx0O19tdbI,"Because 99% of their claims are lies, that's why so many of us stopped caring about the climate lies

When they fly in jets everywhere

Demand we not eat meat but fly in beeef from Japan 

Until the rich admit it's a money laundering at the cost of lives we may give a crap
Until then nope",@Wamsubnz,0,2 bulan lalu,True,"Because 99% of their claims are lies, that's why so many of us stopped caring about the climate lies When they fly in jets everywhere Demand we not eat meat but fly in beeef from Japan Until the rich admit it's a money laundering at the cost of lives we may give a crap Until then nope",0,57,285,Reply,Positive
UgybBsNR4RaCsX32f1h4AaABAg,"If Bill Gates stopped spraying chemicals to manipulate the weather, this wouldn't be happening.",@TooOldToTurnProcycling,0,2 bulan lalu,False,"If Bill Gates stopped spraying chemicals to manipulate the weather, this wouldn't be happening.",0,14,95,Top-level,Neutral
UgxwdpOhXM-hrSGNcOB4AaABAg,If its on the BBC it can only be bollocks,@iandickson6863,0,2 bulan lalu,False,If its on the BBC it can only be bollocks,0,10,41,Top-level,Neutral
UgzjIcIq-e8m3H0ncEx4AaABAg,at this point its america causing all these bad weather conditions for their agenda you cant deny it after what happened to the middle east after a weather station got bombed by iran,@fafoy17,0,2 bulan lalu,False,at this point its america causing all these bad weather conditions for their agenda you cant deny it after what happened to the middle east after a weather station got bombed by iran,0,33,182,Top-level,Negative
Ugyh4CI77t1zHftOFUJ4AaABAg,first,@Luqa.Yo22,0,2 bulan lalu,False,first,0,1,5,Top-level,Positive
UgyuHnTLCI2EPBUsrvp4AaABAg,Steal the rich money especially those Ai bros,@PoollShietz,0,2 bulan lalu,False,Steal the rich money especially those Ai bros,0,8,45,Top-level,Positive
Ugz_w-EwZKFifN97Nl54AaABAg,"I think that right now would be a good time for arsonist laws to be more effective, like life in prison if court for single adults.",@Aangel452,0,2 bulan lalu,False,"I think that right now would be a good time for arsonist laws to be more effective, like life in prison if court for single adults.",0,26,131,Top-level,Positive
Ugzn_pxGWnoM3BULqvR4AaABAg,All government scare mongering is a precursor to take away more of your rights real or not this will come with the overlords forcing you to curb your habits while they fly to davos in jets never comply with them manufacturing consent requires consent,@harveyepstein8256,0,2 bulan lalu,False,All government scare mongering is a precursor to take away more of your rights real or not this will come with the overlords forcing you to curb your habits while they fly to davos in jets never comply with them manufacturing consent requires consent,0,44,250,Top-level,Positive
Ugw8MYS41ZCFOhkzvbJ4AaABAg,or your all just manipulating it,@XRPRIDDLER,0,2 bulan lalu,False,or your all just manipulating it,0,6,32,Top-level,Neutral
UgzBTPIyqEisjRv913V4AaABAg,Here in India we're getting cooked 🥵,@4015Kk,0,2 bulan lalu,False,Here in India we're getting cooked 🥵,0,7,36,Top-level,Neutral
UgwjQytpIDOaW9RmB-Z4AaABAg,Seems artificially planned,@sgtmarz,0,2 bulan lalu,False,Seems artificially planned,0,3,26,Top-level,Negative
UgyRcvCAEZ-zOALISsl4AaABAg,Why is nature trying to kill us?,@harrykuehn3894,0,2 bulan lalu,False,Why is nature trying to kill us?,0,7,32,Top-level,Neutral
UgyEn3NaJWWITzsk2nB4AaABAg,"El niño for male
La Niña for female
Not el Niña.",@Ulyses290,0,2 bulan lalu,False,El niño for male La Niña for female Not el Niña.,0,11,48,Top-level,Neutral
Ugx9xLzVbq84UiV2VQV4AaABAg,Biblical end times,@DeputyDaniel420,0,2 bulan lalu,False,Biblical end times,0,3,18,Top-level,Neutral
UgwLR-GxkYehJUciR7d4AaABAg,Fearmongering in the form of weather,@minibra4785,0,2 bulan lalu,False,Fearmongering in the form of weather,0,6,36,Top-level,Neutral
Ugy1L6-xqg0rtLDR3Bl4AaABAg,"So we have had this before we could blame fossil fuels! The media will use this to pump up the climate change. I have heard them say it will hit chocolate prices before. The weather does what it does even in the 1800’s, oh but records might not have been as “accurate” so we can just dismiss that.",@600veyron,0,2 bulan lalu (diedit),False,"So we have had this before we could blame fossil fuels! The media will use this to pump up the climate change. I have heard them say it will hit chocolate prices before. The weather does what it does even in the 1800’s, oh but records might not have been as “accurate” so we can just dismiss that.",0,58,297,Top-level,Positive
Ugw55BdiKFnMXDKcpy54AaABAg,It is starting to seem like every year sets a new record average global temperature until the next year. How long till these climate change deniers start to see a trend and take notice?,@ronkirk5099,0,2 bulan lalu,False,It is starting to seem like every year sets a new record average global temperature until the next year. How long till these climate change deniers start to see a trend and take notice?,0,34,185,Top-level,Neutral
Ugxs5u4892Ko0vUp9p94AaABAg,First time flood second time fire. This earth will burn and all with it that have not turned to God and put their faith in Him. Those of us that know the bible and are with God understand whats happening.,@GraceHavenReflections,0,2 bulan lalu,False,First time flood second time fire. This earth will burn and all with it that have not turned to God and put their faith in Him. Those of us that know the bible and are with God understand whats happening.,0,40,204,Top-level,Positive
Ugx9234avUJlb6oILu94AaABAg,Corporations and US military must be stopped they are destroying our planet,@c666s,0,2 bulan lalu,False,Corporations and US military must be stopped they are destroying our planet,0,12,75,Top-level,Negative
UgyOGgjsAf2Ot2AfDVR4AaABAg,"You can always rely on the BBC to try and spread panic. I'm really surprised that you didn't throw 'man-made climate change in there somewhere'. By the way, fertiliser costs are going up because of the Iran war. Also, I'm really surprised that you didn't throw in the excessive rainfall from 2005 and 2007 in the UK. That was blamed on El Niño at the time, by you.",@Humble_Grumble,0,2 bulan lalu,False,"You can always rely on the BBC to try and spread panic. I'm really surprised that you didn't throw 'man-made climate change in there somewhere'. By the way, fertiliser costs are going up because of the Iran war. Also, I'm really surprised that you didn't throw in the excessive rainfall from 2005 and 2007 in the UK. That was blamed on El Niño at the time, by you.",0,68,364,Top-level,Neutral
Ugw6hLy2BvpsDth6xa14AaABAg,The BBC waisting their publicly funded budget to spout their climate change propaganda.  No doubt they’ve got this information from the Met Office .. another publicly funded organisation that just can’t stick to its own weather forecast agenda 🙄,@SeaDog1-old,1,2 bulan lalu,False,The BBC waisting their publicly funded budget to spout their climate change propaganda. No doubt they’ve got this information from the Met Office .. another publicly funded organisation that just can’t stick to its own weather forecast agenda 🙄,1,39,244,Top-level,Positive
UgyRcvCAEZ-zOALISsl4AaABAg.AWxnEwPYHUnAWxsREgN8aj,Because we killed nature,@MegH-i1v,0,2 bulan lalu,True,Because we killed nature,0,4,24,Reply,Negative
Ugz0s368ROiIQpZQt9Z4AaABAg,"oh so renewables and evs didnt make any difference?
see, renewables are a joke",@thelonewolf666,0,2 bulan lalu,False,"oh so renewables and evs didnt make any difference? see, renewables are a joke",0,14,78,Top-level,Neutral
Ugy98PkbofwR-ODjNKN4AaABAg,Probably propaganda,@rgroenendijk8684,1,2 bulan lalu,False,Probably propaganda,1,2,19,Top-level,Negative
UgwfgPmwX9MtIIJTnld4AaABAg,"Blah blah blah. Its getting hot. Its called summer. Remember that. Also the governements of the world control the weathr and that is whats causing the weathr to change dramatically. Iran recently admitted that the united states was controlling the weather in their skies for decades using satelites. Once iran destroyed  those satellites in the war, their droughts that they had for years ended in a day. Dont believe me. Look it up yourself.",@umernaveed8731,0,2 bulan lalu,False,"Blah blah blah. Its getting hot. Its called summer. Remember that. Also the governements of the world control the weathr and that is whats causing the weathr to change dramatically. Iran recently admitted that the united states was controlling the weather in their skies for decades using satelites. Once iran destroyed those satellites in the war, their droughts that they had for years ended in a day. Dont believe me. Look it up yourself.",0,74,441,Top-level,Positive
UgyeD8j11leAR0vDM4N4AaABAg,Scare tactics huh...whose paying you. It's called weather. The weather always changes.,@ireneward1617,0,2 bulan lalu,False,Scare tactics huh...whose paying you. It's called weather. The weather always changes.,0,12,86,Top-level,Neutral
Ugxxc9s2n8CAdaZaCW14AaABAg,Scaremongering again,@Blimpters01,1,2 bulan lalu,False,Scaremongering again,1,2,20,Top-level,Neutral
Ugxm6iQer2aoHPyK1ah4AaABAg,"Except it’s not El Niño super, it’s mega geoengineering with a frequency emf fence. Stop being brainwashed",@ruthsgardeningdesciple8306,0,3 minggu lalu,False,"Except it’s not El Niño super, it’s mega geoengineering with a frequency emf fence. Stop being brainwashed",0,17,106,Top-level,Positive
Ugxpg1nWjatg0buF_Qp4AaABAg,"Combined with cloud seeding governments really are getting their way ,planned starvation 😢",@arthurreynolds53,0,2 bulan lalu,False,"Combined with cloud seeding governments really are getting their way ,planned starvation 😢",0,13,90,Top-level,Positive
Ugz5Q1RsDAAooDNB81d4AaABAg,Yahweh is God.,@ABIDE-IN,1,2 bulan lalu,False,Yahweh is God.,1,3,14,Top-level,Neutral
UgyULdxsPWJAU39Rrqp4AaABAg,I blame labour government,@rjw74,0,2 bulan lalu,False,I blame labour government,0,4,25,Top-level,Neutral
Ugy6h24kUp9kpOZbso14AaABAg,What a dumb comment to make about Chocolate. People are literally dying and you just care about your sweets.,@mottajosh,0,2 bulan lalu,False,What a dumb comment to make about Chocolate. People are literally dying and you just care about your sweets.,0,19,108,Top-level,Negative
UgxviaNxY0GkYbmrybt4AaABAg,Hopefully 🤣.,@SpikeyBiker,0,2 bulan lalu,False,Hopefully 🤣.,0,2,12,Top-level,Neutral
Ugx8qVBBPBl_qqEUtoR4AaABAg,Predictions from the bbc 😂😂😂😂,@cjolley2320,0,2 bulan lalu,False,Predictions from the bbc 😂😂😂😂,0,5,29,Top-level,Neutral
UgzgDuhZBLU9Y5VDgIl4AaABAg,❤😂🎉😢😮😅😊,@mattgorham8804,0,2 bulan lalu,False,❤😂🎉😢😮😅😊,0,1,7,Top-level,Neutral
UgyQ-ylplZAXXBHLwHl4AaABAg,This is nonsense lol they say this every year and nothing happens lol Britain use to have much hotter summers 20 years ago then it does these days,@jayreyndogz1791,0,2 bulan lalu,False,This is nonsense lol they say this every year and nothing happens lol Britain use to have much hotter summers 20 years ago then it does these days,0,28,146,Top-level,Positive
UgyMgGWsFh-Zp6vZMMZ4AaABAg,El human nono makes me laugh how you guys dont expose government,@maldingarxenaj2883,0,2 bulan lalu,False,El human nono makes me laugh how you guys dont expose government,0,12,64,Top-level,Positive
UgwpTM_v79DKauB-a3N4AaABAg,Fear mongering media.,@TheflyingkiwiRC,0,2 bulan lalu,False,Fear mongering media.,0,3,21,Top-level,Neutral
Ugzw4mWbewrwFUWWsuZ4AaABAg,"Stop burning fossil fuels, stop war!",@jlluna2633,0,2 bulan lalu,False,"Stop burning fossil fuels, stop war!",0,6,36,Top-level,Neutral
UgyCr1JBXC6rHKNpi1N4AaABAg,"Al Gore said that Florida will be under water by 2025 back in 2000.
Booooo",@mamadoudiallo76312,0,2 bulan lalu,False,Al Gore said that Florida will be under water by 2025 back in 2000. Booooo,0,15,74,Top-level,Neutral
UgyVgQmyealoGseJu_J4AaABAg,"Although I can acknowledge the gravity of the situation, I'm quite put off by the yellow rag sensationalist, tacky looking thumbnail for this report!! Is this really BBC?",@egris00,0,2 bulan lalu,False,"Although I can acknowledge the gravity of the situation, I'm quite put off by the yellow rag sensationalist, tacky looking thumbnail for this report!! Is this really BBC?",0,28,170,Top-level,Positive
UgxDlDVCim_OebbIlZJ4AaABAg,Nino Is dry hot  n Nina wet cold....,@kohjunkee3309,0,2 bulan lalu,False,Nino Is dry hot n Nina wet cold....,0,8,35,Top-level,Negative
UgyQNd5TckDuseG17ER4AaABAg,I guess we should invest more into fossil fuels and war,@Stfguac,0,2 bulan lalu,False,I guess we should invest more into fossil fuels and war,0,11,55,Top-level,Positive
Ugy8Y1TeigZVVgG7tk14AaABAg,Ignorant human always says because of pollutions and don't know Sun/Star gets bigger and bigger every century.,@KjC_Online,0,2 bulan lalu,False,Ignorant human always says because of pollutions and don't know Sun/Star gets bigger and bigger every century.,0,17,110,Top-level,Neutral
UgxMtuwZ1HxwTx4Xlcl4AaABAg,"The Lord Jesus returns, soon 🎉",@DehlilahDee,0,2 bulan lalu,False,"The Lord Jesus returns, soon 🎉",0,6,30,Top-level,Neutral
UgxFSBPKpMVg7-pofHh4AaABAg,Ya el nino is coming ebola is coming economic crisis is coming but all coming for ordinery common people poor people like covid  not for british royal family not for Elon. Musk donald trump not for modi not for oligarghs and multi millionaires its just coming for us the ordinary honest poor comon people who means no harm to nobody.,@NomadRai,0,2 bulan lalu (diedit),False,Ya el nino is coming ebola is coming economic crisis is coming but all coming for ordinery common people poor people like covid not for british royal family not for Elon. Musk donald trump not for modi not for oligarghs and multi millionaires its just coming for us the ordinary honest poor comon people who means no harm to nobody.,0,60,332,Top-level,Negative
UgyaaXJqERMH58OgDVZ4AaABAg,We are governed by pchycopaths. Looking after the super rich who are destroying the world in front of our eyes.,@Forksake82,0,2 bulan lalu,False,We are governed by pchycopaths. Looking after the super rich who are destroying the world in front of our eyes.,0,20,111,Top-level,Positive
Ugy4-_1vsHUaGdTu6qR4AaABAg,It’s all hype . El Niño can’t be that accurately predicted.   I can remember summers back in the late 80s and during the 90s were you had extreme hot weather for months were  all the grass would die and we had water bowsers in the street .  Now we get a week of hot weather and it’s all over the news. Absolutely ridiculous. Anything for views,@Eyes_In_Your_Darkness,1,2 bulan lalu,False,It’s all hype . El Niño can’t be that accurately predicted. I can remember summers back in the late 80s and during the 90s were you had extreme hot weather for months were all the grass would die and we had water bowsers in the street . Now we get a week of hot weather and it’s all over the news. Absolutely ridiculous. Anything for views,1,66,339,Top-level,Neutral
Ugw1eaQY7BF4DY_4p014AaABAg,LIERS! EL NINO IS A TOTAL LOAD OF MALARKEY AND YOU KNOW IT. STORMS ARE TRACKING TO THE FAR NORTH AND THAT IS OPPOSITE OF WHAT HAS BEEN SAID FOR TWO MONTHS. NOW THE BACK PEDDLING INCLUDES NOT MENTIONING THE PRIOR FORECAST AND NOW TALKING ABOUT NEXT WINTER INSTEAD.,@Gary-gc5cx,0,2 bulan lalu,False,LIERS! EL NINO IS A TOTAL LOAD OF MALARKEY AND YOU KNOW IT. STORMS ARE TRACKING TO THE FAR NORTH AND THAT IS OPPOSITE OF WHAT HAS BEEN SAID FOR TWO MONTHS. NOW THE BACK PEDDLING INCLUDES NOT MENTIONING THE PRIOR FORECAST AND NOW TALKING ABOUT NEXT WINTER INSTEAD.,0,49,263,Top-level,Neutral
UgyQNkOeij3CyaVqrtR4AaABAg,EL H.A.R.P.O more like.,@CunningStunt29,0,2 bulan lalu,False,EL H.A.R.P.O more like.,0,4,23,Top-level,Positive
UgwiEvyXbuLkSQ4IwOl4AaABAg,"Can we not… we have enough going on. Like honestly wW3, the rat pandemic, and gas is $1.94 a litre, Epstein, gaza… We need a break.",@Kamuz187,0,2 bulan lalu,False,"Can we not… we have enough going on. Like honestly wW3, the rat pandemic, and gas is $1.94 a litre, Epstein, gaza… We need a break.",0,26,131,Top-level,Positive
UgzOoJ89iTVl2L1qaG14AaABAg,"So cloud seeding for the last 70 years hasn’t f ucked up the planet cycles,MAN has interfered deliberately just to create starvation the rich want it all ,greedy enough is never enough",@arthurreynolds53,0,2 bulan lalu,False,"So cloud seeding for the last 70 years hasn’t f ucked up the planet cycles,MAN has interfered deliberately just to create starvation the rich want it all ,greedy enough is never enough",0,32,184,Top-level,Positive
Ugz3uHAi4pP2RY3NT6R4AaABAg,Go watch the dimming to learn the true reason WHY!!! 😡🤬 Stop trusting these sold out liars.,@22lilacsky,0,2 bulan lalu,False,Go watch the dimming to learn the true reason WHY!!! 😡🤬 Stop trusting these sold out liars.,0,17,91,Top-level,Positive
UgzVxd7M_KTIdip-Url4AaABAg,"I’ve noticed that when winter is colder than usual they remain quiet but when we have warmer summers, they  blame it on human made climate change",@Beyonder1987,0,2 bulan lalu,False,"I’ve noticed that when winter is colder than usual they remain quiet but when we have warmer summers, they blame it on human made climate change",0,26,144,Top-level,Negative
UgzpaWsAkKr6sCU8s0p4AaABAg,We can only hope the USA experiences some of it,@gavinliddle3046,0,2 bulan lalu,False,We can only hope the USA experiences some of it,0,10,47,Top-level,Neutral
UgzEEAXRoL-YGhezwCV4AaABAg,"I know this is serious topic.. but when I see that messy hair, and more than casual shirt it feels like my buddy trying to explain something over a beer.. ""listen here mate, we are all going to die, ya know""?
Is this a real video worth watching or could it be BBC pulling our leg?",@tomxaak,0,2 bulan lalu,False,"I know this is serious topic.. but when I see that messy hair, and more than casual shirt it feels like my buddy trying to explain something over a beer.. ""listen here mate, we are all going to die, ya know""? Is this a real video worth watching or could it be BBC pulling our leg?",0,56,280,Top-level,Neutral
UgzW7gEyfM1sjcjK7eB4AaABAg,Or the climate “engineers”are planning more chaos with global warming set up as the patsy.,@martinlivesley1069,0,2 bulan lalu,False,Or the climate “engineers”are planning more chaos with global warming set up as the patsy.,0,15,90,Top-level,Positive
UgxkIy1PGfYZigjlgR54AaABAg,The only thing super about this El  Niño so far is that it's a Super bust. Big disappointment.,@electrician2001,0,1 bulan lalu,False,The only thing super about this El Niño so far is that it's a Super bust. Big disappointment.,0,18,93,Top-level,Neutral
UgzEyQXxsJ39uNoE4I94AaABAg,"So, what's the BBC's editorial policy on the connection between natural climate phenomena and human induced warming from burning coal, oil and gas? It appears to be Don't Mention The War.",@tejopalarawls7356,0,2 bulan lalu,False,"So, what's the BBC's editorial policy on the connection between natural climate phenomena and human induced warming from burning coal, oil and gas? It appears to be Don't Mention The War.",0,31,187,Top-level,Neutral
UgxQwOUsHebWNdfEls94AaABAg,"We will be ok in the UK because we have a green revolution, Mr Milliband says.",@Paul-w3r3f,0,2 bulan lalu,False,"We will be ok in the UK because we have a green revolution, Mr Milliband says.",0,16,78,Top-level,Positive
UgwyGhzPxLIgAsx0oLt4AaABAg,Humans have destroyed this planet and now they want to colonise other planets. No fix this this one!,@leebartlett5427,0,2 bulan lalu,False,Humans have destroyed this planet and now they want to colonise other planets. No fix this this one!,0,18,100,Top-level,Negative
UgxUYZ0XD5msfch1qkp4AaABAg,Fake ..bs!! 😮fake Information..I live in Colombia !!! Temperature is same as every year this month .bs 😮😮😮,@richgordon-zm4rl,0,2 bulan lalu,False,Fake ..bs!! 😮fake Information..I live in Colombia !!! Temperature is same as every year this month .bs 😮😮😮,0,18,106,Top-level,Negative
Ugy4-_1vsHUaGdTu6qR4AaABAg.AWwvinkWgJ_AWzRZVosRXt,weather isn't climate.,@cameronmackenzie5356,0,2 bulan lalu,True,weather isn't climate.,0,3,22,Reply,Neutral
Ugy4-_1vsHUaGdTu6qR4AaABAg.AWwvinkWgJ_AWzTX46Dt1A, @cameronmackenzie5356 I didn’t say it was ?,@Eyes_In_Your_Darkness,0,2 bulan lalu,True,@cameronmackenzie5356 I didn’t say it was ?,0,7,43,Reply,Neutral
UgyyUo2ZbORO0VK9OiF4AaABAg,"code for Israel owns your government and mainstream media, and weather forecasting, and is going to try and cause a drought and burn your house down.",@lukebpollard,0,2 bulan lalu,False,"code for Israel owns your government and mainstream media, and weather forecasting, and is going to try and cause a drought and burn your house down.",0,26,149,Top-level,Negative
Ugx9zIsomA5HOuB3Vtd4AaABAg,Everyday I check the weather and everyday you get it wrong. You can’t predict your own birthday let alone the weather for the next month. Any excuse to keep you in a state of fear. Classic BBC,@reecestubbs4100,0,2 bulan lalu (diedit),False,Everyday I check the weather and everyday you get it wrong. You can’t predict your own birthday let alone the weather for the next month. Any excuse to keep you in a state of fear. Classic BBC,0,37,192,Top-level,Neutral
UgwRtaF3taT7vD22-5F4AaABAg,Just in time for the engineered oil and fertilizer crisis which is already hitting agriculture and will do for the next couple of years.  Almost like it was planned lol.,@gunit2389,0,2 bulan lalu,False,Just in time for the engineered oil and fertilizer crisis which is already hitting agriculture and will do for the next couple of years. Almost like it was planned lol.,0,30,168,Top-level,Positive
UgzPxrbgtFmSgp2rycN4AaABAg,"EL Niño is nothing new , it's been happening throughout history.",@macoyupadoodle,0,2 bulan lalu,False,"EL Niño is nothing new , it's been happening throughout history.",0,11,64,Top-level,Positive
UgxcdkAZECpgF-AEUAp4AaABAg,"5 mins of drivel. Is the UK gonna get a hot summer for a change or not, it's all anyone really cares about!",@griswolds6182,0,2 bulan lalu,False,"5 mins of drivel. Is the UK gonna get a hot summer for a change or not, it's all anyone really cares about!",0,23,107,Top-level,Positive
UgzkgMwcZQZu1E56Kt54AaABAg,FEAR PROPAGANDA,@bridges006,0,2 bulan lalu,False,FEAR PROPAGANDA,0,2,15,Top-level,Negative
UgxKEP7jNXYYwZEq9ad4AaABAg,If it gets rid of BBC fake news bring it on. Safe and effective. Save the NHS 😊,@censorshipBS,0,2 bulan lalu,False,If it gets rid of BBC fake news bring it on. Safe and effective. Save the NHS 😊,0,18,79,Top-level,Positive
UgwIZavKcwDD3hmMRsN4AaABAg,Jesus is coming repent! Before it to late the Bible already talks about this🙏🏽,@GinaLovesJesus67,1,2 bulan lalu,False,Jesus is coming repent! Before it to late the Bible already talks about this🙏🏽,1,14,78,Top-level,Negative
UgwIfS5SPcKMoE0ix1V4AaABAg,i blame trump.,@TheRestrainedHunger728,0,2 bulan lalu,False,i blame trump.,0,3,14,Top-level,Neutral
UgxbYK_c-pd5B3gMtEV4AaABAg,The end is here look up guy McPherson’s work say goodbye to vegetables say goodbye to agriculture and see if we can keep living. None of the animals are gonna be able to keep living. That includes us.,@more-insects,0,2 bulan lalu,False,The end is here look up guy McPherson’s work say goodbye to vegetables say goodbye to agriculture and see if we can keep living. None of the animals are gonna be able to keep living. That includes us.,0,38,200,Top-level,Positive
Ugxp4AsR-PmhgPBTkXB4AaABAg,"Damn. Are we going to hear good news? The only good news is Arsenal winning the league, but then again Arsenal is the most hated club in the world 😂",@floppydisk9541,0,2 bulan lalu,False,"Damn. Are we going to hear good news? The only good news is Arsenal winning the league, but then again Arsenal is the most hated club in the world 😂",0,30,148,Top-level,Positive
Ugz78FErW823qrujEFN4AaABAg,Who are you trying to frighten? Im 52. Seen some weird weather over the years. But the younger people will just be scared. Moron.,@misspiggyyy1974,0,2 bulan lalu,False,Who are you trying to frighten? Im 52. Seen some weird weather over the years. But the younger people will just be scared. Moron.,0,24,129,Top-level,Negative
UgxtDw57KnXixq_hAgF4AaABAg,"You work for the bbc !!!!
How can you be trusted.",@BazzaT-d4h,0,2 bulan lalu,False,You work for the bbc !!!! How can you be trusted.,0,11,49,Top-level,Neutral
Ugzgvu0-ciIZnKjgGlJ4AaABAg,"usa israel and world leaders only cares for more war .
whats the point in pointing at the wrong directions.
Trump netanyahu and all does nothing but supporting wars.
LIVE LOVE LIFE.",@zlee2656,0,2 bulan lalu,False,usa israel and world leaders only cares for more war . whats the point in pointing at the wrong directions. Trump netanyahu and all does nothing but supporting wars. LIVE LOVE LIFE.,0,32,181,Top-level,Positive
UgyEO_dme4LVmB6Nc3x4AaABAg,And yet the thing that people in the West will worry about the most is potential migrants fleeing their wrecked countries… wrecked by the West…,@LightW,0,2 bulan lalu,False,And yet the thing that people in the West will worry about the most is potential migrants fleeing their wrecked countries… wrecked by the West…,0,25,143,Top-level,Positive
UgwvtRQc-OHmAIQRseJ4AaABAg,Been saying this for last 3 yrs. more bolox,@MickeyBlue-eyes,0,2 bulan lalu,False,Been saying this for last 3 yrs. more bolox,0,9,43,Top-level,Positive
UgzbixC8kahlaCmcXPV4AaABAg,Our Sh*ty TRASH GOVERNMENT are still busy discussing politics and probably securing their money from tax payers to pay for their trips to the north of the world to avoid this calamity. that is The Philippine Government,@Goyo_FX,0,2 bulan lalu,False,Our Sh*ty TRASH GOVERNMENT are still busy discussing politics and probably securing their money from tax payers to pay for their trips to the north of the world to avoid this calamity. that is The Philippine Government,0,37,218,Top-level,Positive
Ugw7Q6evCyIpESGEhmx4AaABAg,"We are the parasites/virus causing the fever ... The planet is hurting .... 


This is just the beginning",@Phoenix00797,0,1 bulan lalu,False,We are the parasites/virus causing the fever ... The planet is hurting .... This is just the beginning,0,18,102,Top-level,Neutral
UgzE8UlNyrSp-9h8vn54AaABAg,Bush fires in Australia  again ?,@yatteyattahpottery,0,7 hari lalu,False,Bush fires in Australia again ?,0,6,31,Top-level,Neutral
Ugxr9wbOA3ihVeXQxw54AaABAg,So they can't predict the weather tomorrow accurately but they can predict this way off in the future?,@dwilla88,0,2 bulan lalu,False,So they can't predict the weather tomorrow accurately but they can predict this way off in the future?,0,18,102,Top-level,Positive
Ugy8uyhNNqOvHA76UFN4AaABAg,"Unfortunately this so-called meteorologist works for the BBC and will probably be ignored by most, not least because the BBC has been at the very forefront of fear pedalling over bug lock-downs and climate change.  The majority of people would like the BBC shut down.",@tonys7620,0,2 bulan lalu,False,"Unfortunately this so-called meteorologist works for the BBC and will probably be ignored by most, not least because the BBC has been at the very forefront of fear pedalling over bug lock-downs and climate change. The majority of people would like the BBC shut down.",0,45,266,Top-level,Neutral
UgyNTNPkZNDZ81VveTR4AaABAg,Destroy all A.I. We don’t need it ! It’s wasting so much drinking water !!,@Sunshinepoobum,0,2 bulan lalu,False,Destroy all A.I. We don’t need it ! It’s wasting so much drinking water !!,0,15,74,Top-level,Neutral
UgxrwNpGEX-OdpCUsqR4AaABAg,The Elitist plan B for a human hard reset? Nice Billion Dollar Bunkers pals!,@Mickey.Thai13,0,2 bulan lalu (diedit),False,The Elitist plan B for a human hard reset? Nice Billion Dollar Bunkers pals!,0,14,76,Top-level,Positive
UgwhAJ_ePedOUjNEY4l4AaABAg,"Uh huh the same bs that London will be under water by 2020

There'll be no snow by 2025

The world's oceans will boil by 2050

The world's coral reefs are all going to be dead by 2030


Lies lies lies lies 

Every single climate change lie has been disproven in real time",@Wamsubnz,0,2 bulan lalu,False,Uh huh the same bs that London will be under water by 2020 There'll be no snow by 2025 The world's oceans will boil by 2050 The world's coral reefs are all going to be dead by 2030 Lies lies lies lies Every single climate change lie has been disproven in real time,0,53,264,Top-level,Neutral
UgzwpoNhAvJ4hXdAGSF4AaABAg,Ah yes good old American weather control.,@CIA.Langley,0,2 bulan lalu,False,Ah yes good old American weather control.,0,7,41,Top-level,Positive
UgzAKdncrdDWkJqMYml4AaABAg,"Yeah its not like climate activists and scientists havent been warning us for decades or anything, people are sheeps to those in power and will sit idly whilst their home is on fire. Humans will become extinct and it will be our own doing, The earth deserves better than us.",@ymakams,0,2 bulan lalu,False,"Yeah its not like climate activists and scientists havent been warning us for decades or anything, people are sheeps to those in power and will sit idly whilst their home is on fire. Humans will become extinct and it will be our own doing, The earth deserves better than us.",0,50,274,Top-level,Positive
Ugy0lCCO3WaGl8D7Bmh4AaABAg,Jesus is coming 🙏💖,@cristinadelemon6019,0,2 bulan lalu,False,Jesus is coming 🙏💖,0,4,18,Top-level,Neutral
UgzWfOpxdpw6eYIAl3N4AaABAg,"Ahh yes, if it's on the BBC then it must be true! 🤣
So is this totally destructive 'el nino' related to the other 'el nino' which were supposed to have done the same within a matter of months or years - depending on who one listened to - and yet here we are years later and my investment in an inland home which according to the best projections was supposed to be a beautiful sunny beachside property by now is still an inland hovel in the same old cold region! I was conned! But just in case, perhaps you need to increase taxes again to 'combat' this latest threat? 😏",@ΠαύλοςΣτυλιανού-π9ψ,0,2 bulan lalu,False,"Ahh yes, if it's on the BBC then it must be true! 🤣 So is this totally destructive 'el nino' related to the other 'el nino' which were supposed to have done the same within a matter of months or years - depending on who one listened to - and yet here we are years later and my investment in an inland home which according to the best projections was supposed to be a beautiful sunny beachside property by now is still an inland hovel in the same old cold region! I was conned! But just in case, perhaps you need to increase taxes again to 'combat' this latest threat? 😏",0,111,569,Top-level,Positive
Ugy_OBSra-lP4vrzhSN4AaABAg,Thought this might be true but then I realised it's the BBC so definitely false.,@garethwilliams2897,0,2 bulan lalu,False,Thought this might be true but then I realised it's the BBC so definitely false.,0,15,80,Top-level,Neutral
Ugx5l1LDpMV5LZxyKCp4AaABAg,"El Niño and La Niña are the warm and cool phases of the El Niño-Southern Oscillation (ENSO), a natural climate cycle that shifts every 2 to 7 years. El Niño generally lasts 9–12 months and features warmer Pacific waters, while La Niña can last 1–3 years and features cooler Pacific waters. So basically it is a normal climate and weather event and BBC clowns packaging and selling it as world ending event.

The only thing dangerous and world ending than all these are these propaganda clowns from BBC and other mainstream media. Trust these clowns at your own risk. Always do your own thinking and assessment. btw, nice try bbc.",@Da1its0Uf8oma,0,2 bulan lalu,False,"El Niño and La Niña are the warm and cool phases of the El Niño-Southern Oscillation (ENSO), a natural climate cycle that shifts every 2 to 7 years. El Niño generally lasts 9–12 months and features warmer Pacific waters, while La Niña can last 1–3 years and features cooler Pacific waters. So basically it is a normal climate and weather event and BBC clowns packaging and selling it as world ending event. The only thing dangerous and world ending than all these are these propaganda clowns from BBC and other mainstream media. Trust these clowns at your own risk. Always do your own thinking and assessment. btw, nice try bbc.",0,110,628,Top-level,Positive
UgyeDcLegz8viUAlSWN4AaABAg,BBC fake news fear mongering agenda.,@ultra9693,1,2 bulan lalu,False,BBC fake news fear mongering agenda.,1,6,36,Top-level,Negative
UgyQ8E3SYO0X7JK7LjJ4AaABAg,"You know nothing, it's the end of the 6th day, there will be 42mths of tribulation before God Jesus returns for his 7th day millennial rule of the earth.",@rodbrown8306,0,2 bulan lalu,False,"You know nothing, it's the end of the 6th day, there will be 42mths of tribulation before God Jesus returns for his 7th day millennial rule of the earth.",0,29,153,Top-level,Neutral
UgwiYd48_Cq9Ns1OCpJ4AaABAg,Stop manipulating the weather and the weather will be just fine like it has since the day the world was created,@LittleAnth,0,2 bulan lalu,False,Stop manipulating the weather and the weather will be just fine like it has since the day the world was created,0,21,111,Top-level,Positive
Ugw9HWfrNgxrgs4ov5d4AaABAg,Vidic is shitting himself 😂,@mahdiahmed2122,0,2 bulan lalu,False,Vidic is shitting himself 😂,0,5,27,Top-level,Neutral
Ugz5KrokVDifEOuMbkl4AaABAg,"It's been going on for billions of years and now the BBC think they are experts in what's going on, A couple of hot days and it's all down to global warming or climate crisis. Let's get rid of the TV licence so the BBC can compete against Sky or Netflix. Instead of being a propaganda mouth peace for this far left Labour government. Drop the politics just entertain us 🇬🇧🇬🇧🇬🇧",@JamesFisher-eq6kz,0,2 bulan lalu,False,"It's been going on for billions of years and now the BBC think they are experts in what's going on, A couple of hot days and it's all down to global warming or climate crisis. Let's get rid of the TV licence so the BBC can compete against Sky or Netflix. Instead of being a propaganda mouth peace for this far left Labour government. Drop the politics just entertain us 🇬🇧🇬🇧🇬🇧",0,71,376,Top-level,Neutral
UgzmVk9WKBMUj5qqCsN4AaABAg,Bring it on 😂 two weeks till June and snow still on the ground in Alberta. Please we need global warming burn fuel send money!,@simonsauter3229,0,2 bulan lalu,False,Bring it on 😂 two weeks till June and snow still on the ground in Alberta. Please we need global warming burn fuel send money!,0,25,126,Top-level,Neutral
UgyeWXqX4j1mZvtqycV4AaABAg,The leading scientists left the dooming position because theire prediction model was wrong….so No..,@Shuuuuushaduuu,0,2 bulan lalu,False,The leading scientists left the dooming position because theire prediction model was wrong….so No..,0,14,99,Top-level,Neutral
UgxXbaGasWOhhB2eXgp4AaABAg,Guess what Jesus is still in control!!!🙌🏽🙏🏽🛡🛡⚔️⚔️,@LORDHELPUS777,0,2 bulan lalu,False,Guess what Jesus is still in control!!!🙌🏽🙏🏽🛡🛡⚔️⚔️,0,7,49,Top-level,Neutral
UgxZg-E-bNZO2nAUlel4AaABAg,Jesus is coming soon. And I am a filthy sinner the worst of the worst. LORD FORGIVE ME for my sins. I pray we all reach you before the 7 year tribulation begins.,@aestheticera_Wt,0,2 bulan lalu,False,Jesus is coming soon. And I am a filthy sinner the worst of the worst. LORD FORGIVE ME for my sins. I pray we all reach you before the 7 year tribulation begins.,0,33,161,Top-level,Negative
UgyveH38yX_Mxf5nc_14AaABAg,Again?!?!😂😂😂,@JoeRocket-sf6qs,0,2 bulan lalu,False,Again?!?!😂😂😂,0,1,12,Top-level,Neutral
UgyiwgcubFBxutBDakB4AaABAg,This is the end the world Jesus Christ is coming back to the earth and is destroying all sinners,@charlesgachichio9317,0,3 minggu lalu,False,This is the end the world Jesus Christ is coming back to the earth and is destroying all sinners,0,19,96,Top-level,Negative
Ugzm0zGvUWgzlTfcgUZ4AaABAg,Usual BBC fearmongering BS. Only sheep will buy it.,@WesternCailín,1,2 bulan lalu,False,Usual BBC fearmongering BS. Only sheep will buy it.,1,9,51,Top-level,Negative
Ugw2h7j8XN3Zxo7Pv7V4AaABAg,lol,@wald8977,0,2 bulan lalu,False,lol,0,1,3,Top-level,Positive
UgzflJxpIDrBbuy8RxF4AaABAg,"They are not allowing fuel for the vehicles. on the other side bombing  oil wells.
Iran war ukraine war weapons are pollution free most probably 😂.
No one cares for the wars therefore no one should care for the el nino😊",@atul821,0,2 bulan lalu (diedit),False,They are not allowing fuel for the vehicles. on the other side bombing oil wells. Iran war ukraine war weapons are pollution free most probably 😂. No one cares for the wars therefore no one should care for the el nino😊,0,41,218,Top-level,Positive
Ugwf0YiKaMpba9jq8e14AaABAg,Bull,@RDsaint9216,0,2 bulan lalu,False,Bull,0,1,4,Top-level,Neutral
Ugxtjo0ZOWDzOWrJRUB4AaABAg,JESUS IS COMING BACK,@oliwilde1033,0,2 bulan lalu,False,JESUS IS COMING BACK,0,4,20,Top-level,Neutral
UgxV79zO615YeXMiny54AaABAg,Poppycock,@colinmucho-oro4099,0,2 bulan lalu,False,Poppycock,0,1,9,Top-level,Neutral
UgyJGn_fQhgbSl6j-o94AaABAg,Relax 😂,@RigoTuna,0,2 bulan lalu,False,Relax 😂,0,2,7,Top-level,Neutral
UgzO25qORPC_1fqqUpN4AaABAg,bbc say no more bollocks as usual,@EllaObermaier,0,2 bulan lalu,False,bbc say no more bollocks as usual,0,7,33,Top-level,Negative
UgzTqSGIhf7suKshKnZ4AaABAg,Never believe any thing the BBC says about the climate - 100 % lies.Just 7C here mid may 3C at night,@holsteincowboy,0,2 bulan lalu (diedit),False,Never believe any thing the BBC says about the climate - 100 % lies.Just 7C here mid may 3C at night,0,21,100,Top-level,Neutral
Ugzc_6DFTsONw2K-3yJ4AaABAg,"Oh G*D. Not chocolate. I can live with catastrophe, starvation and pestilence as long as I can get chocolate.",@mobilephil244,0,2 bulan lalu,False,"Oh G*D. Not chocolate. I can live with catastrophe, starvation and pestilence as long as I can get chocolate.",0,19,109,Top-level,Neutral
UgyOdGhlPgHRUU3B3Hx4AaABAg,Stable climate conditions favorable the support the rise of great empires and promote trade art achievements and prosperity 🙂unstable climate conditions often lead to war and other human / man made disasters 😑you people CHOOSE NOT to listen to the warnings and it will be your down fall 😈as nature does not care about your useless political or religious beliefs 😈and you will see who the REAL boss is 😈you people say over and over don’t force your beliefs on me but the irony with that is …you never really had a choice to begin with your entire lives are based on oppression 😂if you don’t understand the art of war or the art of slavery you will suffer 😈and that’s what people are good at these days just FAAFO 😑,@jettthebluedragon,1,2 bulan lalu,False,Stable climate conditions favorable the support the rise of great empires and promote trade art achievements and prosperity 🙂unstable climate conditions often lead to war and other human / man made disasters 😑you people CHOOSE NOT to listen to the warnings and it will be your down fall 😈as nature does not care about your useless political or religious beliefs 😈and you will see who the REAL boss is 😈you people say over and over don’t force your beliefs on me but the irony with that is …you never really had a choice to begin with your entire lives are based on oppression 😂if you don’t understand the art of war or the art of slavery you will suffer 😈and that’s what people are good at these days just FAAFO 😑,1,131,713,Top-level,Positive
UgxSnWzeek4oQRhLJu94AaABAg,Dont believe anything bbc ever say trust 👍🏻,@chelseaboy88,0,2 bulan lalu,False,Dont believe anything bbc ever say trust 👍🏻,0,8,43,Top-level,Neutral
Ugy1awKL4LQaV4Y0J_J4AaABAg,"BBCs credibility is gone… The earths climate changes every now and then… wow, yeah wow",@jimboloszalosza1697,1,2 bulan lalu,False,"BBCs credibility is gone… The earths climate changes every now and then… wow, yeah wow",1,15,86,Top-level,Positive
Ugx29eMgBA3_HyOkCdN4AaABAg,"Mapping out 'End Times'! Ya know, via missile depletion. ALL BY DESIGN ON THE TAXPAYERS DIME. There's a science to it! 🙄🤔👊",@patriciaschoemaker9348,0,2 bulan lalu,False,"Mapping out 'End Times'! Ya know, via missile depletion. ALL BY DESIGN ON THE TAXPAYERS DIME. There's a science to it! 🙄🤔👊",0,22,122,Top-level,Neutral
UgxqhjzPARrEhkyQFtB4AaABAg,"Yeah right, we hear this time wasting bs in the southwestern us day in and day out. We just had 14% of our normal snowpack. We saw 90 degrees in the Rockies in March. We ain’t getting rain and snow and flooding blah blah blah. Nonsense. Report don’t predict.",@LucasHaynes-e2b,0,2 bulan lalu,False,"Yeah right, we hear this time wasting bs in the southwestern us day in and day out. We just had 14% of our normal snowpack. We saw 90 degrees in the Rockies in March. We ain’t getting rain and snow and flooding blah blah blah. Nonsense. Report don’t predict.",0,49,258,Top-level,Positive
UgyhCGfPnl14zoC-nbR4AaABAg,"Screw generative AI, screw genocide, screw capitalism, screw fascism, screw colonialism, screw the patriarchy, and screw white supremacy! The sooner we realise it's all connected, the better the outcome. It's time we stop with this pointless division and unite against the ultra wealthy parasites for destroying the planet and our communities.",@arbiterdream,0,2 bulan lalu,False,"Screw generative AI, screw genocide, screw capitalism, screw fascism, screw colonialism, screw the patriarchy, and screw white supremacy! The sooner we realise it's all connected, the better the outcome. It's time we stop with this pointless division and unite against the ultra wealthy parasites for destroying the planet and our communities.",0,51,343,Top-level,Positive
UgxI16vNzmOKWbEeb654AaABAg,Professional liars.,@Carvello20,0,2 bulan lalu,False,Professional liars.,0,2,19,Top-level,Positive
Ugx15DpaDRJtD76OWXh4AaABAg,The worst hasn't come yet.,@Martin_Luther_King_Junior-g9j,0,2 bulan lalu,False,The worst hasn't come yet.,0,5,26,Top-level,Negative
UgyImrAZbooLooScubh4AaABAg,The BBC predictions that never ever come true. Propaganda organization,@bulky695,1,2 bulan lalu,False,The BBC predictions that never ever come true. Propaganda organization,1,10,70,Top-level,Positive
UgwHuGMoaY232etamAl4AaABAg,Oh? no the world is burning?,@Bennetton-z8r,0,2 bulan lalu,False,Oh? no the world is burning?,0,6,28,Top-level,Neutral
Ugw7av5sHJl7tTJ_SZ54AaABAg,If you are a meteorologist you should be looking at weather modification which governments admit they are doing.  If you're not talking about it I wonder why.,@sharonmacdiarmid8940,0,2 bulan lalu,False,If you are a meteorologist you should be looking at weather modification which governments admit they are doing. If you're not talking about it I wonder why.,0,27,157,Top-level,Neutral
UgwEGb4GFbFxpuq3AdN4AaABAg,"El Nino???

Or 

Military Weather Control Systems 🤷🏽‍♂️

Here comes another Fake Virus like Disaster",@abuumar187,0,2 bulan lalu,False,El Nino??? Or Military Weather Control Systems 🤷🏽‍♂️ Here comes another Fake Virus like Disaster,0,15,96,Top-level,Negative
UgwMwYVXE9uTrLqahPt4AaABAg,"What a load of rubbish
It’s May. It’s bloody freezing. It’s even been raining and cloudy all along the Spanish coast for weeks on end, and BBC are still touting this global warming nonsense 
If it was global warming it would be warm !!
It’s not even warm in Spain 🫣",@twigwonderkid,0,2 bulan lalu,False,"What a load of rubbish It’s May. It’s bloody freezing. It’s even been raining and cloudy all along the Spanish coast for weeks on end, and BBC are still touting this global warming nonsense If it was global warming it would be warm !! It’s not even warm in Spain 🫣",0,51,264,Top-level,Positive
Ugx_BnoVcR1S6rXdSmx4AaABAg,Please just get rid of the most selfish beings in existence. Humans.,@Ruhiit,0,2 bulan lalu,False,Please just get rid of the most selfish beings in existence. Humans.,0,12,68,Top-level,Neutral
UgzmPtXk-1zIiWR9K314AaABAg,AZ monsoons on roids,@bennyvice869,0,2 bulan lalu,False,AZ monsoons on roids,0,4,20,Top-level,Neutral
UgzB9gAToBeC1z1_gC94AaABAg,We will be perfectly fine. It's a natural cycle on Earth that we have no control over. They're also short lived.,@iguiste23,0,2 bulan lalu,False,We will be perfectly fine. It's a natural cycle on Earth that we have no control over. They're also short lived.,0,21,112,Top-level,Positive
Ugy3KATZ6MkFTN0Ios14AaABAg,We are doomed ....... only higher taxes can save us now,@darrenletts195,0,2 bulan lalu,False,We are doomed ....... only higher taxes can save us now,0,11,55,Top-level,Positive
UgyhrbOZZYvV3rIGwPh4AaABAg,"Well...if humans die off at least the earth will reset itself...hopefully without humans...we are the problem...not saying kill off the human race...just saying the 7 deadly sins were created for a reason...to learn and moderate your actions...economically, financially, everything!!!...the exact opposite of what we and the governments (mainly USA) is doing...",@AllisterYoung-p9n,0,2 bulan lalu,False,"Well...if humans die off at least the earth will reset itself...hopefully without humans...we are the problem...not saying kill off the human race...just saying the 7 deadly sins were created for a reason...to learn and moderate your actions...economically, financially, everything!!!...the exact opposite of what we and the governments (mainly USA) is doing...",0,51,361,Top-level,Neutral
Ugy-oMcifTsarUTF39B4AaABAg,Who cares 🤷🏼‍♀️ Just ignore it like climate change and it will go away by itself!,@jsalt3800,0,1 bulan lalu,False,Who cares 🤷🏼‍♀️ Just ignore it like climate change and it will go away by itself!,0,16,81,Top-level,Neutral
UgzAj_-yzpIOsuC0mJt4AaABAg,BBC mind controllers are working overtime,@robertcornelius8056,0,2 bulan lalu,False,BBC mind controllers are working overtime,0,6,41,Top-level,Neutral
UgwX8IGjS9ub3z0zqCZ4AaABAg,Pure scaremongering,@MarkPickering-d9u,0,2 bulan lalu,False,Pure scaremongering,0,2,19,Top-level,Positive
UgziXr4ZTIJ3n2zaESR4AaABAg,"""severe droughts in Africa, specifically Ethiopia and the Caribbean""....Since when was the Caribbean in Africa? Bloody awful reporting from the BBC again!",@LeeJUK,0,2 bulan lalu,False,"""severe droughts in Africa, specifically Ethiopia and the Caribbean""....Since when was the Caribbean in Africa? Bloody awful reporting from the BBC again!",0,22,154,Top-level,Negative
Ugy6bLGXalj5Rf_mUat4AaABAg,Fear mongering,@markboman7258,0,2 bulan lalu,False,Fear mongering,0,2,14,Top-level,Neutral
UgwtjIEh-h9u58ljMDl4AaABAg,Dint worry taco will give it 2 weeks to clear off or he will send his tin pot men in 4 weeks time and give it another month,@andrewgleeson8862,0,2 bulan lalu,False,Dint worry taco will give it 2 weeks to clear off or he will send his tin pot men in 4 weeks time and give it another month,0,28,123,Top-level,Positive
UgwxOpk1VC4D1RNsymF4AaABAg,More global warming tripe stop being scare mongers.,@trevorburton2718,0,2 bulan lalu,False,More global warming tripe stop being scare mongers.,0,8,51,Top-level,Positive
UgxNKCkjVjB0DemVych4AaABAg,Fear mongering,@Hemeralopie,0,2 bulan lalu,False,Fear mongering,0,2,14,Top-level,Neutral
Ugx5qAMpz6p9S_2so9Z4AaABAg,This is fake,@davidtalbot2061,0,2 bulan lalu,False,This is fake,0,3,12,Top-level,Negative
UgzyM5Z1SJe5g_vWhdF4AaABAg,Sounds like the usual BBC weather forcast. It may or may not or in fact it could but we are not sure. I think that billion pound super computer should be put out of our misery.,@roberthall5036,0,2 bulan lalu,False,Sounds like the usual BBC weather forcast. It may or may not or in fact it could but we are not sure. I think that billion pound super computer should be put out of our misery.,0,36,176,Top-level,Negative
Ugy_Ad40V5F66HWn9_N4AaABAg,Called Elon Musk satellites they keep putting in skies the  sun's reflection  all over over . Like cooking magnified glass on earth 🌎 never heard of this crap 20 yrs ago,@NorthSiXJames,0,2 bulan lalu,False,Called Elon Musk satellites they keep putting in skies the sun's reflection all over over . Like cooking magnified glass on earth 🌎 never heard of this crap 20 yrs ago,0,31,167,Top-level,Negative
UgxybaXKui9IxqWwaL54AaABAg,The BBC is a bunch of hypocrites that defend their sponsors who are causing this on every opportunity $$$,@LennarthAnaya,0,2 bulan lalu (diedit),False,The BBC is a bunch of hypocrites that defend their sponsors who are causing this on every opportunity $$$,0,19,105,Top-level,Neutral
UgwYYf-Smt2tIavoT_h4AaABAg,Weather manipulation,@snoopyloopy2009,0,2 bulan lalu,False,Weather manipulation,0,2,20,Top-level,Neutral
UgxM6egi06Nd9ZwUVwZ4AaABAg,The climate narrative is done and over with !,@Tanzer-z9i,0,2 bulan lalu,False,The climate narrative is done and over with !,0,9,45,Top-level,Neutral
UgwEhB30RrDXD5phvEF4AaABAg,"Oh no  another alarmism, that is not based in facts but fearmongering to justify nonsense measurements by governments to get nore money to give to their friends.",@benniinsuedafrika,0,2 bulan lalu,False,"Oh no another alarmism, that is not based in facts but fearmongering to justify nonsense measurements by governments to get nore money to give to their friends.",0,27,160,Top-level,Neutral
Ugw62I7p63GXjQHCoyt4AaABAg,LOL. Fake news.. Fernando Torres is retired,@shanemcdonnll,0,2 bulan lalu,False,LOL. Fake news.. Fernando Torres is retired,0,7,43,Top-level,Positive
UgyLgwG-TTduIAIu9fB4AaABAg,"And with Trump in office, the world cannot look to the US for any aid; he still has his ballroom and reflecting pool to pay for, and to him, this is a priority. Oh yeah, and then there is that war he started, which is costing more than 1 billion a day, and the way it is going the US will probably be escalating this confict.",@melstricker8211,0,2 bulan lalu,False,"And with Trump in office, the world cannot look to the US for any aid; he still has his ballroom and reflecting pool to pay for, and to him, this is a priority. Oh yeah, and then there is that war he started, which is costing more than 1 billion a day, and the way it is going the US will probably be escalating this confict.",0,66,325,Top-level,Positive
UgyYs4jV9L-BdzK5Dqx4AaABAg,"More ""extreme weather"" reports? When will the BBC ever stop its propaganda to convince people that the Extinction Rebellion should lead efforts to avoid climate change disasters? Never, the BBC are fools.",@Resologist,0,2 bulan lalu,False,"More ""extreme weather"" reports? When will the BBC ever stop its propaganda to convince people that the Extinction Rebellion should lead efforts to avoid climate change disasters? Never, the BBC are fools.",0,32,204,Top-level,Positive
UgxOAhUauzwucT4oVZd4AaABAg,Who actually believes the BBC?,@elbourko955,0,2 bulan lalu,False,Who actually believes the BBC?,0,5,30,Top-level,Neutral
UgzVQrbn3p6ET8B80t14AaABAg,So Israel made this even worse,@tozrimondher4250,0,2 bulan lalu,False,So Israel made this even worse,0,6,30,Top-level,Negative
UgycjCSCA-qAWfr81vp4AaABAg,The next excuse to rob us of all our money incoming….,@R1pper85,0,2 bulan lalu,False,The next excuse to rob us of all our money incoming….,0,11,53,Top-level,Neutral
UgxY4hqowOYTwxKxugJ4AaABAg,"Man things are so crazy I'm starting to believe my crazy uncle who says usa, Saudi, Isreal and China are manipulating the weather to take over South Asia, South America and Africa 😂",@rageagainstthewashingmachi2877,0,2 bulan lalu,False,"Man things are so crazy I'm starting to believe my crazy uncle who says usa, Saudi, Isreal and China are manipulating the weather to take over South Asia, South America and Africa 😂",0,33,181,Top-level,Negative
UgwkaEqJXZc4JFlRNu14AaABAg,BBC propaganda platform for the big corporations trying to spread fear as always. EVERYBODY KNOW AND IT´S WELL PROVEN THAT ¨CLIMATE CHANGE¨ IS A LIE.,@Ari_Galland1286,0,2 bulan lalu,False,BBC propaganda platform for the big corporations trying to spread fear as always. EVERYBODY KNOW AND IT´S WELL PROVEN THAT ¨CLIMATE CHANGE¨ IS A LIE.,0,25,149,Top-level,Neutral
UgxAiyV_7mXR-ssTHAF4AaABAg,Wait until these MEGA DATA CENTRES start firing up they need more power and put out more heat then small countries im sure that will help a lot 😂😂😂😂😂😂😂😂😂,@Mjet403,0,2 bulan lalu,False,Wait until these MEGA DATA CENTRES start firing up they need more power and put out more heat then small countries im sure that will help a lot 😂😂😂😂😂😂😂😂😂,0,29,153,Top-level,Positive
Ugy-L0ynOPFL-LY1-VR4AaABAg,Never any good news about anything…,@Iceman-bu1eg,0,2 bulan lalu,False,Never any good news about anything…,0,6,35,Top-level,Positive
UgxU2sOE6VQmCqGygih4AaABAg,"This is so exaggerated, typical scare mongering yet again",@LisaNellist-z2w,0,2 bulan lalu,False,"This is so exaggerated, typical scare mongering yet again",0,9,57,Top-level,Negative
UgxmXqDTpL0hIXPY6014AaABAg,Oh no it’s Armageddon,@bryanward1289,0,2 bulan lalu,False,Oh no it’s Armageddon,0,4,21,Top-level,Neutral
UgyIe99h66GUB2IIycl4AaABAg,Scaremongering for clicks,@gertrudehumpadink1405,0,2 bulan lalu,False,Scaremongering for clicks,0,3,25,Top-level,Neutral
UgxerBeBv7L7wS3ykdZ4AaABAg,💙👻💙👻,@ShahidAli-ob5jl,0,2 bulan lalu,False,💙👻💙👻,0,1,4,Top-level,Neutral
UgzTvipphiPitncZFS14AaABAg,BBC scaremongering again?,@stephenjameson4787,0,2 bulan lalu,False,BBC scaremongering again?,0,3,25,Top-level,Neutral
Ugz3k41ZS3Y7nESLM7N4AaABAg,Dont worry Mr Trump has said there is no such thing as global warming and we should burn even more dinosaur juice to make the rich  even richer 😀,@ianthompson2516,0,2 bulan lalu,False,Dont worry Mr Trump has said there is no such thing as global warming and we should burn even more dinosaur juice to make the rich even richer 😀,0,29,144,Top-level,Positive
UgwUPHfn1IeJL3lQpHt4AaABAg,"So we're about to have some nice weather for the Bank Holiday and the usual shills for government propaganda have to come out with the ""WE'RE ALL GOING TO BURN!"" bullshit.",@ClearVista,0,2 bulan lalu,False,"So we're about to have some nice weather for the Bank Holiday and the usual shills for government propaganda have to come out with the ""WE'RE ALL GOING TO BURN!"" bullshit.",0,31,171,Top-level,Positive
UgwGDEenmcHIsQ5XSq14AaABAg,Can’t wait for this year to be over so I can laugh at another failed doomsday prediction…,@designsourcebfg,0,2 bulan lalu,False,Can’t wait for this year to be over so I can laugh at another failed doomsday prediction…,0,17,89,Top-level,Negative
UgwHqlZXGFqIakFh2ch4AaABAg,Good! This nonsense that we call planet and life needs to stop some day,@nixcya3180,0,2 bulan lalu,False,Good! This nonsense that we call planet and life needs to stop some day,0,14,71,Top-level,Positive
UgyPrTkulGw5gVy9PMx4AaABAg,Fake,@tonypark4785,0,2 bulan lalu,False,Fake,0,1,4,Top-level,Negative
UgynkOJhfrWVRnlQaWR4AaABAg,"Please be vegan. Leave a planet for your children. Plant based will heal the climate quickly!,,",@Sentientheart,0,2 bulan lalu,False,"Please be vegan. Leave a planet for your children. Plant based will heal the climate quickly!,,",0,16,95,Top-level,Positive
UgzeECpN_vTiT_lerL94AaABAg,"So the wildfires will be worse? Ha, ha...",@trenkq,0,2 bulan lalu,False,"So the wildfires will be worse? Ha, ha...",0,8,41,Top-level,Negative
Ugwuq_Yx2kInLqnpc_B4AaABAg,Thank god trump is in charge to help stabilize our country.,@ReeseAnderson-nh6gr,0,2 bulan lalu,False,Thank god trump is in charge to help stabilize our country.,0,11,59,Top-level,Neutral
UgyQlZJAgcNJuH6M3jl4AaABAg,Better jack up the carbon tax that will change the weather,@donturner9510,0,2 bulan lalu,False,Better jack up the carbon tax that will change the weather,0,11,58,Top-level,Positive
UgwAzbiGNP2sCZkys7t4AaABAg,Scare tactics yet again BBC keep the dull downed masses in fear 😂,@Reggie01-v3i,0,2 bulan lalu,False,Scare tactics yet again BBC keep the dull downed masses in fear 😂,0,13,65,Top-level,Negative
Ugz7ESgGN-zwoTCGiWx4AaABAg,"""Believe none of what you hear and half of what you see"" Benjamin Franklin. Leftist thinking is destroying our society. The earth is going through an expansion stage as it does every 80 to 120 years no biggie, but people will try to tell you differently and make a profit.",@BondiRemember,0,1 bulan lalu,False,"""Believe none of what you hear and half of what you see"" Benjamin Franklin. Leftist thinking is destroying our society. The earth is going through an expansion stage as it does every 80 to 120 years no biggie, but people will try to tell you differently and make a profit.",0,50,272,Top-level,Negative
UgwC13QNBAKoALq8hLB4AaABAg,Booooring,@Swedger69,0,2 bulan lalu,False,Booooring,0,1,9,Top-level,Neutral
UgxprhkQ-Ja2JiUqSgp4AaABAg,Sooooo…. Climate change confirmed scam?,@TheCrispyjones,0,2 bulan lalu,False,Sooooo…. Climate change confirmed scam?,0,5,39,Top-level,Positive
Ugy6rQYf3cSPcTcZTht4AaABAg,"Rubbish podcast 10 seconds on uk what a waste of time, sorry we are only concerned on uk that why British people tune in, remember it's the British met office for British people.????",@Steve-y9j4i,0,2 bulan lalu,False,"Rubbish podcast 10 seconds on uk what a waste of time, sorry we are only concerned on uk that why British people tune in, remember it's the British met office for British people.????",0,33,182,Top-level,Negative
UgwbLAn2Dq0mHElWWEx4AaABAg,Stop scare mongering 😂 BBC cant even predict the weather right for today letalone toward the end of thr year.,@Marco1985zm,0,2 bulan lalu,False,Stop scare mongering 😂 BBC cant even predict the weather right for today letalone toward the end of thr year.,0,20,109,Top-level,Positive
UgwUQq3oHveT7_Td5mF4AaABAg,DO NOT TRUST BBC AT ALL COST IGNOR THEM!!!!,@cityproofdad,0,1 bulan lalu,False,DO NOT TRUST BBC AT ALL COST IGNOR THEM!!!!,0,9,43,Top-level,Neutral
Ugzka3sv-eLAmI1J7_N4AaABAg,Shut up with your scare tactics,@iamff,0,2 bulan lalu,False,Shut up with your scare tactics,0,6,31,Top-level,Neutral
Ugw_UpGsi9kiND8AW8d4AaABAg,LOL! 😂😂😂,@misterpisces,0,2 bulan lalu,False,LOL! 😂😂😂,0,2,8,Top-level,Positive
Ugy_t3duHGDu2NwwBW94AaABAg,"More unnecessary paranoia from the BBC, yes this natural condition will bring higher temperatures but it's a completely normal thing and has nothing to do with human emissions which account for very little affects on the climate, the earth is just going through phases and we are entering a warmer phase, there was ice sheets and a tropical forest in the UK during earth's history, the so called climate emergency coming out of communist propaganda media outlets like the BBC needs to end, unnecessarily scaring people and destroying our economy with the net zero scam helps no one",@barrycrosby8602,0,2 bulan lalu,False,"More unnecessary paranoia from the BBC, yes this natural condition will bring higher temperatures but it's a completely normal thing and has nothing to do with human emissions which account for very little affects on the climate, the earth is just going through phases and we are entering a warmer phase, there was ice sheets and a tropical forest in the UK during earth's history, the so called climate emergency coming out of communist propaganda media outlets like the BBC needs to end, unnecessarily scaring people and destroying our economy with the net zero scam helps no one",0,98,581,Top-level,Neutral
UgyPrvmkXgHhweqt6AJ4AaABAg,LOLLLLLLLLLLLLLLLLLL BS,@DodgyFafa,0,2 bulan lalu,False,LOLLLLLLLLLLLLLLLLLL BS,0,2,23,Top-level,Neutral
Ugw2-qtynn0fPzqM3aR4AaABAg,Boring 😴,@worldmagnifier6254,0,2 bulan lalu,False,Boring 😴,0,2,8,Top-level,Negative
Ugx7Hm-A-PcE47Z39lF4AaABAg,No one belives a word the bbc says,@duckdashuk,0,2 bulan lalu,False,No one belives a word the bbc says,0,8,34,Top-level,Neutral
UgxRZg_Xqp_iaKynoIt4AaABAg,Welcome to the new normal. It's what you voted for.,@Dark__Thoughts,0,2 bulan lalu,False,Welcome to the new normal. It's what you voted for.,0,10,51,Top-level,Positive
UgxUt0D1TqPuncJMkSl4AaABAg,"Not like we haven’t had them before 🙄. Same old scaremongering again from the Beeb, the biggest fraudulent channel in the world…",@AnitaDil,0,2 bulan lalu,False,"Not like we haven’t had them before 🙄. Same old scaremongering again from the Beeb, the biggest fraudulent channel in the world…",0,22,128,Top-level,Neutral
UgwU5gjsomsh-3aXoil4AaABAg,Sounds like trump,@bp2324-e5v,0,2 bulan lalu,False,Sounds like trump,0,3,17,Top-level,Neutral
UgwsSHdl_-TXOJ8nB-p4AaABAg,"Lol, so dramatic 😂",@Inokiulus,0,2 bulan lalu,False,"Lol, so dramatic 😂",0,4,18,Top-level,Positive
UgyGy6VCgMWjQvv2WfV4AaABAg,"And trump🤷🏾‍♂️
War🙄",@jecksonng,0,2 bulan lalu,False,And trump🤷🏾‍♂️ War🙄,0,3,19,Top-level,Neutral
Ugy-DZMUUDUIOk2_efd4AaABAg,do good things happen anymore lol,@user-rf3df6tb6v,0,2 bulan lalu,False,do good things happen anymore lol,0,6,33,Top-level,Positive
UgzIeU5Ox8fybY3Tq494AaABAg,"This is such rubbish reporting. Its all speculation in the first instance. It is scare mongering in the second instance and it is plainly geared towards the gullible in order to increase views and subscribers. Pathetic, BBC. The operative word in your headline is 'COULD' . So poor.",@thinkwisely2525,0,2 bulan lalu,False,"This is such rubbish reporting. Its all speculation in the first instance. It is scare mongering in the second instance and it is plainly geared towards the gullible in order to increase views and subscribers. Pathetic, BBC. The operative word in your headline is 'COULD' . So poor.",0,48,282,Top-level,Negative
UgyLhTUCo6QSauFCux54AaABAg,"Could you say more words like
Potentially
Maybe
Could be
Likely to
Approximately 
Should
Might
Sources said
Can

What a load of sensationalised BBC media bullshit. 
If you told the truth, work facts, people might actually believe you. You might not get as many clicks but at least you could rest at night knowing you told the truth",@MikeSeymour4,0,2 bulan lalu,False,"Could you say more words like Potentially Maybe Could be Likely to Approximately Should Might Sources said Can What a load of sensationalised BBC media bullshit. If you told the truth, work facts, people might actually believe you. You might not get as many clicks but at least you could rest at night knowing you told the truth",0,58,328,Top-level,Neutral
UgxlNmeuKwmjcdi7sDd4AaABAg,more weather fear propaganda from the fake news,@ringotomb,0,2 bulan lalu,False,more weather fear propaganda from the fake news,0,8,47,Top-level,Neutral
Ugzx0ArSLuRH4-ULNl14AaABAg,😂,@MagretKaman-r9h2s,0,1 bulan lalu,False,😂,0,1,1,Top-level,Neutral
UgyjE_idXSKjIxdKANt4AaABAg,Hopefully it ends this bullshit tax paying over priced bullhshit life we live,@pnisflytrap1,0,2 bulan lalu,False,Hopefully it ends this bullshit tax paying over priced bullhshit life we live,0,13,77,Top-level,Positive
Ugw7wsIxr62lTJP9k_J4AaABAg,The Earth has done this for millions of yeras global warming biggest scam in history the earth  has always done this warm up cool down....ice age ring a bell lol,@clashwars2076,1,2 bulan lalu,False,The Earth has done this for millions of yeras global warming biggest scam in history the earth has always done this warm up cool down....ice age ring a bell lol,1,30,160,Top-level,Positive
Ugy9xYRlAXZ_8Z0t-514AaABAg,BS another propaganda scare tatic,@xrpsam,0,2 bulan lalu,False,BS another propaganda scare tatic,0,5,33,Top-level,Negative
Ugx1kqBEbd7qJ1A66ft4AaABAg,And what can we do as taxpayers? Pay more tax ? Get a grip. Stop scaremongering ce sera sera ❤,@dodgert-j4o,0,2 bulan lalu,False,And what can we do as taxpayers? Pay more tax ? Get a grip. Stop scaremongering ce sera sera ❤,0,20,94,Top-level,Positive
UgwF4S1INbklw6Y2bcZ4AaABAg,We deserve extinction!!! we ruined this planet and we’re so divided!,@blamearc6357,0,2 bulan lalu,False,We deserve extinction!!! we ruined this planet and we’re so divided!,0,11,68,Top-level,Neutral
UgyHeW_inMribUhPMIR4AaABAg,More fear porn from the BBC,@Swedger69,0,2 bulan lalu,False,More fear porn from the BBC,0,6,27,Top-level,Positive
UgwzCaAYG4kY9uU5uit4AaABAg,And the billionaires will still benefit from global boiling,@jennifervan75,0,2 bulan lalu,False,And the billionaires will still benefit from global boiling,0,9,59,Top-level,Neutral
Ugxs6dQNOmavnJI-u1l4AaABAg,"its all fake, 🧃are to blame",@sosa2153,0,2 bulan lalu,False,"its all fake, 🧃are to blame",0,6,27,Top-level,Negative
UgyV5QJWLz-urQ7pRth4AaABAg,Anyone trust anything that comes out of the BBC? 🤣,@DougPerfili,0,2 bulan lalu,False,Anyone trust anything that comes out of the BBC? 🤣,0,10,50,Top-level,Neutral
Ugw7wsIxr62lTJP9k_J4AaABAg.AWwzQwp4XnAAWx-oVWx7Kf,They hate when I point out wee are still in one,@Wamsubnz,0,2 bulan lalu,True,They hate when I point out wee are still in one,0,11,47,Reply,Negative
UgwzCaAYG4kY9uU5uit4AaABAg.AWwqAdZc9e3AWx0Tu-QQrk,"ITS NOT HAPPENING 
GO LOOK AT THE RAW DATA NOT THE ANONYMOUS 

You'll find the raw data says the world's cooling not heating",@Wamsubnz,0,2 bulan lalu,True,ITS NOT HAPPENING GO LOOK AT THE RAW DATA NOT THE ANONYMOUS You'll find the raw data says the world's cooling not heating,0,23,121,Reply,Negative
Ugz-fHF6UdJuR-YAhzJ4AaABAg,oh its BBC news!!@!! must be true. scaremongering at its best,@subterraneanhomesickalien,0,2 bulan lalu,False,oh its BBC news!!@!! must be true. scaremongering at its best,0,11,61,Top-level,Positive
Ugzmy14lda-7y6DbrAR4AaABAg,Super duper mega monster el nino. Yawn!,@caroleriedner4233,0,2 bulan lalu,False,Super duper mega monster el nino. Yawn!,0,7,39,Top-level,Positive
Ugyh3t6_hlF-L_fawp94AaABAg,BBC= Propaganda...fake news.,@jeffyoung345,0,2 bulan lalu,False,BBC= Propaganda...fake news.,0,3,28,Top-level,Neutral
UgxB9qF4UkNwT6cXfOB4AaABAg,Soon as he said he works for the BBC I turned off 😂😂 probably aload off bollocks are the same old bs but 2yrs later,@craigc5591,0,2 bulan lalu,False,Soon as he said he works for the BBC I turned off 😂😂 probably aload off bollocks are the same old bs but 2yrs later,0,25,115,Top-level,Neutral
Ugwi9PGU2zyrqzd-voB4AaABAg,"Yeah yeah yeah, let’s all live in fear, let’s tremble and gibber and grovel to the climate terrorists.
Well, you can.
I won’t.",@anniewilliams4730,0,2 bulan lalu,False,"Yeah yeah yeah, let’s all live in fear, let’s tremble and gibber and grovel to the climate terrorists. Well, you can. I won’t.",0,23,126,Top-level,Positive
Ugw8N85jQn2YwK26ndl4AaABAg,And then there's Trump. So busy trying to destroy the world.,@williamjoyce8559,0,2 bulan lalu,False,And then there's Trump. So busy trying to destroy the world.,0,11,60,Top-level,Neutral
Ugzzb_9wtOQDV6M2xO94AaABAg,😂😂😂😂,@sandarwing-d1e,0,2 bulan lalu,False,😂😂😂😂,0,1,4,Top-level,Neutral
Ugzl-OFbm-dnzyOfc5J4AaABAg,"Bbc fear mongering.
Perhaps if we stopped cloud seeding and let mother nature do it her way.
The world would be fine.",@MrGrim2u1987,0,2 bulan lalu,False,Bbc fear mongering. Perhaps if we stopped cloud seeding and let mother nature do it her way. The world would be fine.,0,22,117,Top-level,Positive
Ugzag53hS0SfoYGq2wV4AaABAg,Same old BBC “Borrocks Bullship and C-Rap. Pity the fools that fall for this nonsense 🥱,@dailaffin9066,0,2 bulan lalu,False,Same old BBC “Borrocks Bullship and C-Rap. Pity the fools that fall for this nonsense 🥱,0,16,87,Top-level,Neutral
Ugy5QiWTqws7WfNgw2l4AaABAg,Jesus is in route. Close to end times.,@iam-p9n,0,2 bulan lalu,False,Jesus is in route. Close to end times.,0,8,38,Top-level,Neutral
UgwV9EE6TUGgmtIdWEB4AaABAg,BBC is now the doom sayer of modern age.,@willemily,0,2 bulan lalu,False,BBC is now the doom sayer of modern age.,0,9,40,Top-level,Positive
UgzoKGgaSlw3Gg9HYuJ4AaABAg,rubbish. stop spraying crap in the skies,@serenathorne,0,2 bulan lalu,False,rubbish. stop spraying crap in the skies,0,7,40,Top-level,Negative
UgygwFHf97NB5LW7YQ14AaABAg,Humans deserve it 😂,@Kim66869,0,2 bulan lalu,False,Humans deserve it 😂,0,4,19,Top-level,Neutral
UgxN2ekBkgwQMu5LIhN4AaABAg,BBC .......it's probably all lies,@matt7965,0,2 bulan lalu,False,BBC .......it's probably all lies,0,5,33,Top-level,Neutral
Ugz_y-XVoofTdPW7zVF4AaABAg,What about El Epstein file,@kizzieking7710,0,2 bulan lalu,False,What about El Epstein file,0,5,26,Top-level,Neutral
UgyYKbzbZqgwb-RZHQl4AaABAg,"It’s the BBC so it’s most likely to be alarmist bullshit. Ooh, should we all stay at home???",@MrCFlyingFree,0,2 bulan lalu,False,"It’s the BBC so it’s most likely to be alarmist bullshit. Ooh, should we all stay at home???",0,18,92,Top-level,Positive
Ugz-sFoqjwRlNMb6i8p4AaABAg,"And it can be blamed on one man, Trump 😂",@asxphxss,0,2 bulan lalu,False,"And it can be blamed on one man, Trump 😂",0,10,40,Top-level,Neutral
UgxgaXv9PL2IgatyAiV4AaABAg,If 2026 couldn't get any worse.  Is it a punishment for voting for Trump 😅,@octopusarmresler,0,2 bulan lalu,False,If 2026 couldn't get any worse. Is it a punishment for voting for Trump 😅,0,15,73,Top-level,Negative
Ugy-zAb9RTnv8vJk6tR4AaABAg,Utter rubbish!,@imadogsass6717,0,1 bulan lalu,False,Utter rubbish!,0,2,14,Top-level,Neutral
Ugx24hWJy74LX8Id8PB4AaABAg,BBC you will never be successful in India. 😂😂😂,@wenaygwardi2722,0,2 bulan lalu,False,BBC you will never be successful in India. 😂😂😂,0,9,46,Top-level,Positive
Ugzl-OFbm-dnzyOfc5J4AaABAg.AWwP6rC0pVrAWwQ5CuVIdB,"I remember the brutal heatwaves in 2023 and 2024 in Eastern Indian cities like Kolkata. 43C was common for more than a month, occurring daily. A heat dome build up above Eastern India and Bangladesh. I know 3 people who died, not personally but like a relative of a relative. Instagram reels of guy cooking egg under sun looks cool but it's closest thing to climate of hell if it exists. After that heat wave came 1.5 months of moderately high warming of 38C but with near saturation humidity in evening, with 50% during peak. That's worse than 43C as shade doesn't provide any relief. Feels like temperatures tops 52C frequently.

You are familiar with numbers on paper while I deal with it. Don't pity me, I am a computer science graduate (AC office workplace). But hundreds of millions work outside in brutal heat. I know an old man working as a gas cutter in front of my cousin's shop. One day while visiting him, I found out that he died due to Sun Stroke. I am a middle class but he was poor. Can't even afford AC. The worse thing about hear wave in Kolkata is that nights don't provide any relief with 32C min and very high humidity. I did my education in California, I know what a livable climate is. 

In 2019, I read a paper that said that Kolkata along with few other cities like Jakarta are most prone to climate change and will be uninhabitable in a couple of decades. I suggest my every friends and family to get out of this city as wet bulb temperature soon will be so deadly that 1,000s will die everyday during heatwaves. And I am not exaggerating. My friends who comes from Delhi can't handle the humidity and heat combo of Kolkata and on SM I see many westerners who can't handle the heat of India's capital. I am saying this to give you a perspective of how bad it is. Imagine near saturation humidity of London with no rain and heat of the Sahara desert. That's what's Kolkata and by extension entire Eastern India and Bangladesh is becoming. 

Have a good day.",@souravjaiswal-jr4bj,0,2 bulan lalu,True,"I remember the brutal heatwaves in 2023 and 2024 in Eastern Indian cities like Kolkata. 43C was common for more than a month, occurring daily. A heat dome build up above Eastern India and Bangladesh. I know 3 people who died, not personally but like a relative of a relative. Instagram reels of guy cooking egg under sun looks cool but it's closest thing to climate of hell if it exists. After that heat wave came 1.5 months of moderately high warming of 38C but with near saturation humidity in evening, with 50% during peak. That's worse than 43C as shade doesn't provide any relief. Feels like temperatures tops 52C frequently. You are familiar with numbers on paper while I deal with it. Don't pity me, I am a computer science graduate (AC office workplace). But hundreds of millions work outside in brutal heat. I know an old man working as a gas cutter in front of my cousin's shop. One day while visiting him, I found out that he died due to Sun Stroke. I am a middle class but he was poor. Can't even afford AC. The worse thing about hear wave in Kolkata is that nights don't provide any relief with 32C min and very high humidity. I did my education in California, I know what a livable climate is. In 2019, I read a paper that said that Kolkata along with few other cities like Jakarta are most prone to climate change and will be uninhabitable in a couple of decades. I suggest my every friends and family to get out of this city as wet bulb temperature soon will be so deadly that 1,000s will die everyday during heatwaves. And I am not exaggerating. My friends who comes from Delhi can't handle the humidity and heat combo of Kolkata and on SM I see many westerners who can't handle the heat of India's capital. I am saying this to give you a perspective of how bad it is. Imagine near saturation humidity of London with no rain and heat of the Sahara desert. That's what's Kolkata and by extension entire Eastern India and Bangladesh is becoming. Have a good day.",0,365,1977,Reply,Neutral
Ugz0TpL1tAAMQjnEWqJ4AaABAg,One things for sure about the weather is the BBC can't predict the colour of shite correctly let along get a daily weather forecast correct. What they don't know they make it up. 100% fact. They are trash.,@jasper3930,0,2 bulan lalu,False,One things for sure about the weather is the BBC can't predict the colour of shite correctly let along get a daily weather forecast correct. What they don't know they make it up. 100% fact. They are trash.,0,38,205,Top-level,Positive
UgwXiZCMU4o9IVezxSh4AaABAg,Fake news,@morningstarat,0,2 bulan lalu,False,Fake news,0,2,9,Top-level,Negative
Ugx67Qq_5h4yHAPrlrB4AaABAg,"See your company , is the most disgusting media platform ever , you protect illegal wrongs doing’s , you hide sexual abusers and spout disinformation on a global scale .",@Johnnybethnalgreen,0,2 bulan lalu,False,"See your company , is the most disgusting media platform ever , you protect illegal wrongs doing’s , you hide sexual abusers and spout disinformation on a global scale .",0,30,169,Top-level,Negative
Ugzuz3yyQQXrPrQe2rJ4AaABAg,More scaremongering from the propaganda factory that is the sun,@Dan-youtube91,0,2 bulan lalu,False,More scaremongering from the propaganda factory that is the sun,0,10,63,Top-level,Positive
UgxnkwEB7zbWrWgxTU54AaABAg,trump end,@Melanie-mq5sh,0,2 bulan lalu,False,trump end,0,2,9,Top-level,Neutral
Ugyz7NytTvbkQLwrxMB4AaABAg,"According to Trump, it’s Bidens fault.😅😂😂",@tufftimesbc,0,2 bulan lalu,False,"According to Trump, it’s Bidens fault.😅😂😂",0,6,41,Top-level,Neutral
UgyFpWhE21KTtrk3gzV4AaABAg,Fake News,@sunilthejoker3153,0,2 bulan lalu,False,Fake News,0,2,9,Top-level,Negative
UgzHAcI1lo7Y0CEXb8x4AaABAg,Nice fake globe. Hahahah space is fake i have recorded the firmament and now two people have recorded the firmament,@truthflatearth,0,2 bulan lalu,False,Nice fake globe. Hahahah space is fake i have recorded the firmament and now two people have recorded the firmament,0,20,115,Top-level,Negative
UgzusnxgVS_OuuzfR254AaABAg,"BBC are the biggest doom merchants going around, horrendous outfit",@HerefordRich,0,2 bulan lalu,False,"BBC are the biggest doom merchants going around, horrendous outfit",0,10,66,Top-level,Neutral
UgyCfgSKhcKcQO0A5SZ4AaABAg,Global warming is now officially a scam so they bring this bullshit 😂🤷‍♂️,@JaspervandenHoek-k9v,0,2 bulan lalu,False,Global warming is now officially a scam so they bring this bullshit 😂🤷‍♂️,0,13,73,Top-level,Neutral
UgwqiShV4uWy9r9e4Gt4AaABAg,More fear mongering. They say it will be similar to one we had in 1997 already and its based on some models. I asked ai and even ai said to be take everything with a grain of salt because the models they uses are often wrong,@jamescooke7243,0,2 bulan lalu (diedit),False,More fear mongering. They say it will be similar to one we had in 1997 already and its based on some models. I asked ai and even ai said to be take everything with a grain of salt because the models they uses are often wrong,0,46,224,Top-level,Neutral
UgxyciZc5sbK2RXfQaB4AaABAg,nobody cares about this nonsense,@tipfi92,0,2 bulan lalu,False,nobody cares about this nonsense,0,5,32,Top-level,Neutral
Ugw0B1oEsu5stEiP05l4AaABAg,Weather manipulation to create  a super  El Niño is  not cool. Then they blame it on cow farts 😂 trust the narrative.,@sky-rama,1,2 bulan lalu (diedit),False,Weather manipulation to create a super El Niño is not cool. Then they blame it on cow farts 😂 trust the narrative.,1,22,114,Top-level,Neutral
Ugx_HXXgkwdwqRNebuB4AaABAg,You are fake news,@zekaizer3074,0,2 bulan lalu,False,You are fake news,0,4,17,Top-level,Negative
UgyEbLks7QnmA0LO_QV4AaABAg,"What a load of trollop , we never heard of this crap years ago🤔🤣🤣🤣🤣its called weather change.",@Hammertime054,0,2 bulan lalu,False,"What a load of trollop , we never heard of this crap years ago🤔🤣🤣🤣🤣its called weather change.",0,17,93,Top-level,Negative
UgyViby6qu1f4mvpPER4AaABAg,"Let me guess, fossil fuels is at fault? 😂",@carlhuckin6822,0,2 bulan lalu,False,"Let me guess, fossil fuels is at fault? 😂",0,9,41,Top-level,Neutral
UgyBKsAPif2T77M5Jp14AaABAg,🤣🤣🤣🤣🤣🤣🤣🤣🤣🤣🤣🤣🤣🤣🤣🤣🤣🤣🤣🤣🤣🤣,@richardmacdonald8637,0,2 bulan lalu,False,🤣🤣🤣🤣🤣🤣🤣🤣🤣🤣🤣🤣🤣🤣🤣🤣🤣🤣🤣🤣🤣🤣,0,1,22,Top-level,Neutral
Ugz8hyxlZt0tfKgKPdt4AaABAg,"Considering all the negative  Global Events  ( political & natural , etc.) ....  the probability of this  El  Nieo  fufilling  REVELATION  chapter  6 verse  8 are very good .

JOHN 3 : 14 - 21 is our only HOPE  .",@obbiebeal3060,0,1 bulan lalu,False,"Considering all the negative Global Events ( political & natural , etc.) .... the probability of this El Nieo fufilling REVELATION chapter 6 verse 8 are very good . JOHN 3 : 14 - 21 is our only HOPE .",0,40,200,Top-level,Positive
UgzE4DAfXVXzZkyl7ER4AaABAg,IT IS MOST ALARMING. RAISE TAXES TO PUNISH SOMEBODY IMMEDIATELY. HOPEFULLY BBC JOURNALISTS.,@Bruce-v3v,0,1 bulan lalu,False,IT IS MOST ALARMING. RAISE TAXES TO PUNISH SOMEBODY IMMEDIATELY. HOPEFULLY BBC JOURNALISTS.,0,13,91,Top-level,Positive
Ugz9KUHbQ_Urwhbwx9Z4AaABAg,BBC   Bullshit Broadcasting Corporation,@claudiojunior9618,0,2 bulan lalu,False,BBC Bullshit Broadcasting Corporation,0,4,37,Top-level,Neutral
UgyViby6qu1f4mvpPER4AaABAg.AX4CuefUIUcAX51X7-Vefn,"Part of it, but yea 😼",@Smellslikecheesefrfr,0,2 bulan lalu,True,"Part of it, but yea 😼",0,6,21,Reply,Neutral
UgwVGBUmcQf5RwKHLMx4AaABAg,"In my respective opinion, I believe that it is caused by nature who may have been solely responsible for climate change.",@OfficialCallumPrecious,0,2 bulan lalu,False,"In my respective opinion, I believe that it is caused by nature who may have been solely responsible for climate change.",0,21,120,Top-level,Positive
UgznY6VFRZhxbjeNQj14AaABAg,"your hair is on fire! there is little evidence of a super duper, adjusted enso predicts average el nono effect and so far there is no second kelvin wave to increase warm water upwelling. THIS IS REALLY THE TRUSTE BBC THROWING BULLSHIT FEAR MONGERING IN OUR FACES WITHOUT OFFERING ANY  SCIENTIFIC REASONING? SHAME ON YOU FOR THIS PATHETIC AND FAKE FEAR MONGERING HYPE !",@woodyfields6041,0,2 bulan lalu,False,"your hair is on fire! there is little evidence of a super duper, adjusted enso predicts average el nono effect and so far there is no second kelvin wave to increase warm water upwelling. THIS IS REALLY THE TRUSTE BBC THROWING BULLSHIT FEAR MONGERING IN OUR FACES WITHOUT OFFERING ANY SCIENTIFIC REASONING? SHAME ON YOU FOR THIS PATHETIC AND FAKE FEAR MONGERING HYPE !",0,64,367,Top-level,Negative
UgzWLH_GHX0ghVCvTGV4AaABAg,lol this fear mongering doesn’t work on me fake news bbc,@jacobmclaren6625,0,2 bulan lalu,False,lol this fear mongering doesn’t work on me fake news bbc,0,11,56,Top-level,Positive
UgwThvbTnVWYcVShK1p4AaABAg,What if its China's doing cause they're roaming around in the Pacific Ocean for so long,@akumayin3350,0,2 bulan lalu,False,What if its China's doing cause they're roaming around in the Pacific Ocean for so long,0,16,87,Top-level,Neutral
UgxbB2kXPIJCPSwtpqB4AaABAg,In all broadcast journalism now the dress code for white men is to be unshaven and wear a crappy unbuttoned shirt.,@mixemyth,0,2 bulan lalu,False,In all broadcast journalism now the dress code for white men is to be unshaven and wear a crappy unbuttoned shirt.,0,21,114,Top-level,Neutral
UgzcKjAJRnYv_8uabfl4AaABAg,How about you stop trying to spread fear with BS like this?,@frasergibson5763,0,2 bulan lalu,False,How about you stop trying to spread fear with BS like this?,0,12,59,Top-level,Neutral
UgxgiRM5dDxbVv3MRcV4AaABAg,BBC so it must be 💩,@megadollardog,0,2 bulan lalu,False,BBC so it must be 💩,0,6,19,Top-level,Neutral
UgyyOT5Tr62sBBdVzr54AaABAg,Another new El Nino been found. THE TRUMP NINO OUTBREAK!😂😂,@nobodynoonenowhere5609,0,2 bulan lalu,False,Another new El Nino been found. THE TRUMP NINO OUTBREAK!😂😂,0,10,58,Top-level,Positive
UgzY4YpArjx6jyqsoMB4AaABAg,"More b.s. scare tactics. 
Earth is just going threw its air conditioning cycles.just normal stuff.",@tundahking,0,2 bulan lalu,False,More b.s. scare tactics. Earth is just going threw its air conditioning cycles.just normal stuff.,0,15,97,Top-level,Positive
Ugz0BFbcMTWX16r8C354AaABAg,F@ck.... we are all gonna die....,@peterl3463,0,2 bulan lalu,False,F@ck.... we are all gonna die....,0,6,33,Top-level,Neutral
Ugyn13f8csW7Bxy_AQp4AaABAg,Now leftist media and politicians will blame Modi for this El Niño 😂😂,@awarilokesh9325,0,2 bulan lalu,False,Now leftist media and politicians will blame Modi for this El Niño 😂😂,0,13,69,Top-level,Neutral
Ugw2YAptrsCrAoRsp894AaABAg,Another CIA esptein gang project! Iran wiped out CIA climate control centres now iraq iran turkey pakistan have rains in summer,@JAQ1988,0,2 bulan lalu,False,Another CIA esptein gang project! Iran wiped out CIA climate control centres now iraq iran turkey pakistan have rains in summer,0,21,127,Top-level,Neutral
Ugx4MuMtiv26Qs3J7mF4AaABAg,Its nothing to do with global warming too many prophecies coming true why not just say jesus is coming back,@Nathan-qv7wz,0,2 bulan lalu,False,Its nothing to do with global warming too many prophecies coming true why not just say jesus is coming back,0,20,107,Top-level,Positive
UgzpA6doHWolhuj0Jit4AaABAg,Bullshit,@Jo-mb9ze,0,2 bulan lalu,False,Bullshit,0,1,8,Top-level,Neutral
Ugz5R8DVNWI1cDuz9O54AaABAg,BBC is running propaganda for the globalist overlords that orchestrated a multifaceted global collapse.,@jesterclownmime,0,2 bulan lalu,False,BBC is running propaganda for the globalist overlords that orchestrated a multifaceted global collapse.,0,14,103,Top-level,Neutral
Ugyq_7DMWwvrEgPIPY14AaABAg,"LAST DAYS COMES JESUS AND LORD BUDDHA SAID THERE ARE LOTS OF DESASTERS HAPPEN. NOT ONLY EVEN DISEASS, FEMINN, VIORESS, WAR AGAINST EACH OTHER AND THE RIVER THAT FLOOWS WILL STOP FORA WHILE SO I SUPPOSE IS THERE ANY CRACK TAKE PLACE UNDER THE OCEAN? I KNOW I READ
ARTICAL IN OUR PAPER DAILY NEWS SAYING SOME THING ABOU THIS CRACKING.HOPE ALL DO WELL AND KEEP MY EYE ON THE BBC NEWS. 
THANK YOU!",@Fredrickshedden,0,1 bulan lalu,False,"LAST DAYS COMES JESUS AND LORD BUDDHA SAID THERE ARE LOTS OF DESASTERS HAPPEN. NOT ONLY EVEN DISEASS, FEMINN, VIORESS, WAR AGAINST EACH OTHER AND THE RIVER THAT FLOOWS WILL STOP FORA WHILE SO I SUPPOSE IS THERE ANY CRACK TAKE PLACE UNDER THE OCEAN? I KNOW I READ ARTICAL IN OUR PAPER DAILY NEWS SAYING SOME THING ABOU THIS CRACKING.HOPE ALL DO WELL AND KEEP MY EYE ON THE BBC NEWS. THANK YOU!",0,74,392,Top-level,Neutral
UgztFHLN5YpSqQ_Wd2B4AaABAg,All the hands-flapping (Penguin Syndrome) is very distracting. Narrators should sit on their hands.,@Classical376,0,2 bulan lalu,False,All the hands-flapping (Penguin Syndrome) is very distracting. Narrators should sit on their hands.,0,14,99,Top-level,Positive
Ugy-lWJqRHjmOOf83gJ4AaABAg,It's the BBC being paranoid again...let's scare everyone....,@lynnalborough9672,0,2 bulan lalu,False,It's the BBC being paranoid again...let's scare everyone....,0,8,60,Top-level,Neutral
Ugw1HuzT-nyEsHRDc694AaABAg,El bullshidoh…,@FunKFaraoh-y7p,0,1 bulan lalu,False,El bullshidoh…,0,2,14,Top-level,Neutral
UgyE-ouzmILam1PTlgJ4AaABAg,BBC News 😂😂😂,@Eric-pe2vf,0,2 bulan lalu,False,BBC News 😂😂😂,0,3,12,Top-level,Neutral
Ugzhb9qFDUbBj_rZazF4AaABAg,"more scaremongering crap. When are you normies going to waka up and stop watching this nonsense- get ready to pay even more for food guys... it's a war in Ukraine... War in Iran, El Nino.... excuse after excuse",@slimysi99,0,2 bulan lalu,False,"more scaremongering crap. When are you normies going to waka up and stop watching this nonsense- get ready to pay even more for food guys... it's a war in Ukraine... War in Iran, El Nino.... excuse after excuse",0,38,210,Top-level,Neutral
UgzQgZGQfCUBkRLBNX94AaABAg,El Bullshit.,@AnthonyTownsend-d4h,0,1 bulan lalu,False,El Bullshit.,0,2,12,Top-level,Neutral
UgxvHxaIZl85oMwyatV4AaABAg,The usual nut zero doom mongering. I will be able to grow grapes and bananas in the north of England what’s not to like? 😂,@johnnyboy1014,0,2 bulan lalu (diedit),False,The usual nut zero doom mongering. I will be able to grow grapes and bananas in the north of England what’s not to like? 😂,0,25,122,Top-level,Positive
